# ************************************************************
# Sequel Pro SQL dump
# Version 4541
#
# http://www.sequelpro.com/
# https://github.com/sequelpro/sequelpro
#
# Host: localhost (MySQL 5.5.42)
# Database: shinhowebsite
# Generation Time: 2017-12-20 10:27:02 +0000
# ************************************************************


/*!40101 SET @OLD_CHARACTER_SET_CLIENT=@@CHARACTER_SET_CLIENT */;
/*!40101 SET @OLD_CHARACTER_SET_RESULTS=@@CHARACTER_SET_RESULTS */;
/*!40101 SET @OLD_COLLATION_CONNECTION=@@COLLATION_CONNECTION */;
/*!40101 SET NAMES utf8 */;
/*!40014 SET @OLD_FOREIGN_KEY_CHECKS=@@FOREIGN_KEY_CHECKS, FOREIGN_KEY_CHECKS=0 */;
/*!40101 SET @OLD_SQL_MODE=@@SQL_MODE, SQL_MODE='NO_AUTO_VALUE_ON_ZERO' */;
/*!40111 SET @OLD_SQL_NOTES=@@SQL_NOTES, SQL_NOTES=0 */;


# Dump of table about
# ------------------------------------------------------------

DROP TABLE IF EXISTS `about`;

CREATE TABLE `about` (
  `thisid` int(11) NOT NULL AUTO_INCREMENT,
  `thistitle` varchar(50) COLLATE utf8_unicode_ci NOT NULL,
  `thispicp` varchar(100) COLLATE utf8_unicode_ci NOT NULL,
  `thispicm` varchar(100) COLLATE utf8_unicode_ci NOT NULL,
  PRIMARY KEY (`thisid`)
) ENGINE=InnoDB DEFAULT CHARSET=utf8 COLLATE=utf8_unicode_ci;

LOCK TABLES `about` WRITE;
/*!40000 ALTER TABLE `about` DISABLE KEYS */;

INSERT INTO `about` (`thisid`, `thistitle`, `thispicp`, `thispicm`)
VALUES
	(1,'欣和历史','19547414068.jpg','19547414146.jpg'),
	(2,'欣和关注','19547401601.jpg','19547401731.jpg'),
	(3,'社会责任','19551891879.jpg','19551891970.jpg');

/*!40000 ALTER TABLE `about` ENABLE KEYS */;
UNLOCK TABLES;


# Dump of table admin
# ------------------------------------------------------------

DROP TABLE IF EXISTS `admin`;

CREATE TABLE `admin` (
  `userid` int(11) NOT NULL AUTO_INCREMENT,
  `username` varchar(20) CHARACTER SET utf8 COLLATE utf8_bin NOT NULL,
  `password` varchar(20) CHARACTER SET utf8 COLLATE utf8_bin NOT NULL,
  `isopen` tinyint(4) DEFAULT '0',
  `issuper` tinyint(4) DEFAULT '0',
  `dateadd` timestamp NULL DEFAULT NULL ON UPDATE CURRENT_TIMESTAMP,
  `creator` varchar(40) CHARACTER SET utf8 COLLATE utf8_bin NOT NULL,
  `email` varchar(200) DEFAULT NULL,
  PRIMARY KEY (`userid`),
  UNIQUE KEY `userid_UNIQUE` (`userid`)
) ENGINE=InnoDB DEFAULT CHARSET=utf8;

LOCK TABLES `admin` WRITE;
/*!40000 ALTER TABLE `admin` DISABLE KEYS */;

INSERT INTO `admin` (`userid`, `username`, `password`, `isopen`, `issuper`, `dateadd`, `creator`, `email`)
VALUES
	(1,X'797368656E',X'797936313631',1,1,'2014-11-06 04:15:52',X'',NULL),
	(2,X'746573746572',X'746573746572',1,0,'2014-11-06 22:24:48',X'31','tester@gmail.com'),
	(3,X'61646D696E',X'7368696E686F32303137',1,0,'2017-01-18 20:39:31',X'32','heather.cheng@archex.co'),
	(8,X'6B617465',X'6B6174656B617465',1,0,NULL,X'32','kate2000@gmail.com'),
	(14,X'646F6E6768616E7A686F6E67',X'53683230313730323130',1,0,'2017-02-12 02:35:07',X'33','donghanzhong@shinho.net.cn '),
	(15,X'7A616E67687561696D696E',X'313233343536313233343536',1,0,'2017-06-22 16:15:34',X'33','zanghuaimin@shinho.net.cn'),
	(16,X'78696E7368756169',X'53683230313730323130',1,0,NULL,X'33','xinshuai@shinho.net.cn'),
	(19,X'53756D6D6572',X'3037323630373236',1,0,NULL,X'32','summer.wph@outlook.com'),
	(20,X'636869796F6E67626F',X'313233343536',1,0,'2017-06-30 16:09:19',X'33','chiyongbo@shinho.net.cn'),
	(21,X'74696E6774696E67',X'7A68616E6774696E6774696E67',1,0,'2017-08-31 14:25:20',X'33','zhangtingting@shinho.net.cn'),
	(22,X'6C69757A68616F6B7569',X'313233343536',1,0,NULL,X'33','liuzhaokui@shinho.net.cn'),
	(23,X'73696C766961',X'73696C766961',1,0,NULL,X'33','silvia.hsieh@archex.co'),
	(24,X'6C69756A6965',X'6C69756A6965',1,0,NULL,X'3231','liujie@shinho.net.cn'),
	(25,X'626963616970696E67',X'626963616970696E67',1,0,NULL,X'3231','bicaiping@shinho.net.cn');

/*!40000 ALTER TABLE `admin` ENABLE KEYS */;
UNLOCK TABLES;


# Dump of table area
# ------------------------------------------------------------

DROP TABLE IF EXISTS `area`;

CREATE TABLE `area` (
  `thisid` int(11) NOT NULL AUTO_INCREMENT,
  `thisname` varchar(300) NOT NULL,
  `isopen` tinyint(1) NOT NULL DEFAULT '0',
  PRIMARY KEY (`thisid`)
) ENGINE=MyISAM DEFAULT CHARSET=utf8;

LOCK TABLES `area` WRITE;
/*!40000 ALTER TABLE `area` DISABLE KEYS */;

INSERT INTO `area` (`thisid`, `thisname`, `isopen`)
VALUES
	(1,'哈爾濱',0),
	(2,'烏魯木齊',0),
	(3,'長沙',0);

/*!40000 ALTER TABLE `area` ENABLE KEYS */;
UNLOCK TABLES;


# Dump of table bdlink
# ------------------------------------------------------------

DROP TABLE IF EXISTS `bdlink`;

CREATE TABLE `bdlink` (
  `thisid` int(11) NOT NULL AUTO_INCREMENT,
  `brandid` int(11) NOT NULL,
  `dishid` int(11) NOT NULL,
  `isopen` tinyint(4) NOT NULL DEFAULT '1',
  PRIMARY KEY (`thisid`)
) ENGINE=InnoDB DEFAULT CHARSET=utf8;

LOCK TABLES `bdlink` WRITE;
/*!40000 ALTER TABLE `bdlink` DISABLE KEYS */;

INSERT INTO `bdlink` (`thisid`, `brandid`, `dishid`, `isopen`)
VALUES
	(5,1,4,1),
	(20,1,13,1),
	(21,1,14,1),
	(22,1,15,1),
	(24,1,17,1),
	(28,1,20,1),
	(29,1,21,1),
	(30,1,23,1),
	(31,1,24,1),
	(33,1,1,1),
	(34,1,2,1),
	(35,1,3,1),
	(36,1,5,1),
	(37,1,16,1),
	(38,1,6,1),
	(40,1,7,1),
	(41,1,19,1),
	(42,1,8,1),
	(43,1,18,1),
	(44,1,22,1),
	(45,1,9,1),
	(46,1,10,1),
	(47,1,11,1),
	(48,1,12,1),
	(50,1,25,1),
	(52,1,26,1),
	(54,1,27,1),
	(56,1,28,1),
	(59,1,29,1),
	(61,1,30,1),
	(63,1,31,1),
	(66,1,32,1),
	(69,1,33,1),
	(71,1,34,1),
	(73,1,35,1),
	(75,1,36,1),
	(78,1,37,1),
	(81,1,38,1),
	(84,1,39,1),
	(107,1,43,1),
	(108,1,44,1),
	(109,16,45,1),
	(110,1,45,1),
	(112,1,47,1),
	(114,1,48,1),
	(117,1,49,1),
	(118,2,49,1),
	(122,16,50,1),
	(124,16,51,1),
	(132,16,55,1),
	(136,16,56,1),
	(137,1,56,1),
	(138,3,56,1),
	(143,16,58,1),
	(144,1,58,1),
	(145,1,54,1),
	(148,16,53,1),
	(149,1,53,1),
	(154,1,40,1),
	(155,18,40,1),
	(184,16,46,0),
	(185,1,46,0),
	(186,2,46,0),
	(187,18,52,1),
	(188,2,52,1),
	(189,2,59,1),
	(203,2,68,1),
	(205,2,69,1),
	(206,2,60,1),
	(208,2,61,1),
	(209,2,62,1),
	(210,2,63,1),
	(212,2,64,1),
	(213,2,65,1),
	(214,2,66,1),
	(216,2,67,1),
	(218,16,57,1),
	(224,2,72,1),
	(229,1,41,1),
	(230,2,41,1),
	(231,2,73,1),
	(232,2,71,1),
	(233,2,70,1),
	(234,3,42,1),
	(235,16,42,1),
	(236,20,42,1),
	(238,16,74,1),
	(240,18,75,1);

/*!40000 ALTER TABLE `bdlink` ENABLE KEYS */;
UNLOCK TABLES;


# Dump of table brand
# ------------------------------------------------------------

DROP TABLE IF EXISTS `brand`;

CREATE TABLE `brand` (
  `thisid` int(11) NOT NULL AUTO_INCREMENT,
  `thisname` varchar(50) NOT NULL,
  `thiscontact` varchar(300) DEFAULT NULL,
  `isopen` tinyint(1) DEFAULT '0',
  `sorting` int(11) DEFAULT NULL,
  PRIMARY KEY (`thisid`)
) ENGINE=MyISAM DEFAULT CHARSET=utf8;



# Dump of table brandnew
# ------------------------------------------------------------

DROP TABLE IF EXISTS `brandnew`;

CREATE TABLE `brandnew` (
  `thisid` int(11) NOT NULL AUTO_INCREMENT,
  `thisname` varchar(100) DEFAULT NULL,
  `thiseng` varchar(100) DEFAULT NULL,
  `thislogo1` varchar(30) DEFAULT NULL,
  `thislogo2` varchar(30) DEFAULT NULL,
  `thisintitle` varchar(50) DEFAULT NULL,
  `thisintro` varchar(1000) DEFAULT NULL,
  `thispicp` varchar(30) DEFAULT NULL,
  `thispicm` varchar(30) DEFAULT NULL,
  `thispicin1` varchar(30) DEFAULT NULL,
  `thispicin2` varchar(30) DEFAULT NULL,
  `thispicin3` varchar(30) DEFAULT NULL,
  `thispicin4` varchar(30) DEFAULT NULL,
  `thispicf` varchar(30) DEFAULT NULL,
  `thisfintro` varchar(200) DEFAULT NULL,
  `thiseintro` varchar(600) DEFAULT NULL,
  `thispicep` varchar(30) DEFAULT NULL,
  `thispicem` varchar(30) DEFAULT NULL,
  `dateadd` timestamp NOT NULL DEFAULT CURRENT_TIMESTAMP,
  `dateupdate` datetime DEFAULT NULL,
  `isopen` tinyint(4) NOT NULL DEFAULT '0',
  `sorting` int(10) DEFAULT NULL,
  PRIMARY KEY (`thisid`)
) ENGINE=InnoDB DEFAULT CHARSET=utf8;

LOCK TABLES `brandnew` WRITE;
/*!40000 ALTER TABLE `brandnew` DISABLE KEYS */;

INSERT INTO `brandnew` (`thisid`, `thisname`, `thiseng`, `thislogo1`, `thislogo2`, `thisintitle`, `thisintro`, `thispicp`, `thispicm`, `thispicin1`, `thispicin2`, `thispicin3`, `thispicin4`, `thispicf`, `thisfintro`, `thiseintro`, `thispicep`, `thispicem`, `dateadd`, `dateupdate`, `isopen`, `sorting`)
VALUES
	(1,'六月鲜','liuyuexian','19348665557.png','19631786733.png','六月鲜，六月，不只是时间','六月鲜品牌创造于 2003 年，酿造是一个微生物发酵生长的过程，看似普通，实则微妙，其灵魂所在便是时间的长短。在国内酱油行业还没有酿造期的说法时，怀抱着对酱油风味最崇高的敬意，欣和人执着地寻找最好的自然原料，用最顶级的技术来维持自然的品质，并将不同酿造期的酱油对比，终于发现，六个月的酿造期，此时酱油的味道、香气、色泽都达到最极致的状态。六月鲜，以执着的精神，为每一位用心生活的人，奉上最好的敬意。','19348671381.jpg','19348671485.jpg','19348676997.jpg','19348677166.jpg','19348677322.jpg','19456446204.jpg','19637036653.png','六月鲜品牌，创于 2003 年，由坚持六个月足期发酵而得名，是欣和旗下专注生产高端酱油的品牌。','六月鲜品牌倡导的是一种专注的态度，这种态度源自品牌本身的坚持。专注是一种信念，也是一种坚持。\n\n六月鲜最了解具备专注的女性白领群体的饮食需求。倡导健康的吃，有意念的吃，通过有选择的吃，来让自己的身体更健康，更好的保护土地和环境。快节奏的工作压力下却能专注到游刃有余，精彩的生活中，时常用讲究食物来链接朋友和家人间的情感，这就是六月鲜记录下的每一位女性白领专注的工作以及专注的生活。','19348687605.jpg','19348687982.jpg','2017-03-02 06:17:03','2017-11-13 10:48:18',1,6),
	(2,'醯官醋','xiguancu','19383343941.png','19631813123.png','美无添加，泡醋喝吧','醯（xi）官品牌创建于 2012 年，是欣和企业旗下专业高端酿造醋品牌。醯官是古代酿醋的官员，我们以醯官之名用心酿醋。醯官原浆醋，100% 天然原料发酵，未添加，未过滤，未调和，保持着醋最原始发酵的状态。醯官原浆醋，除了可以作为厨房高端调味品之外，醯官还创新式的掀起了国内「养颜醋饮」的风潮，用醯官原浆醋泡制的各种水果，不仅味美，而且健康养颜。醯官是属于美丽女人的醋，属于美丽生活的醋。美人儿们，为了一辈子的美丽，一起泡醋喝吧。','19383352755.jpg','19383352846.jpg','19383353067.jpg','19383353158.jpg','19383353236.jpg','19456475623.jpg','19630476554.png','致力于打造时尚健康饮用醋 100% 天然原料发酵，未添加未过滤未调和，倡导 DIY 水果泡醋，喝出最美的自己。','平凡世界里，何以构成我们每天充实而美好的生活？或许答案就是一个个微小而确实的幸福，在不经意间击中内心的柔软，为简单的快乐而感动，就像与醯官泡醋相遇的生活。柠檬的酸涩遇上醯官醋后的沁人心脾，草莓的娇嫩遇上醯官醋后的清新宜人。还有，她会中和葡萄的忧郁，菠萝的张扬，她会凸显甜橙的可爱，香蕉的柔软，无添加的一瓶醯官醋，不只是还原古代酿醋的味道，不想仅作为一剂调味料，更是你我生活的幸福滋味。','19383376584.jpg','19383376662.jpg','2017-04-02 02:37:12','2017-11-08 19:11:15',1,5),
	(3,'葱伴侣','congbanlv','19443056425.png','19631603693.png','用心酿造，醇正酱香','葱伴侣 （congbanlv） 创于 1994 年，由山东人大葱蘸酱饮食习惯而得名，是欣和旗下专注于酿造酱的品牌。 葱伴侣，一直秉持做最高品质原酿酱的信念，温古知新，相继推出豆瓣酱、甜面酱、黄豆酱、 时蔬蘸酱等主要产品系列，打造原酿酱饮食潮流与高品质品牌体验，成为原酿健康新食尚。','19443060221.jpg','19443060312.jpg','19446321141.jpg','19446321336.jpg','19443061157.jpg','19456477157.jpg','19443067059.png','葱伴侣，秉持做最高品质原酿酱的信念，坚持足期发酵的醇正酱香，引领原酿酱健康新时尚。','葱伴侣品牌倡导的是原酿健康的饮食态度，这种态度源于品牌自身的传承，20 多年来坚持原酿工艺，做专业的原酿酱品牌。 \n\n孔子曰：「不得其酱不食」，葱伴侣传承千年酱文化，发扬原酿工艺，融合现代生物科技，温故知新，经足期发酵，酿造出酱香浓郁、美味醇厚的原酿酱，并且在口味上不断创新，蘸食、热烹、煲汤，是健康、美味饮食的首选，多元的口味深受消费者的青睐。','19444128366.jpg','19444128496.jpg','2017-05-25 06:09:06','2017-11-08 14:42:45',1,10),
	(16,'味达美','weidamei','19446331684.png','19631608555.png','知味 • 山东，让味 • 达美','味达美（weidamei），创于 1998 年，是欣和旗下致力于使能厨师的专业服务品牌，旗下所有产品均和专业名厨联合开发。\n\n味达美就是厨师，\n味达美 - 助力有信念、改变世界的厨师的成长；\n味达美 - 满足有改变世界信念的厨师的需求开发产品；\n味达美 - 携手名店主厨共同开发新品；\n味达美 - 品牌推广都是根据名店名厨的名菜进行推广。\n\n味达美产品分为基础调味品系列和复合调料汁系列。','19446341070.jpg','19446342201.jpg','19446345698.jpg','19446345880.jpg','19456469058.jpg','19456467589.jpg','19446347050.png','味达美创于 1998 年是欣和旗下致力于使能厨师的专业服务品牌，旗下产品均和专业名厨联合开发。','味达美是一个因厨师而诞生的品牌，每一款产品都有专业名店主厨共同参与开发，味达美 EC 活动因味达美品牌而诞生，目的是找到可以与欣和一起改变世界，推动健康生活新浪潮，树立行业新标杆，赢得全球家庭的信赖的中餐厨师；为他们提供舞台，让他们从后厨走向前台，满足他们所有与烹饪相关的需求，助力有信念的，致力改变世界的厨师，通过他们去影响热爱烹饪，热爱美食的消费者。','19446397191.jpg','19446397334.jpg','2017-05-28 04:29:00','2017-11-08 14:49:02',1,9),
	(17,'欣和','shinho',NULL,NULL,NULL,NULL,NULL,NULL,NULL,NULL,NULL,NULL,NULL,NULL,NULL,NULL,NULL,'2017-05-28 12:11:39',NULL,0,NULL),
	(18,'禾然有机','heranyouji','19464359694.png','19631785082.png','自然生活的艺术','禾然有机创立于 2002 年，作为中国第一个有机调味品品牌，秉持一份善待自然的信念与责任，倡导有爱有心意的品牌主张；\n禾然 HONA 取自英文 House Of Natural Art 的首字母，释义为自然生活的艺术，Logo 颜色代表了春夏秋冬，中间的圆是古文字的天，意为遵循自然规律，师法自然万物共美的品牌意涵。而禾然有机，体现的就是一种可持续的健康生活方法，从衣食住行到心灵层面，朴素且有责任的美好生活态度。','19464361852.jpg','19464361917.jpg','19464365024.jpg','19464365102.jpg','19464365167.jpg','19464365232.jpg','19464365414.png','创于 2002 年，由倡导乐活，可持续的生活理念而得名，是欣和旗下专注于生产全线有机厨房调味品系列的品牌。','吃什么，你就是什么——希波克拉底\n\n食物是人类与外界进行物质交换最主要的渠道，也是我们感知自然世界的方式；\n饮食方式不仅为我们的身体带来健康，同时也能够给地球带来好处，选择新鲜的植物性有机食物，我们可以节约更多的水和能源，污染更少的环境。饮食还决定了我们以怎样的态度与这个世界相处。禾然有机倡导味之乐、食之艺、养之道的食养艺术，让有机的理念与方式，浸润从饮食到生活的每一个方面，充分享受生活滋味的艺术。','19464385148.jpg','19464385239.jpg','2017-06-12 17:14:42','2017-11-13 09:18:20',1,7),
	(19,'遵循自然','zunxunziran','19465409041.png','19631791478.png','原酿 0 添加高品质','遵循自然品牌创于 2012 年，得名于老子“人法地、地法天、天法道、道法自然”，遵循自然，传承千年酿造文化，原生态呈现酱油的色香味，犹如山川河海、万物生生不息的自然生态，遵循自然之道，方能和谐共生。\n\n系列产品遵循自然之道，尊重食物源头，优选产品原料，0 添加，让您享受真正食物的真实味道。旗下遵循自然酱油，以每 100 mL 含有 12.5g 植物蛋白而成为酱油行业的技术创新领先者。\n','19465412187.jpg','19465412265.jpg','19465414358.jpg','19465414423.jpg','19465414488.jpg','19465414553.jpg','19465414774.png','创于 2012 年，系列产品遵自然之道，原酿系列回归万物本真，传承千年酿造文化，原生态呈现色香味。','“简烹” 五味  不时不食\n\n“简” 非省略，而是用心设计的经典。遵循自然倡导 “简烹” 理念，即利用无添加剂的调味品通过简约的烹饪方式，烹制天然食材，以享受食物的本源真味。“五味调和” 被国人视作调味的高境界，调味品的出现，是人类享受食物的开始，体现了中华民族饮食文化 “以养为目的，以味为核心” 的精髓。在烹饪方式上 “简” 体现在蘸、拌、焯、蒸、烤。','19465444986.jpg','19465451304.jpg','2017-06-13 15:49:53','2017-11-08 18:43:30',1,3),
	(20,'黄飞红','huangfeihong','19570788133.png','19631419275.png','功夫美味 自成一派','黄飞红是一个独立、直率、有主见的人，TA 时尚，爱玩酷、总是充满正能量！不走寻常路的 TA，将功夫与美食结合，专注麻辣 17 年，在麻辣界自称一派，享誉全球。\n说 TA 来，也是有故事的，2000 年欣和企业开发了蒜香辣酱产品，原料采用大豆和红辣椒。根据产品原料特点，大家集思广益想出了 “黄飞红” ：“黄” 是黄豆的黄，“红” 是红辣椒的红，组合起来又与电影中 “黄飞鸿” 谐音，读起来朗朗上口。于是，黄飞红品牌诞生了，香脆椒，麻辣花生等明星系列产品相继上市!','19570793918.jpg','19570794009.jpg','19570794542.jpg','19570794659.jpg','19570794750.jpg','19570794802.jpg','19570801874.png','黄飞红专注麻辣，将功夫与美食结合，是年轻人时尚玩酷、旅行的必备休闲食品。','黄飞红将功夫与美食相结合，在麻辣界自成一派，专注做麻辣专家，新麻辣主义的引领者。意在成为消费者生活当中无可取代的零食之一。真材实料、干脆、劲爽，让每个人可以吃的放心、吃的爽、吃的有活力。\n','19570805423.jpg','19570805501.jpg','2017-09-15 11:31:41','2017-11-08 10:46:20',1,8),
	(21,'醯子','xizi','19629194767.png','19631799928.png','让女人做更美的自己','创于2015年，取西子之音，也取醯子之意，美丽兼具智慧与勇气，是欣和旗下的高端饮用酵醋品牌。醯子酵醋，传统的酿醋工艺，融合花果酿造而成，让女人做更美的自己。醯子酵醋，是国内首个酵醋品牌，欣和最核心的发酵工艺是醯子酵醋系列产品品质的保证，利用多种混合果汁发酵而成的基础果醋，再与新鲜的花果及天然蜂蜜混合泡制而成，带有颗颗水果与朵朵鲜花的醯子酵醋，不仅健康，而且口味也相当美丽，是当代女性饮品的不二选择。','19629110176.jpg','19629112425.jpg','19623703333.jpg','19624648277.jpg','19623701136.jpg','19624660835.jpg','19611122089.png','创于2015年，取西子之音，也取醯子之意，美丽兼具智慧与勇气，是欣和旗下的高端饮用酵醋品牌。','无惧岁月留痕，享受时间沉淀的美好，用心体味，美丽持续发酵的奥秘，醯子美颜酵醋，做更美的自己。经历过热衷年轻外貌的青春时光，她们开始由内而外散发出独立成熟的知性之美，她们犹如旗袍，经历沉淀，含蓄优雅，她们懂得更好地享受生活，她们总是坚定地追求，做更美的自己，better beauty better me。','19611191405.jpg','19611190235.jpg','2017-09-27 15:20:21','2017-11-08 18:54:19',1,1),
	(41,'旭耕','xugeng','19584430073.png','19631806233.png','专注有机蔬果种植','专注于有机蔬果领域的旭耕，坚持以透明化方式为消费者呈现有机种植的真实过程。旭耕有机农场分别位于山东烟台和上海崇明，面积各近1000亩，并均于2016年获得国内有机认证证书。我们长期不断地改良土壤，摒弃任何化学农药、化肥、转基因技术等，只为将来自土地的颗颗心意，安心传递给每位消费者。','19584437002.jpg','19584437080.jpg','19584463353.jpg','19584463405.jpg','19584463483.jpg','19584443281.jpg','19627113948.png','坚持长期不断地改良土壤，摒弃任何化学农药、化肥、转基因技术等，只为自土地的颗颗心意传递给每位消费者。','我们不仅仅是在生产蔬菜、粮食，而是在关注人和土地、人和自然之间的关系，分享一种既有传承又面向未来的生活方式，这种生活方式，尽享与大自然和谐相处的愉悦，也尽享食物的美好体验。','19613407541.jpg','19613407632.jpg','2017-09-27 15:51:24','2017-11-08 19:02:29',1,2),
	(42,'有所思','yousuosi','19606633007.png','19631802463.png','Your sauce,My way.','创于2012年，由Your Sauce而得名，是欣和旗下专注于研发生产新奇饮食体验的复合酱料品牌。\n有所思，一个不懈追求新奇食感体验的复合调味品品牌，其产品开发的灵感均来自于当下年轻人挑剔的味蕾，奇幻无比的想象。潮流，融合，时尚，不代表没有品质，新奇的口味，欣和的品质，让有所思一面市，就成为年轻人的新宠。有所思，激发你对于美食的无限想象。\n','19600242753.jpg','19600243520.jpg','19600237059.jpg','19623867016.jpg','19623603103.jpg','19623601192.jpg','19600260589.png','创于2012年，由Your Sauce而得名，是欣和旗下专注于研发生产新奇饮食体验的复合酱料品牌。','潮流，融合，时尚，不代表没有品质，新奇的口味，欣和的品质，让有所思一面市，就成为年轻人的新宠。有所思，激发你对于美食的无限想象。\n','19623607042.jpg','19611172789.jpg','2017-10-11 17:01:21','2017-11-08 18:57:35',1,4),
	(43,'竹笙','zhusheng','19656091338.png','19656091429.png','倡导精致生活，专注日式调味','竹笙品牌成立于2005年，随着公司引入味噌产品，品牌孕育而生，旨在为国内消费者提供健康的发酵食品。\n“竹笙”，体现的是一种喜悦的、时尚的生活，在城市的喧嚣与躁动中回味过去；一种精致的、简约的生活方式，体现亲情、感恩，清新、喜悦、时尚。\n','19656101803.jpg','19656101959.jpg','19656102557.jpg','19656102622.jpg','19656102687.jpg','19656102752.jpg','19656103064.png','竹笙，因味噌而得名，不止于味噌；倡导简约便捷新生活。\n',NULL,NULL,NULL,'2017-11-30 10:12:14','2017-11-30 10:12:14',0,11);

/*!40000 ALTER TABLE `brandnew` ENABLE KEYS */;
UNLOCK TABLES;


# Dump of table cert
# ------------------------------------------------------------

DROP TABLE IF EXISTS `cert`;

CREATE TABLE `cert` (
  `thisid` int(11) NOT NULL AUTO_INCREMENT,
  `thisname` varchar(200) DEFAULT NULL,
  `dateadd` timestamp NOT NULL DEFAULT CURRENT_TIMESTAMP,
  `dateupdate` datetime DEFAULT NULL,
  PRIMARY KEY (`thisid`)
) ENGINE=InnoDB DEFAULT CHARSET=utf8;

LOCK TABLES `cert` WRITE;
/*!40000 ALTER TABLE `cert` DISABLE KEYS */;

INSERT INTO `cert` (`thisid`, `thisname`, `dateadd`, `dateupdate`)
VALUES
	(1,'ISO20021','2016-12-25 16:02:39',NULL),
	(2,'ISO23456','2016-12-25 16:02:43',NULL),
	(3,'ISO20099','2016-12-25 16:15:50',NULL),
	(4,'欧盟有机认证','2017-06-12 18:02:56',NULL);

/*!40000 ALTER TABLE `cert` ENABLE KEYS */;
UNLOCK TABLES;


# Dump of table degree
# ------------------------------------------------------------

DROP TABLE IF EXISTS `degree`;

CREATE TABLE `degree` (
  `thisid` int(11) NOT NULL AUTO_INCREMENT,
  `thisname` varchar(100) COLLATE utf8_unicode_ci NOT NULL,
  `isopen` tinyint(4) DEFAULT '0',
  PRIMARY KEY (`thisid`)
) ENGINE=InnoDB DEFAULT CHARSET=utf8 COLLATE=utf8_unicode_ci;

LOCK TABLES `degree` WRITE;
/*!40000 ALTER TABLE `degree` DISABLE KEYS */;

INSERT INTO `degree` (`thisid`, `thisname`, `isopen`)
VALUES
	(2,'高中/中技/中专 以上',1),
	(3,'大专 以上',1),
	(4,'本科 以上',1),
	(5,'硕士 以上',1),
	(6,'博士',1),
	(7,'不限',1);

/*!40000 ALTER TABLE `degree` ENABLE KEYS */;
UNLOCK TABLES;


# Dump of table dish
# ------------------------------------------------------------

DROP TABLE IF EXISTS `dish`;

CREATE TABLE `dish` (
  `thisid` int(11) NOT NULL AUTO_INCREMENT,
  `thisname` varchar(100) DEFAULT NULL,
  `thistitle` varchar(100) DEFAULT NULL,
  `thisintro` varchar(500) DEFAULT NULL,
  `thispic` varchar(30) DEFAULT NULL,
  `thispic2` varchar(30) DEFAULT NULL,
  `thispicp` varchar(30) DEFAULT NULL,
  `thispicm` varchar(30) DEFAULT NULL,
  `thispush` varchar(500) DEFAULT NULL,
  `thispicpu` varchar(30) DEFAULT NULL,
  `collect` int(10) DEFAULT '0',
  `thiscount` int(11) NOT NULL DEFAULT '0',
  `dateadd` timestamp NOT NULL DEFAULT CURRENT_TIMESTAMP,
  `dateupdate` datetime DEFAULT NULL,
  `isopen` tinyint(4) NOT NULL DEFAULT '0',
  PRIMARY KEY (`thisid`)
) ENGINE=InnoDB DEFAULT CHARSET=utf8;

LOCK TABLES `dish` WRITE;
/*!40000 ALTER TABLE `dish` DISABLE KEYS */;

INSERT INTO `dish` (`thisid`, `thisname`, `thistitle`, `thisintro`, `thispic`, `thispic2`, `thispicp`, `thispicm`, `thispush`, `thispicpu`, `collect`, `thiscount`, `dateadd`, `dateupdate`, `isopen`)
VALUES
	(1,'烤鹅','不一样的用心，烹出专属味道','在外求学时，常常参加各种 Party，餐桌上的烤鹅总是我的最爱。但是做一道美味的烤鹅，并不是一件简单的事情。一点茴香籽、一点辣椒、一点丁香、一点六月鲜酱油，精心调制的 香辛料，一升鸡高汤、少许钵酒熬制汤汁，均匀的涂在鹅的表面，晾干，再涂香料，多次重复，虽然没有大师的手艺，但是用心制作的过程，是专属的味道。','19349848375.jpg','19349863039.jpg','19349857189.jpg','19349857436.jpg',NULL,NULL,0,0,'2017-03-03 07:36:47','2017-06-01 13:41:38',1),
	(2,'南瓜汤','早安，一天从一杯南瓜汤开始','一直都很喜欢吃南瓜，这个平凡的食材不仅美味，还有很高的营养价值。蒸南瓜包、炸南瓜饼、炖南瓜汤，多样的做法演绎同样的香甜。最近家中厨房新进一搅拌机，让我的南瓜又有了新花样，将南瓜打成细腻的糊状，淋上准备好的配料，清晨醒来喝上一杯，香甜软腻的口感，让忙碌的一整天都被温暖着。','19381276291.jpg','19381273613.jpg','19381275732.jpg','19381275849.jpg',NULL,NULL,0,0,'2017-03-31 05:50:12','2017-06-01 13:44:32',1),
	(3,'欧式腌三文鱼','简单的食材，精心的调制的味道','对于三文鱼，更多的吃法是做寿司和三文鱼片，一次去朋友家做客，她做的三文鱼居然可以辅以甜菜根沙拉和酸奶油食用，清爽的蘸料让鱼肉更加鲜美，从此爱上了这种绝妙的搭配。工作再忙，午餐也不能将就，一碗米饭，一块欧式三文鱼，一碗热汤，简单的料理满足味蕾的同时，也能提供身体所需的营养。','19381283987.jpg','19381284741.jpg','19381286015.jpg','19381286106.jpg',NULL,NULL,0,0,'2017-03-31 06:02:45','2017-06-01 13:55:53',1),
	(4,'圣诞树','层层颗颗点缀成的缤纷玲珑圣诞树','小时候，每到水果上市的季节，妈妈总会变着法的给我做水果拼盘，看着她将清洗过的水果仔细地摆在果盘里，都让我馋涎欲滴，此刻果子的香甜味也会愈加浓郁。 连续三个月没有回家，看到桌上同事买的雪梨，突然来兴致想给大家做一个别致的水果拼盘，找来了各色的水果，一层层串一起，不需要添加任何辅料，清新的果香唇齿留香。','19381303331.jpg','19381305944.jpg','19381307244.jpg','19381306490.jpg',NULL,NULL,0,0,'2017-03-31 06:29:56','2017-03-30 18:29:56',1),
	(5,'六月鲜酱油蛋糕','甜蜜中多了丝酱香，是用心的味道','小时候最幸福的日子莫过于生日，总是数着指头盼着盼着，那天会收到心仪已久的礼物，还可以吃到爸爸提前准备的香甜松软蛋糕，每一口都是幸福。 忙着忙着就到 12 月份，又到了生日，最近朋友圈一波烘焙发烧友频频晒出自己的杰作，让我忍不住也动手做了一款独特的六月鲜酱油蛋糕，甜腻中多了一丝酱香，唤醒了记忆深处的幸福。','19382218830.jpg','19382220598.jpg','19382220767.jpg','19382220910.jpg',NULL,NULL,0,0,'2017-04-01 02:01:13','2017-06-01 13:59:59',1),
	(6,'六月鲜鸡尾酒','一缕桂香点滴用心，是适合的味道','开心了来一杯，郁闷了来一杯，压力大了当然还要来一杯。一到年底，做不完的报表，报不完的进度，忙到深夜是不是总想让大脑来度个假，放松一下紧绷的神经。 最近迷上了鸡尾酒，开始尝试调一款适合自己的鸡尾酒，突发奇想的加入了少量的六月鲜酱油，不会太烈，又有酒的浓郁，撒上些许桂花，唇齿之间都有八月的桂香。','19382231128.jpg','19382232155.jpg','19382232337.jpg','19382232636.jpg',NULL,NULL,0,0,'2017-04-01 02:16:17','2017-06-01 14:08:39',1),
	(7,'五色彩椒','精彩的生活当然离不开丰富的内涵','印象里彩椒都被用来凉拌沙拉、清炒、或者做简单的配菜。第一次吃到裹满肉馅的彩椒蛊是同事带的爱心便当，红的、黄的、绿的，精致的摆在饭盒里，惊讶于它美丽的卖相，更被入口的香气征服。忍不住买回几颗彩椒，按照同事传授的做法尝试，五彩缤纷的彩椒蛊，填满美味的肉馅，美丽的外表下，有着更精彩的内容。','19382246052.jpg','19382246871.jpg','19382247924.jpg','19382248015.jpg',NULL,NULL,0,0,'2017-04-01 02:35:58','2017-06-01 14:11:43',1),
	(8,'凉拌鸡丝','纤纤鸡丝，别有滋味','家乡的习俗，传统节日必合家欢聚，总少不了一桌丰盛的下酒菜，一整只鸡是必有的，总吃不完难免有些浪费，有一次母亲就将鸡肉撕成一丝一丝的细丝，摆在绿油油的青菜上，淋上些许调料，很是嫩香爽口。在外出差半月，回来约了闺蜜一起下厨，特意买了鸡肉，配上新鲜的黑豆苗，淋上六月鲜酱油，入口清爽的小菜就做好了。','19390172386.jpg','19390172776.jpg','19390173959.jpg','19390174063.jpg',NULL,NULL,0,0,'2017-04-08 03:57:35','2017-06-01 14:14:43',1),
	(9,'鲜核桃拌龙豆果','鲜核桃配绿色金子，简单又健康','第一次吃到鲜核桃龙豆，真的被它惊艳到了，鲜核桃没有了干核桃的油腻苦涩，多了一丝香嫩、脆甜。平时因为用脑很多，会经常吃一些干核桃，但是有总会嫌弃干核桃的油腻，尝到了鲜核桃的清新便不再喜欢吃干核桃。搭配上有素有「绿色金子」称号的营养价值极高的龙豆，一定会让不爱吃核桃的你也欲罢不能。','19394618269.jpg','19394617047.jpg','19394617554.jpg','19394617658.jpg',NULL,NULL,0,0,'2017-04-12 02:55:16','2017-06-01 14:20:33',1),
	(10,'凉瓜松子牛配薄荷汁','清新脱俗玩转美食界','荤菜也可以吃的清新，这段时间一直在减肥，控制肉食的摄入，几乎抛弃了所有的牛羊肉，这样的吃法味蕾得不到满足。跟朋友学了一道牛柳的新鲜吃法，既美味又不担心发胖。牛柳配上新鲜的蔬菜，淋上新榨的薄荷汁和六月鲜酱油简单调制，清新爽口的荤菜就完成了。','19394626992.jpg','19394628422.jpg','19394634948.jpg','19394635078.jpg',NULL,NULL,0,0,'2017-04-12 03:16:55','2017-06-01 14:23:47',1),
	(11,'六月鲜拌沙拉菜','低热量、高颜值说的就是你','平时喜欢辛辣的食物，最近经常出差熬夜，总感觉精气神不足，昨天同事介绍说吃一些清淡的小菜能静心凝神，友情赠送我一些新型蔬菜－冰草，据说小小的冰草不仅口感好，还具有极高的营养价值。沁人心脾的冰草，清脆爽口的小红萝卜，颜色喜人的黄花菜，淋上精心调制的酱汁，清新、爽脆的口感有一种如沐春风的感觉。','19446355487.jpg','19446358724.jpg','19446362832.jpg','19446362936.jpg',NULL,NULL,0,0,'2017-05-28 04:34:35','2017-06-01 14:27:30',1),
	(12,'金枪鱼牛油果色拉','餐桌新宠，幻化出绝妙味道','因为一直不怎么接受生食鱼的吃法，所以对于金枪鱼一直是煎或者烤。前段时间公司聚餐，餐桌上厨师用牛油果配金枪鱼做的色拉，第一次尝试了这种吃法，高冷的牛油果如今可是很多人餐桌上的「新宠」，牛油果的独特味道，加少许六月鲜酱油提鲜，让金枪鱼更加鲜嫩可口。牛油果配金枪鱼，绝妙的口味只会让你欲罢不能。','19446367122.jpg','19446367655.jpg','19446368955.jpg','19446369046.jpg',NULL,NULL,0,0,'2017-05-28 04:42:25','2017-06-01 14:29:41',1),
	(13,'卤蛋','简单几步，速成家乡美味','小时候家乡的巷子口有个阿婆卖卤蛋，简易的木桌上摆着一盆卤蛋，从早到晚巷子里都飘着卤蛋的香醇味道，走过的孩童总忍不住买几颗解解馋。只是卤蛋的卤汁麻烦，妈妈很少会做。前一阵同事出差回来，教我一个简单腌制卤蛋的方法，简单几步就能做出香醇的卤蛋，比儿时的味道更多了一份清香。','19446374194.jpg','19446374441.jpg','19446375390.jpg','19446375481.jpg',NULL,NULL,0,0,'2017-05-28 04:50:40','2017-05-27 16:50:40',1),
	(14,'红烧排骨','儿时的味道，恰是一道红烧排骨','小时候大部分时间呆在奶奶身边，最爱吃的就是奶奶做的红烧排骨，每次看着奶奶用酱油腌制排骨，跟几个哥哥、姐姐就守在锅前，看着排骨慢慢下锅，逐渐变成焦糖色，肚子里的馋虫总会适时的叫唤两声。长大了，离家在外，偶尔空闲下来总想吃一些家里的味道，挑选了新鲜的排骨，淋上六月酱油，做一道记忆中的红烧排骨。','19446379810.jpg','19446380018.jpg','19446380850.jpg','19446380915.jpg',NULL,NULL,0,0,'2017-05-28 04:57:38','2017-05-27 16:57:38',1),
	(15,'六月鲜红酒蹄髈','阳春白雪、饕餮大餐的完美结合','蹄髈，又叫猪脚，是我小时候特别喜爱的一道荤菜，满满的胶原蛋白也是现代诸多美女所追捧的美肤食材。我的一个闺蜜苦于减肥的苦恼，不敢尝试蹄髈这类荤菜，前段时间突然告诉我学到一种蹄髈的高雅做法，既不油腻又不失营养。自己买回蹄髈，按照她的方法尝试这道红酒蹄髈。谁说蹄髈只能下里巴，遇到了红酒，一样可以阳春白雪。','19446385101.jpg','19446385491.jpg','19446386050.jpg','19446386154.jpg',NULL,NULL,0,0,'2017-05-28 05:04:21','2017-05-27 17:04:21',1),
	(16,'蟹粉豆腐','蟹粉豆腐，是化不开的浓香','豆腐取「都福」的谐音，家乡有个习俗，过年时家家都会做一道豆腐，煎豆腐、豆腐丸子、炖豆腐，现在人的饮食愈来愈趋向于食材的原味。偶然的机会学到了蟹粉豆腐的做法，仔细剃出蟹肉，嫩豆腐切方块，配以辅料，扑鼻的鲜香味让人垂涎。\n鲜美的蟹粉和朴实的豆腐，如此巧妙地组合，入口香滑，是久久化不开的鲜香。','19446406278.jpg','19446406616.jpg','19446408800.jpg','19446408878.jpg',NULL,NULL,0,0,'2017-05-28 05:33:29','2017-06-01 14:03:19',1),
	(17,'糖醋黄花鱼','酸酸甜甜好滋味儿','爸爸不擅长做菜，唯一拿手的就是香酥酸甜的糖醋鱼。每次回家看着爸爸熟练地起锅热油，热锅炸鱼至金黄，浇汁，一些列动作完成，屋子里香甜的味道也愈加浓郁。近几日温度持续走低，面对灰白阴沉的天气，心情也变得低落，这样的季节更不能辜负了美食，就应该做一些色彩浓郁的菜肴，调鱼，烹制，一道焦脆香嫩的糖醋鱼出锅啦。','19446412661.jpg','19446412882.jpg','19446414884.jpg','19446414988.jpg',NULL,NULL,0,0,'2017-05-28 05:41:20','2017-05-27 17:41:20',1),
	(18,'新年盆菜','山珍海味齐聚，恰似金玉满堂','每到春节，不管是他乡求学的学子还是在外工作的职员，都在这个传统的节日放下手中的琐事，团聚到一起，长辈们总是习惯准备一桌大鱼大肉，犒劳大家一年的辛苦。工作中认识的一位厨师朋友就别出心裁，制作一盆新年盆菜，涵盖了山珍海味的同时，还有新鲜的蔬菜，在这个最隆重的传统佳节，可谓是招待亲朋的加分菜。','19446434683.jpg','19446442418.jpg','19446449776.jpg','19446449932.jpg',NULL,NULL,0,0,'2017-05-28 06:26:07','2017-06-01 14:16:19',1),
	(19,'香菇干贝炖蛋','不一样的吃法，别样的鲜味','通常家里炖蛋为了让炖出来的蛋更加鲜嫩，都会加一些水调和。同事家宝宝三岁半，挑食，在烹饪上做足了功课。在鸡蛋中加入了干贝、香菇，贝肉、鲜菇的鲜香融入鸡蛋，蒸好的鸡蛋更加鲜美。第一次见到这种吃法，很是好奇，回家忍不住尝试一下，香嫩的鸡蛋，融合了嫩滑的鲜菇和鲜味十足的贝肉，确实比一般炖蛋要鲜香。','19446466260.jpg','19446466572.jpg','19446467768.jpg','19446467859.jpg',NULL,NULL,0,0,'2017-05-28 06:49:06','2017-06-01 14:13:05',1),
	(21,'果味油焖虾','轻松俘获味蕾的果味油焖虾','果味油焖虾是浙江美女室友教我的，剔除虾线，去除虾头，看似简单却用心的制作，吃到嘴里更是清新、鲜美，挑剔的味蕾在这一刻也会得到满足。 今天休班回家，很久没有回家想着表现一下，挑选新鲜个大的对虾，简单几步，美味的大虾出炉了，看着父母吃的有滋有味，这一刻内心是满足的。','19446479572.jpg','19446479780.jpg','19446481145.jpg','19446481262.jpg',NULL,NULL,0,0,'2017-05-28 07:06:17','2017-05-27 19:06:17',1),
	(22,'水晶虾饺','水晶虾饺，肤白貌美有内涵','虾饺是广东的传统美食，喝茶、饮酒少不了一屉虾饺。作为北方人对虾饺是陌生的，大学跟同学穷游，第一次品尝到虾饺的美味，两个人直呼吃的满足。虾饺皮白，薄如纸，内馅隐约可见，吃起来更是爽滑鲜美。请教了做蒸饺的师傅，闲暇之余约好友和面，调馅，蒸虾饺，晶莹剔透的虾饺肤白貌美，蘸食些许六月鲜酱油，味道更是鲜美。','19446568856.jpg','19446569116.jpg','19446569311.jpg','19446569415.jpg',NULL,NULL,0,0,'2017-05-28 08:59:18','2017-06-01 14:16:58',1),
	(23,'什锦如意菜','一道什锦如意菜，让心情随之起舞','多汁的柚子、娇艳的圣女果、爽口的雪梨，靓丽多姿的色彩，丰富的维生素，无疑为冬日 的餐桌增添了一抹亮色。每次春节都是大鱼大肉，吃多了油腻总想搭配一些清新爽口的小菜，新学了一道什锦如意菜，新鲜的蔬菜，各色的水果，淋上些许六月鲜酱油，层次更加分明，满足味蕾的同时，又不会增加身体的负担，这一刻心情随之飞舞。','19446572730.jpg','19446573003.jpg','19446574342.jpg','19446574420.jpg',NULL,NULL,0,0,'2017-05-28 09:05:52','2017-05-27 21:05:52',1),
	(24,'山药木耳炖鸡','冬季就应该来一碗暖暖的鸡汤','寒冷的冬季，即便穿上厚厚的棉衣还是能感受到刺骨的寒风，这样的季节更应该煲一锅热气腾腾的鸡汤，暖暖自己脆弱的胃。特别是身为上班族，每天奔波于工作，寒冷的冬日里，难得的周末时光总想在家里专注于喜欢的事，享受一个人的时光，素手摘菜，洗手煲汤，将山药的精华融入浓浓的鸡汤，有汤有菜，让冬日的周末也暖暖的。','19446577709.jpg','19446577956.jpg','19446578996.jpg','19446579074.jpg',NULL,NULL,0,0,'2017-05-28 09:11:41','2017-05-27 21:11:41',1),
	(25,'菲力牛排','做一頓西餐吧','平淡生活里，下厨是最有滋味的仪式。狐狸曾对小王子说：「你下午四点钟来，那么从三点钟起，我就开始感到幸福。时间越临近，我就越感到幸福。到了四点钟的时候，我就会坐立不安；我就会发现幸福的代价。但是，如果你随便什么时候来，我就不知道在什么时候该准备好我的心情……应当有一定的仪式。」\n嘿，这是我们的情人节。','19456539115.jpg','19456548592.jpg','19456548696.jpg','19456548839.jpg',NULL,NULL,0,0,'2017-06-05 18:13:31','2017-06-05 18:13:52',1),
	(26,'彩虹沙拉','夏天里怎么能少一道沙拉','第一次使用六月鲜的淡盐酱油，减盐44%，口感上相比六月鲜原汁酱油少盐不少味。凉拌菜或者做沙拉都不会抢了食材原本的味道，吃了那么多沙拉，这一款六月鲜淡盐酱油调制的沙拉汁，一定要试试，天气热喜欢吃些清淡的，记得不要太瘦哦！','19456556158.jpg','19456556548.jpg','19456556639.jpg','19456556782.jpg',NULL,NULL,0,0,'2017-06-05 18:23:48','2017-06-05 18:23:53',1),
	(27,'罗宋汤','做好这款罗宋汤，可以开店','荤素搭配，开胃消食，我想最好的就是罗宋汤了，先用不粘锅将胡萝卜土豆和番茄翻炒一下后放到炖锅中慢火熬制20分钟，不时打开锅盖看到咕嘟咕嘟冒着泡，请早早准备好连喝两碗的肚子。\n','19456580494.jpg','19456580975.jpg','19456581066.jpg','19456581144.jpg',NULL,NULL,0,0,'2017-06-05 18:54:51','2017-06-05 18:55:03',1),
	(28,'香橙烹鸡翅','不想只会做可乐鸡翅','说到鸡翅，我脑子里最先蹦出来的是 KFC 的奥尔良烤翅、辣翅，无奈热量太高，工作之后外食次数越来越多，了解到食物之间的奇妙联系，可乐遇到鸡翅，已经是很多人的拿手菜，可换一个搭配，橙子本身的香甜融合六月鲜酱油的酱香浸润在鸡翅中……  吮一下手指再去拿下一个。\n','19457346311.jpg','19457347000.jpg','19457347091.jpg','19457347156.jpg',NULL,NULL,0,0,'2017-06-06 11:16:55','2017-06-06 11:17:20',1),
	(29,'蚝油西兰花蛋白树','用一只碗 “种” 一棵树','对于健身的人来说，西兰花因其营养丰富，含蛋白质、糖、脂肪、维生素和胡萝卜素，营养成份位居同类蔬菜之首，被誉为 “蔬菜皇冠” 。自律给人自由，我们喜欢健美的身材但更爱美食啊，清水煮菜的日子我尝试过，奉劝大家还是要吃的开心才能练的有效率。比如接下来做的这个低卡低热量美味高颜值的西兰花蛋白树就很棒～','19457367579.jpg','19457368190.jpg','19457368268.jpg','19457368359.jpg',NULL,NULL,0,0,'2017-06-06 11:44:07','2017-06-06 11:44:54',1),
	(30,'菊花三丝','菊花瓣做了其中一丝','明晃晃的一朵菊花，扯下它的四五根花瓣，混合在刨好丝的黄瓜和胡萝卜中，淋上六月鲜 & 醯官醋调制好的料汁，喜欢的味道就要分享。简单的做法，手指请继续滑。','19457377498.jpg','19457377940.jpg','19457378005.jpg','19457378096.jpg',NULL,NULL,0,0,'2017-06-06 11:56:34','2017-06-06 11:56:42',1),
	(31,'温拌贝丁','海里的味道，贝丁知道','海产品最怕浓厚的酱料抢了味道，也容易做的简单味道寡淡。温拌贝丁，经过自己多次研制，六月鲜特级酱油混合味达美的臻品蚝油，撒上一点红椒圈，色香味具全。看完几张步骤图，就去做吧：）','19457384362.jpg','19457384895.jpg','19457384986.jpg','19457385103.jpg',NULL,NULL,0,0,'2017-06-06 12:05:34','2017-06-06 12:05:44',1),
	(32,'三文鱼金针菇卷','卷起来把他们一起吃掉','日料中，常常将切好的生三文鱼片蘸食酱油和芥末。偶尔吃过一次，三文鱼金针菇卷，就一直想做一个食谱与大家分享，事先把三文鱼片和过水的金针菇卷好，放在平底锅中加少许橄榄油煎制金黄，我喜欢这个过程，从卷到入口，心急的人或许觉的有点繁琐，但一口吃的到美味，不能将就。','19457399091.jpg','19457399702.jpg','19457399793.jpg','19457399897.jpg',NULL,NULL,0,0,'2017-06-06 12:24:59','2017-06-06 12:25:29',1),
	(33,'墨西哥 tacos','这个不是墨西哥肉卷','墨西哥Tacos，这道在国外最普通的街头小吃，想要真正做得好吃正宗，需要十分的用心。悉心烤制玉米饼，耐心准备番茄丁、洋葱丁和肉末，翻炒、加调料、包裹、淋酸橙汁，每一个步骤都无法简略，而最后萦绕在齿尖的滋味，是我所有关于异国生活的记忆浓缩','19461066677.jpg','19461068744.jpg','19461068822.jpg','19461068900.jpg',NULL,NULL,0,0,'2017-06-09 18:48:38','2017-06-09 18:51:39',1),
	(34,'清炒芦笋','清炒芦笋','春天意味着，心里某些僵硬已久的东西，松动了一下。吃了一冬天的腊肉白菜红烧肉。这时，餐桌上的春天应该从一道清炒芦笋开始。','19461084318.jpg','19461084825.jpg','19461084890.jpg','19461084955.jpg',NULL,NULL,0,0,'2017-06-09 19:08:58','2017-06-09 19:09:08',1),
	(35,'什菌汤','减肥时一定要多喝这款什菌汤','“怎么可以这么好喝”是第一次喝到时的心声。吃货的嘴都是检测器，喝掉一大碗之后，确定并没有其他神奇佐料，甚至都没有食用油，仅仅加了六月鲜特级酱油调味，低卡低热量，热乎乎的什菌汤暖胃更贴心。','19461088205.jpg','19461088582.jpg','19461088686.jpg','19461088751.jpg',NULL,NULL,0,0,'2017-06-09 19:13:49','2017-06-09 19:14:06',1),
	(36,'六月鲜酱油炒饭','隔夜米饭，酱油炒一下就很好吃','一份再日常不过的酱油炒饭，怀抱一份“做好”的信念，常常需要我们准备的更多，米饭要用隔夜的最能在锅中粒粒分明，选择六月鲜的酱油是我做这道炒饭的点睛之笔，如同为她注入灵魂，平平淡淡的家常之味升华为舌尖的最美体验。','19461092989.jpg','19461095212.jpg','19461093990.jpg','19461094055.jpg',NULL,NULL,0,0,'2017-06-09 19:22:06','2017-06-09 19:22:21',1),
	(37,'梅子排骨','让红烧排骨多了一点梅子味','你的拿手大菜是什么？可乐鸡翅还是红烧排骨，做的太多次红烧排骨，不妨加入一点平时爱吃的话梅，一样的做法，不一样的味道。 ','19464256331.jpg','19464258853.jpg','19464259074.jpg','19464259165.jpg',NULL,NULL,0,0,'2017-06-12 14:58:28','2017-06-12 14:58:59',1),
	(38,'红皮樱桃小萝卜','好的搭配，眉眼带笑','晶莹剔透的萝卜切片和点缀的黄瓜丝，不说话，想必也感受到了春天的气息，可以把六月鲜 & 醯官醋调制好的料汁倒入，也可以随菜放置小料碟儿，用心一点，生活更美。\n','19464267069.jpg','19464266978.jpg','19464267160.jpg','19464267238.jpg',NULL,NULL,0,0,'2017-06-12 15:08:49','2017-06-12 15:09:19',1),
	(39,'双笋虾仁','双笋让虾仁很春天','春笋和芦笋，仅仅听到“笋”就闻到了清新的味道，作为肉食动物，加入一点点海鲜，丰富口感，这道菜，我要吃到笋下市。\n','19464274674.jpg','19464274960.jpg','19464279081.jpg','19464275714.jpg',NULL,NULL,0,0,'2017-06-12 15:24:10','2017-06-12 15:24:21',1),
	(40,'干锅花菜','干锅花菜','北方的冬天是刺骨的寒冷，老爸依旧每日清晨起来就往门口的小菜园跑，细心的照顾着他那些越冬的蔬菜。每每回家他都提着一袋新鲜采摘的蔬菜骄傲的说是他种的，绿色无污染，什么农药都没有。今年情人节的那个清晨，看到他手里拿着一朵花椰菜交给我说：这个拿给妈妈。好像信手拈来的是一束玫瑰花，它朴实平淡却厚重。','19464286712.jpg','19464289078.jpg','19464289143.jpg','19464289286.jpg',NULL,NULL,0,0,'2017-06-12 15:37:05','2017-10-16 17:22:42',1),
	(41,'清蒸螃蟹','一蟹知秋','你这孩子，螃蟹腿里的肉，咬一个口，吸出来。——来自厨师老师经验分享','19581991130.jpg','19581992105.jpg','19581992170.jpg','19581992235.jpg',NULL,NULL,0,0,'2017-09-25 10:38:27','2017-11-10 09:08:17',1),
	(42,'宫保虾球','给爸妈露一手','从大学开始，故乡只有“只剩冬夏，再无春秋”。\n','19582010019.jpg','19582011358.jpg','19582011410.jpg','19582011462.jpg',NULL,NULL,0,0,'2017-09-25 11:03:30','2017-11-24 11:36:13',1),
	(43,'酱鸭','小火出酱鸭！','“我就说，他这中秋一定回来，你爸还不信呢！”','19582019197.jpg','19582020341.jpg','19582020380.jpg','19582020445.jpg',NULL,NULL,0,0,'2017-09-25 11:14:37','2017-09-25 14:20:48',0),
	(44,'栗子烧肉','妈妈的红烧肉不会胖','不用非要等长假，你这周末有空么？回家来妈妈烧红烧肉给你吃。——来自知乎@墨＊＊韶\n','19582139395.jpg','19582139954.jpg','19582140006.jpg','19582140045.jpg',NULL,NULL,0,0,'2017-09-25 13:48:21','2017-09-25 14:21:13',0),
	(45,'酸辣海带金针菇','酸辣海带金针菇','错以为，父母永远不会老去，我永远年轻——来自《一个》app文字节选','19582148963.jpg','19582149041.jpg','19582149171.jpg','19582149223.jpg',NULL,NULL,0,0,'2017-09-25 13:59:44','2017-09-25 14:21:56',0),
	(46,'白灼秋葵','凉拌秋葵','“妈，怎么就这几个菜“&“不知道你回来，我们就随便吃点”——来自网络\n','19582156607.jpg','19582157114.jpg','19582157153.jpg','19582157218.jpg',NULL,NULL,0,0,'2017-09-25 14:10:00','2017-10-27 13:40:49',0),
	(47,'香煎藕饼','香煎藕饼','每次吃到家里的油煎藕饼，我只想说：妈，再给我做十个吧！——来自微信@小美妞＊＊豆','19582174222.jpg','19582174872.jpg','19582174937.jpg','19582174976.jpg',NULL,NULL,0,0,'2017-09-25 14:32:43','2017-09-25 14:32:54',0),
	(48,'清蒸鲈鱼','最爱的清蒸鲈鱼','嘤嘤嘤我妈不会做饭！心好累！但是！唯独清蒸鲈鱼好吃到哭！——来自微信@萱＊＊啊','19583399927.jpg','19583400590.jpg','19583400642.jpg','19583409794.jpg',NULL,NULL,0,0,'2017-09-26 16:56:09','2017-09-26 16:56:17',0),
	(49,'松鼠鱼','汤汁被吃光的松鼠鱼','松鼠鱼是妈妈的拿手菜，我一直学不会，我女儿常说我做菜没有外婆好吃，今天我要说妈妈我爱你——来自微信@喵＊＊下','19585294690.jpg','19585295730.jpg','19585295795.jpg','19585295873.jpg',NULL,NULL,0,0,'2017-09-28 09:14:57','2017-09-28 09:15:16',1),
	(50,'梭子蟹','一蟹知秋','你这孩子，螃蟹腿里的肉，咬一个口，吸出来。——来自厨师老师经验分享','19585316010.jpg','19585317128.jpg','19585317167.jpg','19585317245.jpg',NULL,NULL,0,0,'2017-09-28 09:41:26','2017-09-28 09:41:36',0),
	(51,'糖醋小排','一口一块的糖醋小排','一口一块，果然还是老爸的手艺最对女儿的胃口。——来自大润发超市消费者','19585328711.jpg','19585329725.jpg','19585329777.jpg','19585329855.jpg',NULL,NULL,0,0,'2017-09-28 09:57:53','2017-09-28 09:58:05',0),
	(52,'醯官桂花醋饮','醯官桂花醋饮','“每年桂花飘香的季节，总觉得要做点什么，来迎接秋的到来——来自醯官醋的铁粉的朋友圈”','19585334457.jpg','19585339488.jpg','19585339540.jpg','19585339579.jpg',NULL,NULL,0,0,'2017-09-28 10:09:55','2017-10-27 13:49:17',0),
	(53,'虾仁三鲜饺子','虾仁三鲜饺子','这世界水饺分三种，机包、手工和妈妈包。','19585344051.jpg','19585345975.jpg','19585346027.jpg','19585346066.jpg',NULL,NULL,0,0,'2017-09-28 10:18:15','2017-10-16 17:01:26',0),
	(54,'鲜肉月饼','鲜肉月饼','今年有空自己做的，好吃带点给你同事哈。——来自新浪微博','19585356739.jpg','19585357246.jpg','19585357311.jpg','19585357376.jpg',NULL,NULL,0,0,'2017-09-28 10:33:41','2017-10-16 17:00:13',0),
	(55,'养生红烧肉','妈妈的红烧肉不会胖','不用非要等长假，你这周末有空么？回家来妈妈烧红烧肉给你吃。——来自知乎@墨＊＊韶\n','19585374835.jpg','19585375563.jpg','19585375602.jpg','19585375654.jpg',NULL,NULL,0,0,'2017-09-28 10:56:30','2017-09-28 10:56:39',0),
	(56,'养生版酿豆腐','回家诱惑之酿豆腐 ','我给你做了酿豆腐，塞了好多馅儿呢，快家来吧——来自知乎@咸柠七＊＊喝','19585394361.jpg','19585395167.jpg','19585395219.jpg','19585395271.jpg',NULL,NULL,0,0,'2017-09-28 11:21:58','2017-09-28 11:22:53',0),
	(57,'油焖大虾','过节要吃虾','在外辛苦大半年的孩子们啊，你妈喊你回家吃饭。——来自新浪热门微博','19585405983.jpg','19585406581.jpg','19585406620.jpg','19585406659.jpg',NULL,NULL,0,0,'2017-09-28 11:36:11','2017-10-30 15:14:31',0),
	(58,'越式牛肉粒','新做新吃牛肉粒','自从老妈有了智能手机，打电话说：“闺女，以后只要你想吃什么，我就会做”——来自微信@MISS','19585411898.jpg','19585412639.jpg','19585412691.jpg','19585412743.jpg',NULL,NULL,0,0,'2017-09-28 11:44:06','2017-09-28 11:44:26',0),
	(59,'醯官苹果醋','苹果醋','炎炎夏季,胃口不佳,这个季节常被称为『苦夏』, 此时酿一个苹果醋,做一份五彩沙拉,拌个凉菜, 做些水果饮料,清新的食物即刻就能引起食欲, 而且还能一饱眼福。','19613398948.jpg','19613405136.jpg','19613461335.jpg','19613405266.jpg','饮用方法：开封后每日餐后取20毫升，用10倍的温水稀释后饮用。','null',0,0,'2017-10-23 09:51:27','2017-10-27 14:53:25',1),
	(60,'醯官柠檬醋','柠檬秘密','有人说,柠檬是酸的,未入口却已酸到心头。 有人说,柠檬是苦的,青涩中夹杂着微苦的滋味。 而懂柠檬的人却说是甜的,它阳光般的气息让人迷恋。 金黄娇艳的柠檬片缓缓沉入杯底, 酸甜清香的味道成为夏日最美的味觉记忆。','19613418539.jpg','19613421750.jpg','19613424168.jpg','19613425442.jpg','饮用方法：用8-10倍的凉开水稀释饮用，柠檬片也可放入杯中同饮。','null',0,0,'2017-10-23 10:18:15','2017-10-28 11:31:30',1),
	(61,'醯官黑豆醋','黑色精灵','黑豆盛产于春季,一般分青仁黑豆与白仁黑豆。 黑豆补气益肾,富含植物蛋白质与卵磷脂,被誉为“植物肉”。 虽是小小的几粒醋豆,却具有很多用途,可佐粥, 可渍糖或蜂蜜，营养丰富。','19613457968.jpg','19613458839.jpg','19613460139.jpg','19613461075.jpg',NULL,NULL,0,0,'2017-10-23 11:03:00','2017-10-28 11:36:00',1),
	(62,'醯官彩椒醋','多彩生活','红的、绿的、黄的,各种颜色呈现在眼前,一如我们五彩斑斓的生活。 酸的、甜的、辣的,一如生活中尝到的各种味道。 如若生活只是一张白纸,那么也许平静, 也许安宁,但却少了一抹独特的色彩。 在这个季节,一定要让生活亮起来!','19614595520.jpg','19614596807.jpg','19614599004.jpg','19614600330.jpg',NULL,NULL,0,0,'2017-10-24 11:23:34','2017-10-28 11:36:32',1),
	(63,'醯官香蕉醋','香蕉日记','弯弯的香蕉，甜甜的味道，把“外衣”脱下，露出金黄色的果肉，浸泡在醯官苹果醋中，日日滋养，待取出饮用，给你健康美丽新生活。','19615718928.jpg','19615720410.jpg','19615720436.jpg','19615720488.jpg','封存时间：24小时；\n饮用方法：每次20毫升，用10倍的凉开水稀释后饮用，最好在早餐后饮用一次。','null',0,0,'2017-10-25 11:19:58','2017-10-28 11:37:04',1),
	(64,'醯官红心火龙果醋','耀眼的你','火龙果醋颜色亮丽,火龙果含有一般植物少有的植物性白蛋白及花青素,而且还含有丰富的维生素和水溶性膳食纤维。其中,红心火龙果的营养价值更高。','19615866478.jpg','19615867219.jpg','19615867466.jpg','19615867401.jpg','封存时间：5天\n饮用：开封后每日餐后取20毫升，用10倍的冰水稀释后饮用。','null',0,0,'2017-10-25 14:28:24','2017-10-28 11:43:24',1),
	(65,'醯官山楂醋','山楂之恋','山楂自古就是健胃消食、活血化瘀的良药, 也被人们视为长寿食品。用其酿制的山楂醋酸甜可口，入口回甘。','19616763361.jpg','19616764258.jpg','19616764297.jpg','19616764362.jpg',NULL,NULL,0,0,'2017-10-26 09:38:01','2017-10-28 11:44:46',1),
	(66,'醯官姜泡醋','姜的荣耀','民间有“冬吃萝卜夏吃姜,不用医生开药方”的说法,可见 姜的保健作用非常好。此款醋饮尤其适合胃寒、体寒等体质的人群饮用。','19616793599.jpg','19616794145.jpg','19616794223.jpg','19616794301.jpg','饮用方法：封存10天，开封后可每日早餐后取20毫升，用5倍的温水稀释后饮用。\n泡过的仔姜片也可佐粥，每日早餐食4、5片有益健康。\n','null',0,0,'2017-10-26 10:16:19','2017-10-28 11:45:18',1),
	(67,'醯官鲜橙泡醋','橙心橙意只为你','当秋的落叶开始纷纷落地，你款款走来, 柳橙、赣南橙、血橙、脐橙...... 满满的黄澄澄的一片, 就像秋日里最明媚的一道阳光, 能量满满,不离不弃。','19617882947.jpg','19617883857.jpg','19617883896.jpg','19617883935.jpg','橙子在西方国家中被认为是维生素C的最佳来源，一个中等大小的橙子能满足人体一天VC需求量的130%，它能软化和保护血管，可以促进血液循环，降低胆固醇和血脂，还能抑制致癌物的形成。橙子醋味道微苦，这是因为橙皮中含有橙皮油，但它也有不错的功效。','null',0,0,'2017-10-27 09:33:23','2017-10-28 11:46:05',1),
	(68,'玫瑰养颜蜂蜜水','红粉女郎','一杯散发着柠檬清香的蜂蜜温水, 一大勺带着淡雅花香的自酿花醋, 流入心田的水中透着玫瑰的馨香, 每尝一口都是无与伦比的美妙滋味。\n','19618977495.jpg','19618978041.jpg','19618978210.jpg','19618978470.jpg','如果用玫瑰鲜花，则平阴重瓣玫瑰品质最佳。而且应避免使用花店的品种，以免将保鲜剂或农药萃取出来，这样反而会有损健康，最好用自己种植的玫瑰或可供食用的玫瑰鲜花。而且，泡醋时需要将玫瑰花瓣洗净，待其自然风干后再浸泡。 \n','null',0,0,'2017-10-28 08:57:33','2017-10-28 09:09:58',1),
	(69,'醯官泡制金桔醋','金色人生','切切泡泡的日子，是醯官泡醋亦是生活。','19618990625.jpg','19618990807.jpg','19618990950.jpg','19618991093.jpg',NULL,NULL,0,0,'2017-10-28 09:12:48','2017-10-28 09:12:53',1),
	(70,'醯官花生醋 ','硕果累累','民间有很多用醋泡的美食,醋泡花生就是其中之一，醋可饮用，花生可食用，多种吃法等你开发。','19625785478.jpg','19625790561.jpg','19625790691.jpg','19625790860.jpg','饮用方法：开封后可每日取20毫升，用5倍的凉开水稀释后饮用。\n45天后的花生可取出直接嚼食，一日3颗为佳，亦可入菜。','null',0,0,'2017-11-03 10:30:23','2017-11-14 16:39:41',1),
	(71,'醯官草莓醋','红颜遇知己','草莓入醋液，红颜识知己，不期而遇的美味，正如转角遇到给你幸福的人。','19625830939.jpg','19625830874.jpg','19625830991.jpg','19625831056.jpg','饮用方法：每日取20毫升，用5倍的凉开水稀释后饮用。','null',0,0,'2017-11-03 11:22:00','2017-11-14 16:27:39',1),
	(72,'醯官百香果苹果醋饮 ','粒粒好心情','动起来，做一杯醯官百香果苹果醋饮，给你爱的TA一份“可不可以再来一杯”的期待。 ','19625914542.jpg','19625915556.jpg','19625915686.jpg','19625915985.jpg','','null',0,0,'2017-11-03 13:12:33','2017-11-03 13:25:47',1),
	(73,'醯官菠萝醋','热带能量','踏青赏花之时，记得准备一个水壶，装一杯自己用醯官醋调制的“能量水”，低卡爽口，解困解乏。','19625928881.jpg','19625928985.jpg','19625929089.jpg','19625929154.jpg','密封罐用水清洗后可以用醯官醋过一下带走多余的水分，减少等待干燥的时间。','null',0,0,'2017-11-03 13:28:00','2017-11-14 16:26:00',1),
	(74,'清蒸鲈鱼','鲜美人生','鲈鱼富含多种营养价值，是淡水鱼中含DHA量最高的，鱼肉刚熟，细嫩爽滑，清香鲜美，回味无穷。','19661877183.jpg','19661881967.jpg','19661877417.jpg','19661877469.jpg',NULL,NULL,0,0,'2017-12-05 13:45:57','2017-12-05 13:46:16',0),
	(75,'美鲜刺身','美鲜刺身','挪威有长达21000公里海岸线，水深处可达13000多米，是个天然的大鱼库，周末抽空拍到卑尔根去买鱼，是“海鲜迷”的最大享受，海鲜类食物不饱和脂肪含量较高，富含人体所必需的omega—3。挪威海鲜食物新鲜，烹饪上更突显食材本身的美味。','19663023783.jpg','19663028216.jpg','19663029308.jpg','19663028333.jpg',NULL,NULL,0,0,'2017-12-06 14:11:59','2017-12-06 14:12:14',0);

/*!40000 ALTER TABLE `dish` ENABLE KEYS */;
UNLOCK TABLES;


# Dump of table dnlink
# ------------------------------------------------------------

DROP TABLE IF EXISTS `dnlink`;

CREATE TABLE `dnlink` (
  `thisid` int(11) NOT NULL AUTO_INCREMENT,
  `dutyid` int(11) DEFAULT NULL,
  `newsid` int(11) DEFAULT NULL,
  `dateadd` timestamp NOT NULL DEFAULT CURRENT_TIMESTAMP,
  PRIMARY KEY (`thisid`)
) ENGINE=InnoDB DEFAULT CHARSET=utf8 COLLATE=utf8_unicode_ci;

LOCK TABLES `dnlink` WRITE;
/*!40000 ALTER TABLE `dnlink` DISABLE KEYS */;

INSERT INTO `dnlink` (`thisid`, `dutyid`, `newsid`, `dateadd`)
VALUES
	(1,3,46,'2017-08-28 00:00:00'),
	(2,3,73,'2017-08-28 00:00:00'),
	(3,2,79,'2017-08-28 00:00:00'),
	(4,2,84,'2017-08-28 00:00:00'),
	(5,1,64,'2017-08-28 00:00:00'),
	(6,1,74,'2017-08-28 00:00:00'),
	(7,1,77,'2017-08-28 00:00:00'),
	(8,1,92,'2017-08-28 00:00:00'),
	(9,1,93,'2017-08-28 00:00:00'),
	(10,1,94,'2017-08-28 00:00:00'),
	(11,1,97,'2017-08-28 00:00:00'),
	(12,1,98,'2017-08-28 00:00:00'),
	(13,1,99,'2017-08-28 00:00:00');

/*!40000 ALTER TABLE `dnlink` ENABLE KEYS */;
UNLOCK TABLES;


# Dump of table duty
# ------------------------------------------------------------

DROP TABLE IF EXISTS `duty`;

CREATE TABLE `duty` (
  `thisid` int(11) NOT NULL AUTO_INCREMENT,
  `thistitle` varchar(50) COLLATE utf8_unicode_ci NOT NULL,
  `thispic` varchar(100) COLLATE utf8_unicode_ci NOT NULL,
  PRIMARY KEY (`thisid`)
) ENGINE=InnoDB DEFAULT CHARSET=utf8 COLLATE=utf8_unicode_ci;

LOCK TABLES `duty` WRITE;
/*!40000 ALTER TABLE `duty` DISABLE KEYS */;

INSERT INTO `duty` (`thisid`, `thistitle`, `thispic`)
VALUES
	(1,'关爱下一代','19551892204.jpg'),
	(2,'健康食物教育','19547404123.jpg'),
	(3,'环境可持续发展','19547404253.jpg');

/*!40000 ALTER TABLE `duty` ENABLE KEYS */;
UNLOCK TABLES;


# Dump of table focus
# ------------------------------------------------------------

DROP TABLE IF EXISTS `focus`;

CREATE TABLE `focus` (
  `thisid` int(11) NOT NULL AUTO_INCREMENT,
  `thistitle` varchar(50) COLLATE utf8_unicode_ci NOT NULL,
  `thiskeyword` varchar(100) COLLATE utf8_unicode_ci NOT NULL,
  `thiscontent` varchar(600) COLLATE utf8_unicode_ci NOT NULL,
  `thispic` varchar(100) COLLATE utf8_unicode_ci NOT NULL,
  `thispicp` varchar(100) COLLATE utf8_unicode_ci NOT NULL,
  `thispicm` varchar(100) COLLATE utf8_unicode_ci NOT NULL,
  `dateadd` timestamp NOT NULL DEFAULT CURRENT_TIMESTAMP,
  `dateupdate` date DEFAULT NULL,
  `isopen` tinyint(4) DEFAULT '2',
  PRIMARY KEY (`thisid`)
) ENGINE=InnoDB DEFAULT CHARSET=utf8 COLLATE=utf8_unicode_ci;

LOCK TABLES `focus` WRITE;
/*!40000 ALTER TABLE `focus` DISABLE KEYS */;

INSERT INTO `focus` (`thisid`, `thistitle`, `thiskeyword`, `thiscontent`, `thispic`, `thispicp`, `thispicm`, `dateadd`, `dateupdate`, `isopen`)
VALUES
	(1,'论食物浪费的社会创新解决方案','食物浪费、剩食、零浪费餐厅','据联合国粮农组织估计，全世界每年被浪费的食物高达13亿吨，近三分之一的食物在没有到达餐桌之前就已经损坏或不能再食用。包括中国在内，在亚洲的大多数国家，每年的人均食物浪费多达80公斤。食品企业在食物浪费问题上背负绝对的责任，欣和在为消费者带来更多优质产品的同时，持续在探讨如何通过技术及商业变革，在饮食生态链不同环节上减少可以避免的浪费，加快推进资源利用方式的转变。','19547362848.jpg','19547362978.jpg','19547363056.jpg','2017-08-25 14:41:54',NULL,1),
	(2,'新一代家庭的饮食选择的研究','二胎、育儿、年经家庭','中国在 2016 年底全面开放二胎，可预期中国家庭结构又将经历一波转变，而当年轻一代越来越关心食物的来源和品质，新一代家庭对于饮食势必也有与过往不同的需求和挑战。通过不断认识年轻人并与他们相处，我们致力于了解新一代父母的饮食态度与需求，除了致力于打造更优质的产品与服务，欣和也持续推动食物教育及知识交流，期待提供年轻父母与孩子足够的饮食知识，帮助他们在每一天每一餐都能做放心、有意识的选择。','19547363628.jpg','19547363706.jpg','19547363797.jpg','2017-08-25 14:42:51',NULL,1),
	(3,'探索替代动物蛋白的食材','蛋白质、替代蛋白、多元饮食','根据经济学人在《90亿人所面临的问题》的报导：“ 到 2050 年，世界人口的增长将超过 90 亿，我们将无法生产足够的肉来满足所有人的需求。”  \n面对未来人口增长，我们开始探索中国菜里能替代动物蛋白的食材，来解决全球供肉需求不足的危机，以及提升中国菜在全球的地位。通过寻找替代性蛋白质的调研，我们发现，真正有价值的食材，应当满足以下三个维度：营养成分、可持续养殖、消费者认知。','19547371883.jpg','19547372000.jpg','19547372104.jpg','2017-08-25 14:53:31',NULL,1),
	(4,'重新发现中华美食之美','二十四节气、营养平衡、中餐全球化','中国幅员辽阔，横跨多个纬度，地形和气候的差异极富戏剧性。这些自然条件馈赠给了这片土地上的人们包罗万象的食材。我们追溯中华美食的起源，重新发现「平衡多元」以及「二十四节气」是区分中华美食和其他菜系的两大因素。我们集合了中国人上千年来对烹饪的不断试验和追求，通过中西方酱料口味、食材和菜谱的再组合，重新定义更养生健康的中华美食。','19547412183.jpg','19547412300.jpg','19547412378.jpg','2017-08-25 15:13:06',NULL,1),
	(5,'勾勒未来农场的样貌','可持续农业、精简养殖、垂直农场','随着城市化进程的加快、能源成本的增长、以及大众对动手种植的渴望，现代农业正慢慢被嵌入城市风貌的勾勒中，其中包括垂直农场以及水耕栽培。预期未来的农耕业会更透明地将生产者与消费者连接起来，特别是在农场融入教学服务，欣和一直在思考如何应用科技让消费者更了解如何种植、挑选并食用好食材。','19547452834.jpg','19547452314.jpg','19547452522.jpg','2017-08-25 15:14:31',NULL,1),
	(6,'如何协助中国厨师站上国际舞台？','厨师生涯、中国厨师、厨师地位','当世界逐渐将目光投向食物议题，人们开始反思不同饮食选择所带来的环境、健康和社会影响，厨师的角色也显得益发重要。在全球饮食趋势的浪潮下，厨师们从后厨走向了前厅，他们不仅以料理演绎自身故事和文化，更直面每一位食客来传递料理背后的真实意义。欣和希望与中国厨师们携手，在精进厨艺的同时，也重视食物、人与环境三者之间的关系，以此提升中菜和中厨在世界的话语权，进一步为世界带来真实且有意义的改变。','19547397779.jpg','19547397909.jpg','19547397974.jpg','2017-08-25 15:26:40',NULL,1);

/*!40000 ALTER TABLE `focus` ENABLE KEYS */;
UNLOCK TABLES;


# Dump of table funcgroup
# ------------------------------------------------------------

DROP TABLE IF EXISTS `funcgroup`;

CREATE TABLE `funcgroup` (
  `groupid` int(11) NOT NULL AUTO_INCREMENT,
  `groupname` varchar(300) NOT NULL,
  `sorting` int(11) DEFAULT NULL,
  PRIMARY KEY (`groupid`),
  UNIQUE KEY `groupid_UNIQUE` (`groupid`)
) ENGINE=InnoDB DEFAULT CHARSET=utf8;

LOCK TABLES `funcgroup` WRITE;
/*!40000 ALTER TABLE `funcgroup` DISABLE KEYS */;

INSERT INTO `funcgroup` (`groupid`, `groupname`, `sorting`)
VALUES
	(1,'<i class=&#034;fa fa-user&#034;></i> 系统/人员管理',1),
	(2,'<i class=&#034;fa fa-bullhorn&#034; aria-hidden=&#034;true&#034;></i> 招聘管理',3),
	(3,'<i class=&#034;fa fa-newspaper-o&#034; aria-hidden=&#034;true&#034;></i> 欣和动态管理',5),
	(4,'<i class=&#034;fa fa-cubes&#034; aria-hidden=&#034;true&#034;></i>  品牌管理',4),
	(5,'<i class=&#034;fa fa-code-fork&#034; aria-hidden=&#034;true&#034;></i> 插件管理',2),
	(6,'<i class=&#034;fa  fa-commenting&#034; aria-hidden=&#034;true&#034;></i> 关于欣和管理',6),
	(7,'<i class=&#034;fa  fa-commenting&#034; aria-hidden=&#034;true&#034;></i> 关于欣和管理',6);

/*!40000 ALTER TABLE `funcgroup` ENABLE KEYS */;
UNLOCK TABLES;


# Dump of table funclist
# ------------------------------------------------------------

DROP TABLE IF EXISTS `funclist`;

CREATE TABLE `funclist` (
  `funcid` int(11) NOT NULL AUTO_INCREMENT,
  `groupid` int(11) NOT NULL,
  `funcname` varchar(300) NOT NULL,
  `funclink` varchar(45) NOT NULL,
  `sorting` int(11) DEFAULT NULL,
  `funcval` varchar(10) DEFAULT NULL,
  PRIMARY KEY (`funcid`),
  UNIQUE KEY `funcid_UNIQUE` (`funcid`)
) ENGINE=InnoDB DEFAULT CHARSET=utf8;

LOCK TABLES `funclist` WRITE;
/*!40000 ALTER TABLE `funclist` DISABLE KEYS */;

INSERT INTO `funclist` (`funcid`, `groupid`, `funcname`, `funclink`, `sorting`, `funcval`)
VALUES
	(1,1,'<i class=&#034;fa fa-cog&#034;></i> 管理功能设定','select99',NULL,''),
	(2,1,'<i class=\"fa fa-list\"></i> 管理分类设定','select98',NULL,''),
	(3,1,'<i class=&#034;fa fa-check-square-o&#034;></i> 管理者权限设定','select97',NULL,''),
	(4,2,'<i class=&#034;fa fa-map&#034; aria-hidden=&#034;true&#034;></i> 招聘地区管理','selectarea',NULL,''),
	(5,2,'<i class=&#034;fa fa-graduation-cap&#034; aria-hidden=&#034;true&#034;></i>  招聘学校管理','selectschool',NULL,''),
	(7,3,'<i class=&#034;fa fa-sitemap&#034; aria-hidden=&#034;true&#034;></i> 动态类别管理','selectnewstype',NULL,''),
	(8,3,'<i class=&#034;fa fa-comment&#034; aria-hidden=&#034;true&#034;></i> 动态内容管理 ','selectnews',NULL,''),
	(9,4,'<i class=&#034;fa fa-cube&#034; aria-hidden=&#034;true&#034;></i> 品牌管理','selectbrand',NULL,''),
	(10,5,'<i class=&#034;fa fa-code&#034; aria-hidden=&#034;true&#034;></i> 网页插件管理','selectinsert',NULL,''),
	(13,4,'<i class=\"fa fa-cutlery\" aria-hidden=\"true\"></i> 菜谱管理','selectdish',NULL,''),
	(14,4,'<i class=\"fa fa-eyedropper\" aria-hidden=\"true\"></i> 生产工艺','selecttech',NULL,''),
	(15,4,'<i class=\"fa fa-certificate\" aria-hidden=\"true\"></i> 国际认证管理','selectcert',NULL,''),
	(16,4,'<i class=\"fa fa-trophy\" aria-hidden=\"true\"></i> 获奖信息管理','selectaward',NULL,''),
	(17,1,'<i class=\"fa  fa-flag\" aria-hidden=\"true\"></i> 招聘/岗位属性管理','selectrecattr',NULL,NULL),
	(18,1,'<i class=\"fa  fa-filter\" aria-hidden=\"true\"></i> 招聘/岗位类型管理','selectrectype',NULL,NULL),
	(19,1,'<i class=\"fa  fa-graduation-cap\" aria-hidden=\"true\"></i> 招聘/学历管理','selectdegree',NULL,NULL),
	(20,1,'<i class=\"fa  fa-male\" aria-hidden=\"true\"></i> 招聘/地点管理','selectlocation',NULL,NULL),
	(21,2,'<i class=\"fa  fa-male\" aria-hidden=\"true\"></i> 岗位管理','selectrecruit',NULL,NULL),
	(22,1,'<i class=\"fa  fa-codepen\" aria-hidden=\"true\"></i> 招聘/HR人员管理','selecthr',NULL,NULL),
	(23,6,'<i class=&#034;fa  fa-commenting&#034; aria-hidden=&#034;true&#034;></i> 关于欣和管理','selectabout',NULL,NULL),
	(24,6,'<i class=&#034;fa  fa-tint&#034; aria-hidden=&#034;true&#034;></i> 欣和关注管理','selectfocus',NULL,NULL),
	(25,6,'<i class=&#034;fa  fa-users&#034; aria-hidden=&#034;true&#034;></i> 社会责任管理','selectduty',NULL,NULL),
	(26,6,'<i class=&#034;fa  fa-commenting&#034; aria-hidden=&#034;true&#034;></i> 关于欣和管理','selectabout',NULL,NULL),
	(27,6,'<i class=&#034;fa  fa-tint&#034; aria-hidden=&#034;true&#034;></i> 欣和关注管理','selectfocus',NULL,NULL),
	(28,6,'<i class=&#034;fa  fa-users&#034; aria-hidden=&#034;true&#034;></i> 社会责任管理','selectduty',NULL,NULL);

/*!40000 ALTER TABLE `funclist` ENABLE KEYS */;
UNLOCK TABLES;


# Dump of table funcrights
# ------------------------------------------------------------

DROP TABLE IF EXISTS `funcrights`;

CREATE TABLE `funcrights` (
  `frid` int(11) NOT NULL AUTO_INCREMENT,
  `funcid` int(11) NOT NULL,
  `userid` int(11) NOT NULL,
  `sorting` int(11) DEFAULT NULL,
  PRIMARY KEY (`frid`),
  UNIQUE KEY `frid_UNIQUE` (`frid`)
) ENGINE=InnoDB DEFAULT CHARSET=utf8;

LOCK TABLES `funcrights` WRITE;
/*!40000 ALTER TABLE `funcrights` DISABLE KEYS */;

INSERT INTO `funcrights` (`frid`, `funcid`, `userid`, `sorting`)
VALUES
	(105,3,2,NULL),
	(106,5,2,NULL),
	(107,7,2,NULL),
	(108,8,2,NULL),
	(109,9,2,NULL),
	(110,10,2,NULL),
	(111,13,2,NULL),
	(112,14,2,NULL),
	(113,15,2,NULL),
	(154,5,8,NULL),
	(155,7,8,NULL),
	(156,8,8,NULL),
	(157,9,8,NULL),
	(158,10,8,NULL),
	(159,13,8,NULL),
	(160,14,8,NULL),
	(161,15,8,NULL),
	(210,3,14,NULL),
	(211,9,14,NULL),
	(212,13,14,NULL),
	(213,9,16,NULL),
	(214,13,16,NULL),
	(219,17,2,NULL),
	(220,18,2,NULL),
	(221,19,2,NULL),
	(222,20,2,NULL),
	(223,21,2,NULL),
	(236,22,2,NULL),
	(252,3,19,NULL),
	(253,5,19,NULL),
	(254,7,19,NULL),
	(255,8,19,NULL),
	(256,9,19,NULL),
	(257,10,19,NULL),
	(258,13,19,NULL),
	(259,14,19,NULL),
	(260,15,19,NULL),
	(261,17,19,NULL),
	(262,18,19,NULL),
	(263,19,19,NULL),
	(264,20,19,NULL),
	(265,21,19,NULL),
	(266,22,19,NULL),
	(281,5,15,NULL),
	(282,8,15,NULL),
	(283,9,15,NULL),
	(284,13,15,NULL),
	(285,15,15,NULL),
	(286,17,15,NULL),
	(287,18,15,NULL),
	(288,19,15,NULL),
	(289,21,15,NULL),
	(290,22,15,NULL),
	(291,23,2,NULL),
	(292,24,2,NULL),
	(293,25,2,NULL),
	(300,21,22,NULL),
	(301,22,22,NULL),
	(317,5,23,NULL),
	(318,8,23,NULL),
	(319,9,23,NULL),
	(320,13,23,NULL),
	(321,14,23,NULL),
	(322,15,23,NULL),
	(323,17,23,NULL),
	(324,18,23,NULL),
	(325,19,23,NULL),
	(326,20,23,NULL),
	(327,21,23,NULL),
	(328,23,2,NULL),
	(329,24,2,NULL),
	(330,25,2,NULL),
	(331,3,3,NULL),
	(332,5,3,NULL),
	(333,7,3,NULL),
	(334,8,3,NULL),
	(335,9,3,NULL),
	(336,10,3,NULL),
	(337,13,3,NULL),
	(338,14,3,NULL),
	(339,15,3,NULL),
	(340,17,3,NULL),
	(341,18,3,NULL),
	(342,19,3,NULL),
	(343,20,3,NULL),
	(344,21,3,NULL),
	(345,22,3,NULL),
	(346,23,3,NULL),
	(347,24,3,NULL),
	(348,25,3,NULL),
	(349,3,21,NULL),
	(350,5,21,NULL),
	(351,8,21,NULL),
	(352,9,21,NULL),
	(353,13,21,NULL),
	(354,15,21,NULL),
	(355,18,21,NULL),
	(356,19,21,NULL),
	(357,20,21,NULL),
	(358,21,21,NULL),
	(359,22,21,NULL),
	(360,23,21,NULL),
	(361,24,21,NULL),
	(362,25,21,NULL),
	(365,8,24,NULL),
	(366,9,24,NULL),
	(367,13,24,NULL),
	(368,8,25,NULL),
	(369,9,25,NULL),
	(370,13,25,NULL),
	(379,3,20,NULL),
	(380,5,20,NULL),
	(381,21,20,NULL),
	(382,22,20,NULL);

/*!40000 ALTER TABLE `funcrights` ENABLE KEYS */;
UNLOCK TABLES;


# Dump of table hrlink
# ------------------------------------------------------------

DROP TABLE IF EXISTS `hrlink`;

CREATE TABLE `hrlink` (
  `thisid` int(11) NOT NULL AUTO_INCREMENT,
  `adminid` int(11) NOT NULL,
  `rectypeid` int(11) NOT NULL,
  PRIMARY KEY (`thisid`)
) ENGINE=InnoDB DEFAULT CHARSET=utf8 COLLATE=utf8_unicode_ci;

LOCK TABLES `hrlink` WRITE;
/*!40000 ALTER TABLE `hrlink` DISABLE KEYS */;

INSERT INTO `hrlink` (`thisid`, `adminid`, `rectypeid`)
VALUES
	(1,14,103),
	(2,14,104);

/*!40000 ALTER TABLE `hrlink` ENABLE KEYS */;
UNLOCK TABLES;


# Dump of table ingredient
# ------------------------------------------------------------

DROP TABLE IF EXISTS `ingredient`;

CREATE TABLE `ingredient` (
  `thisid` int(11) NOT NULL AUTO_INCREMENT,
  `dishid` int(11) DEFAULT NULL,
  `typeid` int(11) DEFAULT NULL,
  `thisname` varchar(100) DEFAULT NULL,
  `thisqty` decimal(10,1) DEFAULT NULL,
  `thisunit` varchar(30) DEFAULT NULL,
  `dateadd` timestamp NOT NULL DEFAULT CURRENT_TIMESTAMP,
  `dateupdate` datetime DEFAULT NULL,
  PRIMARY KEY (`thisid`)
) ENGINE=InnoDB DEFAULT CHARSET=utf8;

LOCK TABLES `ingredient` WRITE;
/*!40000 ALTER TABLE `ingredient` DISABLE KEYS */;

INSERT INTO `ingredient` (`thisid`, `dishid`, `typeid`, `thisname`, `thisqty`, `thisunit`, `dateadd`, `dateupdate`)
VALUES
	(1,1,1,'整鹅',4.0,'公斤','2017-03-15 03:39:06',NULL),
	(2,1,1,'苹果',1.0,'粒','2017-03-15 03:39:06',NULL),
	(3,1,1,'梅子',0.0,'适量','2017-03-15 03:39:06',NULL),
	(4,1,1,'洋葱',2.0,'个','2017-03-15 03:39:06',NULL),
	(5,1,1,'胡萝卜',3.0,'个','2017-03-15 03:39:06',NULL),
	(6,1,1,'芹菜',3.0,'把','2017-03-15 03:39:06',NULL),
	(7,1,2,'橄榄油',0.0,'适量','2017-03-15 03:39:06',NULL),
	(8,2,1,'南瓜块',0.0,'适量','2017-03-31 05:52:50',NULL),
	(9,2,1,'白洋葱',0.0,'少許','2017-03-31 05:52:50',NULL),
	(10,2,2,'黄油',0.0,'适量','2017-03-31 05:52:50',NULL),
	(11,2,2,'蔬菜茶',0.0,'适量','2017-03-31 05:52:50',NULL),
	(12,2,2,'牛奶',0.0,'适量','2017-03-31 05:52:50',NULL),
	(13,2,2,'盐',0.0,'少量','2017-03-31 05:52:50',NULL),
	(14,2,2,'胡椒',0.0,'少量','2017-03-31 05:52:50',NULL),
	(93,5,1,'鸡蛋',4.0,'颗','2017-04-01 02:08:17',NULL),
	(94,5,1,'白砂糖',80.0,'g','2017-04-01 02:08:17',NULL),
	(95,5,1,'面粉',50.0,'g','2017-04-01 02:08:17',NULL),
	(96,5,2,'玉米油',35.0,'g','2017-04-01 02:08:17',NULL),
	(97,5,2,'六月鲜淡盐酱油',35.0,'g','2017-04-01 02:08:17',NULL),
	(98,5,2,'柠檬片',0.0,'适量','2017-04-01 02:08:17',NULL),
	(99,5,2,'蓝莓',0.0,'适量','2017-04-01 02:08:17',NULL),
	(113,4,1,'梨',1.0,'个','2017-04-01 02:32:21',NULL),
	(114,4,1,'弥胡桃',500.0,'g','2017-04-01 02:32:21',NULL),
	(115,4,1,'树莓',200.0,'g','2017-04-01 02:32:21',NULL),
	(116,4,1,'草莓',500.0,'g','2017-04-01 02:32:21',NULL),
	(117,4,1,'乌梅',200.0,'g','2017-04-01 02:32:21',NULL),
	(118,4,1,'葡萄',200.0,'g','2017-04-01 02:32:21',NULL),
	(119,4,1,'车厘子',200.0,'g','2017-04-01 02:32:21',NULL),
	(120,4,1,'菠萝',1.0,'个','2017-04-01 02:32:21',NULL),
	(121,4,2,'牙签',0.0,'少许','2017-04-01 02:32:21',NULL),
	(203,13,1,'鸭蛋（鸡蛋）',5.0,'颗','2017-05-28 04:52:52',NULL),
	(204,13,2,'六月鲜特级酱油',50.0,'mL','2017-05-28 04:52:52',NULL),
	(205,13,2,'六月鲜红烧酱油',0.0,'适量','2017-05-28 04:52:52',NULL),
	(206,13,2,'海鲜酱',20.0,'g','2017-05-28 04:52:52',NULL),
	(207,13,2,'韩国幼砂糖',100.0,'g','2017-05-28 04:52:52',NULL),
	(208,13,2,'立顿红茶包',1.0,'只','2017-05-28 04:52:52',NULL),
	(209,13,2,'八角',0.0,'少许','2017-05-28 04:52:52',NULL),
	(210,13,2,'桂皮',0.0,'少许','2017-05-28 04:52:52',NULL),
	(211,13,2,'香叶',0.0,'少许','2017-05-28 04:52:52',NULL),
	(212,14,1,'猪小排骨',150.0,'g','2017-05-28 04:59:47',NULL),
	(213,14,1,'细葱',50.0,'g','2017-05-28 04:59:47',NULL),
	(214,14,1,'去皮姜',15.0,'g','2017-05-28 04:59:47',NULL),
	(215,14,1,'香菜',25.0,'g','2017-05-28 04:59:47',NULL),
	(216,14,2,'六月鲜红烧酱油',0.0,'少许','2017-05-28 04:59:47',NULL),
	(217,14,2,'鸡粉',3.0,'g','2017-05-28 04:59:47',NULL),
	(218,14,2,'韩国幼砂糖',10.0,'g','2017-05-28 04:59:47',NULL),
	(219,14,2,'麻油',2.0,'mL','2017-05-28 04:59:47',NULL),
	(220,14,2,'花椒',3.0,'g','2017-05-28 04:59:47',NULL),
	(221,14,2,'精致油',25.0,'mL','2017-05-28 04:59:47',NULL),
	(222,14,2,'黄酒	',25.0,'mL','2017-05-28 04:59:47',NULL),
	(223,14,2,'六月鲜原汁酱油',0.0,'少许','2017-05-28 04:59:47',NULL),
	(237,16,1,'大闸蟹',200.0,'g','2017-05-28 05:35:34',NULL),
	(238,16,1,'嫩豆腐',350.0,'g','2017-05-28 05:35:34',NULL),
	(239,16,1,'葱花',3.0,'g','2017-05-28 05:35:34',NULL),
	(240,16,1,'姜末',3.0,'g','2017-05-28 05:35:34',NULL),
	(241,16,2,'盐',5.0,'g','2017-05-28 05:35:34',NULL),
	(242,16,2,'白糖',5.0,'g','2017-05-28 05:35:34',NULL),
	(243,16,2,'鸡粉',5.0,'g','2017-05-28 05:35:34',NULL),
	(244,16,2,'黄酒',25.0,'g','2017-05-28 05:35:34',NULL),
	(245,16,2,'鲜汤',200.0,'g','2017-05-28 05:35:34',NULL),
	(246,16,2,'湿淀粉',50.0,'g','2017-05-28 05:35:34',NULL),
	(247,16,2,'植物油',80.0,'g','2017-05-28 05:35:34',NULL),
	(248,16,2,'味达美清香米醋',0.0,'适量','2017-05-28 05:35:34',NULL),
	(249,16,2,'胡椒粉',0.0,'少许','2017-05-28 05:35:34',NULL),
	(250,17,1,'黄鱼',500.0,'g','2017-05-28 05:51:33',NULL),
	(251,17,1,'姜',20.0,'g','2017-05-28 05:51:33',NULL),
	(252,17,1,'葱花',0.0,'少许','2017-05-28 05:51:33',NULL),
	(253,17,1,'蒜蓉',0.0,'少许','2017-05-28 05:51:33',NULL),
	(254,17,1,'冬笋丁',25.0,'g','2017-05-28 05:51:33',NULL),
	(255,17,1,'青椒丁',25.0,'g','2017-05-28 05:51:33',NULL),
	(256,17,1,'香菇丁',25.0,'g','2017-05-28 05:51:33',NULL),
	(257,17,2,'香醋',59.0,'g','2017-05-28 05:51:33',NULL),
	(258,17,2,'白糖',100.0,'g','2017-05-28 05:51:33',NULL),
	(259,17,2,'盐',5.0,'g','2017-05-28 05:51:33',NULL),
	(260,17,2,'六月鲜红烧酱油',0.0,'少许','2017-05-28 05:51:33',NULL),
	(261,17,2,'六月鲜特级酱油',0.0,'少许','2017-05-28 05:51:33',NULL),
	(262,17,2,'水淀粉',50.0,'g','2017-05-28 05:51:33',NULL),
	(263,18,1,'明虾',500.0,'g','2017-05-28 06:30:24',NULL),
	(264,18,1,'鹅掌',300.0,'g','2017-05-28 06:30:24',NULL),
	(265,18,1,'花椒筒',6.0,'件','2017-05-28 06:30:24',NULL),
	(266,18,1,'进口瑶柱',6.0,'粒','2017-05-28 06:30:24',NULL),
	(267,18,1,'中辗',500.0,'g','2017-05-28 06:30:24',NULL),
	(268,18,1,'莲藕',500.0,'g','2017-05-28 06:30:24',NULL),
	(269,18,1,'娃娃菜',250.0,'g','2017-05-28 06:30:24',NULL),
	(270,18,1,'芦花鸡',600.0,'g','2017-05-28 06:30:24',NULL),
	(271,18,1,'自制墨鱼丸',200.0,'g','2017-05-28 06:30:24',NULL),
	(272,18,1,'花菇',50.0,'g','2017-05-28 06:30:24',NULL),
	(273,18,1,'腊肠',150.0,'g','2017-05-28 06:30:24',NULL),
	(274,18,1,'蛋饺',100.0,'g','2017-05-28 06:30:24',NULL),
	(275,18,2,'茄汁',100.0,'g','2017-05-28 06:30:24',NULL),
	(276,18,2,'南乳汁',175.0,'g','2017-05-28 06:30:24',NULL),
	(277,18,2,'味达美臻品蚝油',50.0,'g','2017-05-28 06:30:24',NULL),
	(278,18,2,'鸡粉',0.0,'适量','2017-05-28 06:30:24',NULL),
	(279,18,2,'黄酒',0.0,'适量','2017-05-28 06:30:24',NULL),
	(288,20,1,'明虾',500.0,'g','2017-05-28 06:57:10',NULL),
	(289,20,1,'鹅掌',300.0,'g','2017-05-28 06:57:10',NULL),
	(290,20,1,'花椒筒',6.0,'件','2017-05-28 06:57:10',NULL),
	(291,20,1,'进口瑶柱',6.0,'粒','2017-05-28 06:57:10',NULL),
	(292,20,1,'中辗',500.0,'g','2017-05-28 06:57:10',NULL),
	(293,20,1,'莲藕	',500.0,'g','2017-05-28 06:57:10',NULL),
	(294,20,1,'娃娃菜',250.0,'g','2017-05-28 06:57:10',NULL),
	(295,20,1,'芦花鸡',600.0,'g','2017-05-28 06:57:10',NULL),
	(296,20,1,'自制墨鱼丸',200.0,'g','2017-05-28 06:57:10',NULL),
	(297,20,1,'花菇',50.0,'g','2017-05-28 06:57:10',NULL),
	(298,20,1,'腊肠',150.0,'g','2017-05-28 06:57:10',NULL),
	(299,20,1,'蛋饺',100.0,'g','2017-05-28 06:57:10',NULL),
	(300,20,2,'茄汁',100.0,'g','2017-05-28 06:57:11',NULL),
	(301,20,2,'南乳汁',175.0,'g','2017-05-28 06:57:11',NULL),
	(302,20,2,'味达美臻品蚝油',50.0,'g','2017-05-28 06:57:11',NULL),
	(303,20,2,'鸡粉',0.0,'适量','2017-05-28 06:57:11',NULL),
	(304,20,2,'黄酒',0.0,'适量','2017-05-28 06:57:11',NULL),
	(305,21,1,'对虾',400.0,'g','2017-05-28 07:07:39',NULL),
	(306,21,1,'红椒',0.0,'少许','2017-05-28 07:07:39',NULL),
	(307,21,1,'葱',0.0,'少许','2017-05-28 07:07:39',NULL),
	(308,21,1,'姜',0.0,'少许','2017-05-28 07:07:39',NULL),
	(309,21,1,'蒜',0.0,'少许','2017-05-28 07:07:39',NULL),
	(310,21,2,'黄酒',50.0,'g','2017-05-28 07:07:39',NULL),
	(311,21,2,'盐',10.0,'g','2017-05-28 07:07:39',NULL),
	(312,21,2,'糖',30.0,'g','2017-05-28 07:07:39',NULL),
	(313,21,2,'六月鲜特级酱油',30.0,'mL','2017-05-28 07:07:39',NULL),
	(322,23,1,'罗马生菜',50.0,'g','2017-05-28 09:08:08',NULL),
	(323,23,1,'圣女果',10.0,'g','2017-05-28 09:08:08',NULL),
	(324,23,1,'牛油果肉',25.0,'g','2017-05-28 09:08:08',NULL),
	(325,23,1,'柚子肉',30.0,'g','2017-05-28 09:08:08',NULL),
	(326,23,1,'红叶生菜',50.0,'g','2017-05-28 09:08:08',NULL),
	(327,23,1,'雪梨肉',30.0,'g','2017-05-28 09:08:08',NULL),
	(328,23,1,'火龙果肉',30.0,'g','2017-05-28 09:08:08',NULL),
	(329,23,1,'芒果肉',30.0,'g','2017-05-28 09:08:08',NULL),
	(330,23,2,'六月鲜特级酱油',30.0,'g','2017-05-28 09:08:08',NULL),
	(331,23,2,'旗牌黄芥末',50.0,'g','2017-05-28 09:08:08',NULL),
	(332,23,2,'沙拉酱',50.0,'g','2017-05-28 09:08:08',NULL),
	(333,24,1,'山药',200.0,'g','2017-05-28 09:12:36',NULL),
	(334,24,1,'湿木耳',100.0,'g','2017-05-28 09:12:36',NULL),
	(335,24,1,'老母鸡',300.0,'g','2017-05-28 09:12:36',NULL),
	(336,24,2,'盐',75.0,'g','2017-05-28 09:12:36',NULL),
	(337,24,2,'鸡粉',20.0,'g','2017-05-28 09:12:36',NULL),
	(338,24,2,'六月鲜特级原汁酱油',15.0,'mL','2017-05-28 09:12:36',NULL),
	(339,15,1,'蹄髈',1.0,'条','2017-06-01 14:01:10',NULL),
	(340,15,1,'大红洋葱',4.0,'个','2017-06-01 14:01:10',NULL),
	(341,15,1,'蒜头',2.0,'颗','2017-06-01 14:01:10',NULL),
	(342,15,1,'胡萝卜',1.0,'个','2017-06-01 14:01:10',NULL),
	(343,15,2,'六月鲜特级酱油',25.0,'mL','2017-06-01 14:01:10',NULL),
	(344,15,2,'四川花椒',0.5,'碗','2017-06-01 14:01:10',NULL),
	(345,15,2,'丁香',2.0,'汤匙','2017-06-01 14:01:10',NULL),
	(346,15,2,'黑胡椒粒',0.0,'适量','2017-06-01 14:01:10',NULL),
	(347,15,2,'干辣椒',0.0,'适量','2017-06-01 14:01:10',NULL),
	(348,15,2,'醋',0.5,'杯','2017-06-01 14:01:10',NULL),
	(349,15,2,'红酒',500.0,'mL','2017-06-01 14:01:11',NULL),
	(350,15,2,'苏打水',1.0,'罐','2017-06-01 14:01:11',NULL),
	(351,15,2,'肉桂',1.0,'条','2017-06-01 14:01:11',NULL),
	(352,6,1,'Martini Dry 马天尼干',30.0,'mL','2017-06-01 14:09:07',NULL),
	(353,6,1,'Croft 珂珞芙奶油雪莉酒',20.0,'mL','2017-06-01 14:09:07',NULL),
	(354,6,1,'Martini Brut 马天尼干型气泡酒',100.0,'mL','2017-06-01 14:09:07',NULL),
	(355,6,2,'六月鲜特级酱油（或淡盐酱油）',3.0,'mL','2017-06-01 14:09:07',NULL),
	(356,6,2,'干桂花',0.0,'少许','2017-06-01 14:09:07',NULL),
	(357,6,2,'橙子',0.5,'颗','2017-06-01 14:09:07',NULL),
	(358,6,2,'冰块',0.0,'适量','2017-06-01 14:09:07',NULL),
	(359,7,1,'红洋葱',50.0,'g','2017-06-01 14:12:07',NULL),
	(360,7,1,'大蒜',20.0,'g','2017-06-01 14:12:07',NULL),
	(361,7,1,'牛肉麋',250.0,'g','2017-06-01 14:12:07',NULL),
	(362,7,1,'西红柿',50.0,'g','2017-06-01 14:12:07',NULL),
	(363,7,1,'红甜椒',1.0,'个','2017-06-01 14:12:07',NULL),
	(364,7,1,'黄甜椒',1.0,'个','2017-06-01 14:12:07',NULL),
	(365,7,1,'绿甜椒',1.0,'个','2017-06-01 14:12:07',NULL),
	(366,7,1,'柠檬',1.0,'个','2017-06-01 14:12:07',NULL),
	(367,7,2,'禾然有机橄榄油',30.0,'mL','2017-06-01 14:12:07',NULL),
	(368,7,2,'迷迭香',5.0,'g','2017-06-01 14:12:07',NULL),
	(369,7,2,'马苏里拉和帕玛森混合芝士末',250.0,'g','2017-06-01 14:12:07',NULL),
	(370,7,2,'红酒',50.0,'mL','2017-06-01 14:12:07',NULL),
	(371,7,2,'六月鲜红烧酱油',10.0,'mL','2017-06-01 14:12:07',NULL),
	(372,7,2,'鸡汤',500.0,'mL','2017-06-01 14:12:07',NULL),
	(373,19,1,'鸡蛋',3.0,'颗','2017-06-01 14:13:45',NULL),
	(374,19,1,'干香菇',4.0,'颗','2017-06-01 14:13:45',NULL),
	(375,19,1,'葱花',0.0,'少许','2017-06-01 14:13:45',NULL),
	(376,19,1,'干贝（湿）',6.0,'粒','2017-06-01 14:13:45',NULL),
	(377,19,2,'盐',20.0,'g','2017-06-01 14:13:45',NULL),
	(378,19,2,'橄榄油',0.0,'适量','2017-06-01 14:13:45',NULL),
	(379,19,2,'鸡粉',10.0,'g','2017-06-01 14:13:45',NULL),
	(380,19,2,'六月鲜特级淡盐酱油',15.0,'mL','2017-06-01 14:13:45',NULL),
	(381,8,1,'水晶鸡',500.0,'g','2017-06-01 14:14:59',NULL),
	(382,8,1,'黑豆苗',100.0,'g','2017-06-01 14:14:59',NULL),
	(383,8,2,'六月鲜淡盐酱油',50.0,'mL','2017-06-01 14:14:59',NULL),
	(384,8,2,'老抽酱油',20.0,'mL','2017-06-01 14:14:59',NULL),
	(385,8,2,'韩国幼砂糖',15.0,'g','2017-06-01 14:14:59',NULL),
	(386,8,2,'细葱',5.0,'g','2017-06-01 14:14:59',NULL),
	(387,8,2,'去皮姜',5.0,'g','2017-06-01 14:14:59',NULL),
	(388,8,2,'葱油',10.0,'g','2017-06-01 14:14:59',NULL),
	(389,8,2,'黄酒',0.0,'适量','2017-06-01 14:14:59',NULL),
	(390,22,1,'鲜虾仁',300.0,'g','2017-06-01 14:20:13',NULL),
	(391,22,1,'澄粉',100.0,'g','2017-06-01 14:20:13',NULL),
	(392,22,1,'生粉',50.0,'g','2017-06-01 14:20:13',NULL),
	(393,22,2,'开水',200.0,'g','2017-06-01 14:20:13',NULL),
	(394,22,2,'肥膘',5.0,'g','2017-06-01 14:20:13',NULL),
	(395,22,2,'盐',30.0,'g','2017-06-01 14:20:13',NULL),
	(396,22,2,'六月鲜特级酱油',0.0,'少许','2017-06-01 14:20:13',NULL),
	(397,22,2,'麻油',0.0,'少许','2017-06-01 14:20:13',NULL),
	(398,9,1,'鲜核桃仁',75.0,'g','2017-06-01 14:20:45',NULL),
	(399,9,1,'龙豆',75.0,'g','2017-06-01 14:20:45',NULL),
	(400,9,2,'六月鲜原汁酱油',5.0,'mL','2017-06-01 14:20:45',NULL),
	(401,9,2,'鲜露汁',5.0,'g','2017-06-01 14:20:45',NULL),
	(402,9,2,'鸡粉',3.0,'g','2017-06-01 14:20:45',NULL),
	(403,9,2,'葱油	',10.0,'mL','2017-06-01 14:20:45',NULL),
	(404,10,1,'澳洲牛柳',150.0,'g','2017-06-01 14:24:57',NULL),
	(405,10,1,'广东凉瓜',100.0,'g','2017-06-01 14:24:57',NULL),
	(406,10,1,'甜彩椒',50.0,'g','2017-06-01 14:24:57',NULL),
	(407,10,1,'一级松仁',25.0,'g','2017-06-01 14:24:57',NULL),
	(408,10,1,'细葱',10.0,'g','2017-06-01 14:24:57',NULL),
	(409,10,1,'去皮姜',5.0,'g','2017-06-01 14:24:57',NULL),
	(410,10,1,'干葱头',5.0,'g','2017-06-01 14:24:57',NULL),
	(411,10,1,'薄荷叶',50.0,'g','2017-06-01 14:24:57',NULL),
	(412,10,2,'六月鲜特级酱油',0.0,'少许','2017-06-01 14:24:57',NULL),
	(413,10,2,'味达美蚝油',0.0,'少许','2017-06-01 14:24:57',NULL),
	(414,10,2,'韩国幼砂糖',1.0,'g','2017-06-01 14:24:57',NULL),
	(415,10,2,'鸡蛋',1.0,'颗','2017-06-01 14:24:57',NULL),
	(416,10,2,'麻油',2.0,'mL','2017-06-01 14:24:57',NULL),
	(417,10,2,'橄榄油',25.0,'mL','2017-06-01 14:24:57',NULL),
	(418,10,2,'黄酒	',25.0,'mL','2017-06-01 14:24:57',NULL),
	(419,11,1,'冰草',250.0,'g','2017-06-01 14:27:42',NULL),
	(420,11,1,'小红萝卜',2.0,'个','2017-06-01 14:27:43',NULL),
	(421,11,1,'黄瓜花',1.0,'捆','2017-06-01 14:27:43',NULL),
	(422,11,2,'六月鲜特级酱油',10.0,'mL','2017-06-01 14:27:43',NULL),
	(423,11,2,'芝麻风味沙拉酱',10.0,'g','2017-06-01 14:27:43',NULL),
	(424,11,2,'花生酱',10.0,'g','2017-06-01 14:27:43',NULL),
	(425,12,1,'挪威金枪鱼',50.0,'g','2017-06-01 14:48:42',NULL),
	(426,12,1,'牛油果',1.0,'只','2017-06-01 14:48:43',NULL),
	(427,12,2,'[A] 六月鲜柠檬蒸鱼酱油',10.0,'mL','2017-06-01 14:48:43',NULL),
	(428,12,2,'[A] 葱伴侣 6月香辣椒酱',50.0,'g','2017-06-01 14:48:43',NULL),
	(429,12,2,'[A] 番茄沙司',20.0,'g','2017-06-01 14:48:43',NULL),
	(430,12,2,'[A] 辣椒仔',5.0,'g','2017-06-01 14:48:43',NULL),
	(431,12,2,'[A] 葱油',5.0,'g','2017-06-01 14:48:43',NULL),
	(432,12,2,'[B] 六月鲜特级酱油',100.0,'mL','2017-06-01 14:48:43',NULL),
	(433,12,2,'[B] 韩国幼砂糖',100.0,'g','2017-06-01 14:48:43',NULL),
	(434,3,1,'三文鱼（切薄片）',800.0,'g','2017-06-01 14:52:26',NULL),
	(435,3,1,'新鲜莳萝',2.0,'捆','2017-06-01 14:52:26',NULL),
	(436,3,1,'香菜',1.0,'捆','2017-06-01 14:52:26',NULL),
	(437,3,1,'橘子',1.0,'个','2017-06-01 14:52:26',NULL),
	(438,3,1,'柠檬',2.0,'个','2017-06-01 14:52:26',NULL),
	(439,3,2,'盐',6.0,'茶勺','2017-06-01 14:52:26',NULL),
	(440,3,2,'伏特加',20.0,'mL','2017-06-01 14:52:26',NULL),
	(441,3,2,'黄糖',0.0,'适量','2017-06-01 14:52:26',NULL),
	(442,3,2,'[A] 甜菜根',0.0,'适量','2017-06-01 14:52:26',NULL),
	(443,3,2,'[A] 香醋',0.0,'适量','2017-06-01 14:52:26',NULL),
	(444,3,2,'[A] 六月鲜特级酱油',0.0,'适量','2017-06-01 14:52:26',NULL),
	(445,3,2,'[B] 酸奶油',0.0,'适量','2017-06-01 14:52:26',NULL),
	(446,3,2,'[B] 芥末酱',0.0,'适量','2017-06-01 14:52:26',NULL),
	(447,3,2,'[B] 莳萝',0.0,'适量','2017-06-01 14:52:26',NULL),
	(448,25,1,'菲力牛排',200.0,'g','2017-06-05 18:15:57',NULL),
	(449,25,1,'西兰花',18.0,'g','2017-06-05 18:15:57',NULL),
	(450,25,1,'红番茄',15.0,'g','2017-06-05 18:15:57',NULL),
	(451,25,1,'芦笋',200.0,'g','2017-06-05 18:15:57',NULL),
	(452,25,1,'蒜',6.0,'g','2017-06-05 18:15:57',NULL),
	(453,25,2,'盐',0.0,'适量','2017-06-05 18:15:57',NULL),
	(454,25,2,'胡椒粉',0.0,'适量','2017-06-05 18:15:57',NULL),
	(455,25,2,'橄榄油',0.0,'适量','2017-06-05 18:15:57',NULL),
	(456,25,2,'六月鲜特级原汁酱油',10.0,'g','2017-06-05 18:15:57',NULL),
	(457,26,1,'鸡胸肉',100.0,'g','2017-06-05 18:27:10',NULL),
	(458,26,1,'小番茄',3.0,'g','2017-06-05 18:27:10',NULL),
	(459,26,1,'牛油果',0.5,'个','2017-06-05 18:27:10',NULL),
	(460,26,1,'生菜',50.0,'g','2017-06-05 18:27:10',NULL),
	(461,26,1,'紫叶生菜',50.0,'g','2017-06-05 18:27:10',NULL),
	(462,26,1,'蜂蜜',20.0,'g','2017-06-05 18:27:10',NULL),
	(463,26,2,'六月鲜淡盐酱油',60.0,'g','2017-06-05 18:27:10',NULL),
	(464,26,2,'醯官醋',30.0,'g','2017-06-05 18:27:10',NULL),
	(465,26,2,'胡椒粉',0.0,'适量','2017-06-05 18:27:10',NULL),
	(466,26,2,'盐',0.0,'适量','2017-06-05 18:27:10',NULL),
	(467,26,2,'橄榄油',0.0,'适量','2017-06-05 18:27:10',NULL),
	(468,27,1,'卷心菜',70.0,'g','2017-06-05 18:58:54',NULL),
	(469,27,1,'红肠',100.0,'g','2017-06-05 18:58:54',NULL),
	(470,27,1,'胡萝卜',20.0,'g','2017-06-05 18:58:54',NULL),
	(471,27,1,'土豆',90.0,'g','2017-06-05 18:58:54',NULL),
	(472,27,1,'西红柿',150.0,'g','2017-06-05 18:58:54',NULL),
	(473,27,1,'洋葱',45.0,'g','2017-06-05 18:58:54',NULL),
	(474,27,1,'西芹',30.0,'g','2017-06-05 18:58:54',NULL),
	(475,27,1,'甜菜根',1.0,'个','2017-06-05 18:58:54',NULL),
	(476,27,1,'番茄酱',70.0,'g','2017-06-05 18:58:54',NULL),
	(477,27,1,'沙司',40.0,'g','2017-06-05 18:58:54',NULL),
	(478,27,1,'奶油',30.0,'g','2017-06-05 18:58:54',NULL),
	(479,27,1,'水',700.0,'g','2017-06-05 18:58:54',NULL),
	(480,27,2,'六月鲜原汁酱油',25.0,'g','2017-06-05 18:58:54',NULL),
	(481,27,2,'海盐',0.0,'适量','2017-06-05 18:58:54',NULL),
	(482,27,2,'橄榄油',0.0,'适量','2017-06-05 18:58:54',NULL),
	(483,27,2,'白糖',0.0,'适量','2017-06-05 18:58:54',NULL),
	(484,27,2,'水淀粉',0.0,'少许','2017-06-05 18:58:54',NULL),
	(489,29,1,'西兰花',250.0,'g','2017-06-06 11:49:45',NULL),
	(490,29,1,'小番茄',1.0,'个','2017-06-06 11:49:45',NULL),
	(491,29,1,'玉米粒',20.0,'g','2017-06-06 11:49:45',NULL),
	(492,29,1,'青豆',20.0,'g','2017-06-06 11:49:45',NULL),
	(493,29,1,'鸡蛋',2.0,'颗','2017-06-06 11:49:45',NULL),
	(494,29,1,'胡萝卜',0.0,'少许 ','2017-06-06 11:49:45',NULL),
	(495,29,2,'盐',2.0,'g','2017-06-06 11:49:45',NULL),
	(496,29,2,'色拉油',30.0,'mL','2017-06-06 11:49:45',NULL),
	(497,29,2,'味达美臻品蚝油',20.0,'mL','2017-06-06 11:49:45',NULL),
	(498,29,2,'凉开水',0.5,'碗','2017-06-06 11:49:45',NULL),
	(499,29,2,'六月鲜特级淡盐酱油',15.0,'mL','2017-06-06 11:49:45',NULL),
	(500,30,1,'胡萝卜',100.0,'g','2017-06-06 11:58:46',NULL),
	(501,30,1,'黄瓜',100.0,'g','2017-06-06 11:58:46',NULL),
	(502,30,1,'白芝麻',5.0,'g','2017-06-06 11:58:46',NULL),
	(503,30,1,'黄菊花',3.0,'朵','2017-06-06 11:58:46',NULL),
	(504,30,2,'六月鲜淡盐酱油',10.0,'mL','2017-06-06 11:58:46',NULL),
	(505,30,2,'醯官醋原浆米醋',20.0,'mL','2017-06-06 11:58:46',NULL),
	(506,30,2,'芝麻油',10.0,'mL','2017-06-06 11:58:46',NULL),
	(507,31,1,'圆葱碎',0.0,'少许','2017-06-06 12:10:36',NULL),
	(508,31,1,'红椒碎',0.0,'少许','2017-06-06 12:10:36',NULL),
	(509,31,1,'贝丁',400.0,'g','2017-06-06 12:10:36',NULL),
	(510,31,2,'味达美臻品蚝油',25.0,'g','2017-06-06 12:10:36',NULL),
	(511,31,2,'六月鲜特级酱油',50.0,'mL','2017-06-06 12:10:36',NULL),
	(512,31,2,'糖',5.0,'g','2017-06-06 12:10:36',NULL),
	(519,32,1,'芥蓝',200.0,'g','2017-06-06 12:33:39',NULL),
	(520,32,1,'三文鱼',100.0,'g','2017-06-06 12:33:39',NULL),
	(521,32,1,'金针菇',50.0,'g','2017-06-06 12:33:39',NULL),
	(522,32,2,'六月鲜特级酱油',20.0,'mL','2017-06-06 12:33:39',NULL),
	(523,32,2,'料酒',5.0,'mL','2017-06-06 12:33:39',NULL),
	(524,32,2,'胡椒粉',2.0,'g','2017-06-06 12:33:39',NULL),
	(525,32,2,'芝麻油',0.0,'少许','2017-06-06 12:33:39',NULL),
	(526,32,2,'盐',0.0,'少许','2017-06-06 12:33:39',NULL),
	(551,34,1,'芦笋',250.0,'g','2017-06-09 19:10:10',NULL),
	(552,34,1,'柠檬',0.0,'少量','2017-06-09 19:10:10',NULL),
	(553,34,2,'六月鲜特级原汁酱油',20.0,'g','2017-06-09 19:10:10',NULL),
	(554,34,2,'盐',0.0,'少许','2017-06-09 19:10:10',NULL),
	(555,34,2,'橄榄油',0.0,'少许','2017-06-09 19:10:10',NULL),
	(556,35,1,'杏鲍菇',80.0,'g','2017-06-09 19:15:34',NULL),
	(557,35,1,'蟹味菇',100.0,'g','2017-06-09 19:15:34',NULL),
	(558,35,1,'西芹',30.0,'g','2017-06-09 19:15:34',NULL),
	(559,35,1,'胡萝卜',28.0,'g','2017-06-09 19:15:34',NULL),
	(560,35,2,'盐',0.0,'少许','2017-06-09 19:15:34',NULL),
	(561,35,2,'六月鲜特级酱油',20.0,'g','2017-06-09 19:15:34',NULL),
	(562,35,2,'淀粉',0.0,'少许','2017-06-09 19:15:34',NULL),
	(563,35,2,'水',900.0,'g','2017-06-09 19:15:34',NULL),
	(572,36,1,'隔夜米饭',380.0,'g','2017-06-09 19:27:22',NULL),
	(573,36,1,'青豆',10.0,'g','2017-06-09 19:27:22',NULL),
	(574,36,1,'玉米粒',10.0,'g','2017-06-09 19:27:22',NULL),
	(575,36,1,'红肠',10.0,'g','2017-06-09 19:27:22',NULL),
	(576,36,1,'胡萝卜',1.0,'个','2017-06-09 19:27:22',NULL),
	(577,36,1,'葱',12.0,'g','2017-06-09 19:27:22',NULL),
	(578,36,1,'姜',0.0,'适量','2017-06-09 19:27:22',NULL),
	(579,36,1,'蒜',0.0,'适量','2017-06-09 19:27:22',NULL),
	(580,36,2,'六月鲜特级酱油',25.0,'g','2017-06-09 19:27:22',NULL),
	(581,36,2,'橄榄油',0.0,'适量','2017-06-09 19:27:22',NULL),
	(612,33,1,'牛肉糜',320.0,'g','2017-06-12 14:37:19',NULL),
	(613,33,1,'香菜',10.0,'g','2017-06-12 14:37:19',NULL),
	(614,33,1,'青椒',16.0,'g','2017-06-12 14:37:19',NULL),
	(615,33,1,'薄荷叶',2.0,'g','2017-06-12 14:37:19',NULL),
	(616,33,1,'小红辣椒',5.0,'g','2017-06-12 14:37:19',NULL),
	(617,33,1,'洋葱',48.0,'g','2017-06-12 14:37:19',NULL),
	(618,33,1,'芝士片',3.0,'片','2017-06-12 14:37:19',NULL),
	(619,33,1,'芝士碎',40.0,'g','2017-06-12 14:37:19',NULL),
	(620,33,1,'面饼',15.0,'个','2017-06-12 14:37:19',NULL),
	(621,33,1,'生菜',0.0,'适量','2017-06-12 14:37:19',NULL),
	(622,33,2,'六月鲜淡盐酱油',50.0,'g','2017-06-12 14:37:19',NULL),
	(623,33,2,'六月鲜红烧酱油',8.0,'g','2017-06-12 14:37:19',NULL),
	(624,33,2,'橄榄油',0.0,'少许','2017-06-12 14:37:19',NULL),
	(625,33,2,'水',150.0,'g','2017-06-12 14:37:19',NULL),
	(626,33,2,'黑胡椒',0.0,'少许','2017-06-12 14:37:19',NULL),
	(627,37,1,'话梅',6.0,'g','2017-06-12 15:01:09',NULL),
	(628,37,1,'肋排',250.0,'g','2017-06-12 15:01:09',NULL),
	(629,37,1,'水',180.0,'g','2017-06-12 15:01:09',NULL),
	(630,37,2,'花雕酒',25.0,'g','2017-06-12 15:01:09',NULL),
	(631,37,2,'生粉',0.0,'少许','2017-06-12 15:01:09',NULL),
	(632,37,2,'冰糖',0.0,'少许','2017-06-12 15:01:09',NULL),
	(633,37,2,'盐',0.0,'少许','2017-06-12 15:01:09',NULL),
	(634,37,2,'六月鲜红烧酱油',10.0,'g','2017-06-12 15:01:09',NULL),
	(635,37,2,'六月鲜特级酱油',10.0,'g','2017-06-12 15:01:09',NULL),
	(636,38,1,'樱桃小萝卜',5.0,'颗','2017-06-12 15:10:42',NULL),
	(637,38,1,'小黄瓜',0.5,'根','2017-06-12 15:10:42',NULL),
	(638,38,2,'六月鲜特级酱油',2.0,'g','2017-06-12 15:10:42',NULL),
	(639,38,2,'醯官醋原浆米醋',1.0,'g','2017-06-12 15:10:42',NULL),
	(640,38,2,'白糖',1.0,'g','2017-06-12 15:10:42',NULL),
	(733,48,1,'鲈鱼',1.0,'条','2017-09-26 17:01:11',NULL),
	(734,48,1,'葱',20.0,'g','2017-09-26 17:01:11',NULL),
	(735,48,1,'姜',10.0,'g','2017-09-26 17:01:11',NULL),
	(736,48,2,'六月鲜柠檬蒸鱼酱油',30.0,'g','2017-09-26 17:01:11',NULL),
	(737,48,2,'料酒',30.0,'g','2017-09-26 17:01:11',NULL),
	(831,28,1,'香橙',1.0,'个','2017-09-29 15:59:57',NULL),
	(832,28,1,'鸡翅中',8.0,'只','2017-09-29 15:59:57',NULL),
	(833,28,2,'六月鲜特级酱油',30.0,'mL','2017-09-29 15:59:57',NULL),
	(834,28,2,'料酒',15.0,'mL','2017-09-29 15:59:57',NULL),
	(835,28,2,'盐',0.0,'适量','2017-09-29 15:59:57',NULL),
	(836,28,2,'鸡精',0.0,'适量','2017-09-29 15:59:57',NULL),
	(837,28,2,'白糖',0.0,'适量','2017-09-29 15:59:57',NULL),
	(838,41,1,'大闸蟹',3.0,'只','2017-09-29 21:49:46',NULL),
	(839,41,1,'姜',1.0,'块','2017-09-29 21:49:46',NULL),
	(840,41,2,'醯官醋原浆米醋',30.0,'g','2017-09-29 21:49:46',NULL),
	(841,41,2,'六月鲜特级酱油',20.0,'g','2017-09-29 21:49:46',NULL),
	(842,41,2,'糖',10.0,'g','2017-09-29 21:49:46',NULL),
	(843,42,1,'虾仁',300.0,'g','2017-10-16 16:29:57',NULL),
	(844,42,2,'味达美清香米醋',20.0,'g','2017-10-16 16:29:57',NULL),
	(845,42,2,'葱伴侣6月香辣椒酱',30.0,'g','2017-10-16 16:29:57',NULL),
	(846,42,2,'味达美味极鲜酱油',5.0,'g','2017-10-16 16:29:57',NULL),
	(847,42,2,'美人椒',20.0,'g','2017-10-16 16:29:57',NULL),
	(848,42,2,'蒜片',10.0,'g','2017-10-16 16:29:57',NULL),
	(849,42,2,'姜片',10.0,'g','2017-10-16 16:29:57',NULL),
	(850,42,2,'料酒',5.0,'g','2017-10-16 16:29:57',NULL),
	(851,42,2,'淀粉',3.0,'g','2017-10-16 16:29:57',NULL),
	(852,43,1,'鸭',1.0,'只','2017-10-16 16:31:03',NULL),
	(853,43,1,'姜  ',20.0,'g','2017-10-16 16:31:03',NULL),
	(854,43,1,'葱 ',30.0,'g','2017-10-16 16:31:03',NULL),
	(855,43,1,'八角 ',2.0,'g','2017-10-16 16:31:03',NULL),
	(856,43,1,'料酒',10.0,'g','2017-10-16 16:31:03',NULL),
	(857,43,2,'六月鲜红烧酱油',100.0,'g','2017-10-16 16:31:03',NULL),
	(858,43,2,'六月鲜特级酱油',100.0,'g','2017-10-16 16:31:03',NULL),
	(859,43,2,'冰糖',50.0,'g','2017-10-16 16:31:03',NULL),
	(860,44,1,'五花肉',500.0,'g','2017-10-16 16:33:45',NULL),
	(861,44,1,'板栗仁',100.0,'g','2017-10-16 16:33:45',NULL),
	(862,44,2,'葱',20.0,'g','2017-10-16 16:33:45',NULL),
	(863,44,2,'姜',20.0,'g','2017-10-16 16:33:45',NULL),
	(864,44,2,'六月鲜红烧酱油',50.0,'g','2017-10-16 16:33:45',NULL),
	(865,44,2,'料酒',10.0,'g','2017-10-16 16:33:45',NULL),
	(875,45,1,'海带丝',100.0,'g','2017-10-16 16:34:48',NULL),
	(876,45,1,'金针菇',80.0,'g','2017-10-16 16:34:48',NULL),
	(877,45,2,'六月鲜特级酱油',30.0,'g','2017-10-16 16:34:48',NULL),
	(878,45,2,'味达美清香米醋',25.0,'g','2017-10-16 16:34:48',NULL),
	(879,45,2,'红油',2.0,'g','2017-10-16 16:34:48',NULL),
	(880,45,2,'白芝麻',3.0,'g','2017-10-16 16:34:48',NULL),
	(881,45,2,'糖',10.0,'g','2017-10-16 16:34:48',NULL),
	(882,45,2,'味达美臻品蚝油',5.0,'g','2017-10-16 16:34:48',NULL),
	(883,45,2,'红椒',2.0,'g','2017-10-16 16:34:48',NULL),
	(890,46,1,'秋葵',300.0,'g','2017-10-16 16:36:19',NULL),
	(891,46,2,'六月鲜特级淡盐酱油',100.0,'g','2017-10-16 16:36:19',NULL),
	(892,46,2,'醯官醋原浆米醋',10.0,'g','2017-10-16 16:36:19',NULL),
	(893,46,2,'味达美臻品蚝油',10.0,'g','2017-10-16 16:36:19',NULL),
	(894,46,2,'糖',20.0,'g','2017-10-16 16:36:19',NULL),
	(895,46,2,'芝麻油',2.0,'g','2017-10-16 16:36:19',NULL),
	(896,47,1,'猪肉馅（三分肥七分瘦）',150.0,'g','2017-10-16 16:36:46',NULL),
	(897,47,1,'莲藕',200.0,'g','2017-10-16 16:36:46',NULL),
	(898,47,2,'六月鲜红烧酱油',3.0,'g','2017-10-16 16:36:46',NULL),
	(899,47,2,'六月鲜特级酱油',10.0,'g','2017-10-16 16:36:46',NULL),
	(900,47,2,'香葱',10.0,'g','2017-10-16 16:36:46',NULL),
	(901,47,2,'鸡蛋清',1.0,'个','2017-10-16 16:36:46',NULL),
	(902,47,2,'玉米淀粉',20.0,'g','2017-10-16 16:36:46',NULL),
	(903,49,1,'鲈鱼',500.0,'g','2017-10-16 16:38:21',NULL),
	(904,49,1,'胡萝卜',20.0,'g','2017-10-16 16:38:21',NULL),
	(905,49,1,'小青豆',20.0,'g','2017-10-16 16:38:21',NULL),
	(906,49,1,'鸡蛋',1.0,'个','2017-10-16 16:38:21',NULL),
	(907,49,2,'白糖',30.0,'g','2017-10-16 16:38:21',NULL),
	(908,49,2,'六月鲜特级酱油',10.0,'g','2017-10-16 16:38:21',NULL),
	(909,49,2,'番茄酱',50.0,'g','2017-10-16 16:38:21',NULL),
	(910,49,2,'醯官醋原浆苹果醋',30.0,'g','2017-10-16 16:38:21',NULL),
	(911,49,2,'料酒',10.0,'g','2017-10-16 16:38:21',NULL),
	(912,49,2,'淀粉',5.0,'g','2017-10-16 16:38:21',NULL),
	(913,50,1,'梭子蟹',2.0,'只','2017-10-16 16:39:32',NULL),
	(914,50,1,'姜',1.0,'块','2017-10-16 16:39:32',NULL),
	(915,50,2,'味达美清香米醋',30.0,'g','2017-10-16 16:39:32',NULL),
	(916,50,2,'味达美味极鲜酱油',20.0,'g','2017-10-16 16:39:32',NULL),
	(917,50,2,' 糖',10.0,'g','2017-10-16 16:39:32',NULL),
	(943,55,1,'五花肉',500.0,'g','2017-10-16 16:42:11',NULL),
	(944,55,1,'鸡蛋',5.0,'只','2017-10-16 16:42:11',NULL),
	(945,55,1,'香菇',30.0,'g','2017-10-16 16:42:11',NULL),
	(946,55,2,'葱',20.0,'g','2017-10-16 16:42:11',NULL),
	(947,55,2,'姜',10.0,'g','2017-10-16 16:42:11',NULL),
	(948,55,2,'料酒',10.0,'g','2017-10-16 16:42:11',NULL),
	(949,55,2,'味达美冰糖老抽酱油',30.0,'g','2017-10-16 16:42:11',NULL),
	(950,55,2,'味达美味极鲜酱油',20.0,'g','2017-10-16 16:42:11',NULL),
	(951,55,2,'糖',30.0,'g','2017-10-16 16:42:11',NULL),
	(952,54,1,'低筋粉',500.0,'g','2017-10-16 16:42:33',NULL),
	(953,54,1,'猪油',200.0,'g','2017-10-16 16:42:33',NULL),
	(954,54,1,'肉糜',200.0,'g','2017-10-16 16:42:33',NULL),
	(955,54,1,'鸡蛋',1.0,'只','2017-10-16 16:42:33',NULL),
	(956,54,2,'六月鲜红烧酱油',10.0,'g','2017-10-16 16:42:33',NULL),
	(957,54,2,'六月鲜特级酱油',30.0,'g','2017-10-16 16:42:33',NULL),
	(958,54,2,'糖',10.0,'g','2017-10-16 16:42:33',NULL),
	(959,54,2,'葱姜水',30.0,'g','2017-10-16 16:42:33',NULL),
	(960,54,2,'胡椒粉',2.0,'g','2017-10-16 16:42:33',NULL),
	(972,56,1,'豆腐',200.0,'g','2017-10-16 16:44:31',NULL),
	(973,56,1,'肉糜',100.0,'g','2017-10-16 16:44:31',NULL),
	(974,56,1,'虾米',10.0,'g','2017-10-16 16:44:31',NULL),
	(975,56,1,'虾仁',10.0,'只','2017-10-16 16:44:31',NULL),
	(976,56,2,'六月鲜特级酱油',10.0,'g','2017-10-16 16:44:31',NULL),
	(977,56,2,'葱伴侣黄豆酱',20.0,'g','2017-10-16 16:44:31',NULL),
	(978,56,2,'味达美臻品蚝油',5.0,'g','2017-10-16 16:44:31',NULL),
	(979,56,2,'玉米淀粉',3.0,'g','2017-10-16 16:44:31',NULL),
	(980,56,2,'小青菜',10.0,'棵','2017-10-16 16:44:31',NULL),
	(981,56,2,'香葱',5.0,'g','2017-10-16 16:44:31',NULL),
	(982,56,2,'鸡蛋',1.0,'只','2017-10-16 16:44:31',NULL),
	(994,53,1,'面粉',400.0,'g','2017-10-16 17:01:04',NULL),
	(995,53,1,'肉糜',150.0,'g','2017-10-16 17:01:04',NULL),
	(996,53,1,'韭菜',100.0,'g','2017-10-16 17:01:04',NULL),
	(997,53,1,'虾米',20.0,'g','2017-10-16 17:01:04',NULL),
	(998,53,1,'鸡蛋',1.0,'只','2017-10-16 17:01:04',NULL),
	(999,53,2,'味达美臻品蚝油',10.0,'g','2017-10-16 17:01:04',NULL),
	(1000,53,2,'六月鲜特级酱油',30.0,'g','2017-10-16 17:01:04',NULL),
	(1001,51,1,'小排',500.0,'g','2017-10-16 17:03:17',NULL),
	(1002,51,1,'生姜',10.0,'g','2017-10-16 17:03:17',NULL),
	(1003,51,1,'葱',20.0,'g','2017-10-16 17:03:17',NULL),
	(1004,51,2,'料酒',10.0,'g','2017-10-16 17:03:17',NULL),
	(1005,51,2,'味达美冰糖老抽酱油',30.0,'g','2017-10-16 17:03:17',NULL),
	(1006,51,2,'味达美清香米醋',50.0,'g','2017-10-16 17:03:17',NULL),
	(1007,51,2,'味达美味极鲜酱油',10.0,'g','2017-10-16 17:03:17',NULL),
	(1008,51,2,'白砂糖',30.0,'g','2017-10-16 17:03:17',NULL),
	(1017,40,1,'花椰菜',100.0,'g','2017-10-16 17:27:19',NULL),
	(1018,40,1,'青辣椒',30.0,'g','2017-10-16 17:27:19',NULL),
	(1019,40,1,'红辣椒',25.0,'g','2017-10-16 17:27:19',NULL),
	(1020,40,1,'青蒜',16.0,'g','2017-10-16 17:27:19',NULL),
	(1021,40,1,'蒜',10.0,'g','2017-10-16 17:27:19',NULL),
	(1022,40,1,'小红辣椒',6.0,'g','2017-10-16 17:27:19',NULL),
	(1023,40,2,'六月鲜特级酱油',12.0,'g','2017-10-16 17:27:19',NULL),
	(1024,40,2,'禾然有机特级初榨橄榄油',0.0,'适量','2017-10-16 17:27:19',NULL),
	(1025,39,1,'海虾',90.0,'g','2017-10-16 17:28:51',NULL),
	(1026,39,1,'莴笋',80.0,'g','2017-10-16 17:28:51',NULL),
	(1027,39,1,'春笋',30.0,'g','2017-10-16 17:28:51',NULL),
	(1028,39,2,'白胡椒粉',2.0,'g','2017-10-16 17:28:51',NULL),
	(1029,39,2,'六月鲜特级淡盐酱油',5.0,'mL','2017-10-16 17:28:51',NULL),
	(1030,39,2,'料酒',20.0,'mL','2017-10-16 17:28:51',NULL),
	(1031,39,2,'生粉',3.0,'g','2017-10-16 17:28:51',NULL),
	(1032,39,2,'盐',2.0,'g','2017-10-16 17:28:51',NULL),
	(1041,59,1,'醯官醋原浆米醋',1.0,'瓶','2017-10-23 09:54:03',NULL),
	(1042,59,2,'苹果',300.0,'g','2017-10-23 09:54:03',NULL),
	(1043,59,2,'黄冰糖',100.0,'g','2017-10-23 09:54:03',NULL),
	(1044,60,1,'醯官醋原浆米醋',300.0,'ml','2017-10-23 10:20:07',NULL),
	(1045,60,2,'新鲜柠檬',300.0,'g','2017-10-23 10:20:07',NULL),
	(1046,60,2,'黄冰糖',200.0,'g','2017-10-23 10:20:07',NULL),
	(1047,61,1,'醯官醋原浆米醋',300.0,'ml','2017-10-23 11:04:12',NULL),
	(1048,61,2,'黑豆',150.0,'g','2017-10-23 11:04:12',NULL),
	(1049,61,2,'冰糖',250.0,'g','2017-10-23 11:04:12',NULL),
	(1050,62,1,'醯官醋原浆米醋',300.0,'ml','2017-10-24 11:26:53',NULL),
	(1051,62,2,'红甜椒',1.0,'个','2017-10-24 11:26:53',NULL),
	(1052,62,2,'黄甜椒',1.0,'个','2017-10-24 11:26:53',NULL),
	(1053,62,2,'绿甜椒',1.0,'个','2017-10-24 11:26:53',NULL),
	(1057,63,1,'醯官醋原浆苹果醋',150.0,'ml','2017-10-25 11:21:39',NULL),
	(1058,63,2,'香蕉',1.0,'根','2017-10-25 11:21:39',NULL),
	(1059,63,2,'黑糖',50.0,'g','2017-10-25 11:21:39',NULL),
	(1060,64,1,'醯官醋原浆米醋',500.0,'ml','2017-10-25 14:31:03',NULL),
	(1061,64,2,'红心火龙果',1.0,'个','2017-10-25 14:31:03',NULL),
	(1062,64,2,'黄冰糖',200.0,'g','2017-10-25 14:31:03',NULL),
	(1066,65,1,'醯官醋原浆米醋',600.0,'ml','2017-10-26 09:39:02',NULL),
	(1067,65,2,'新鲜山楂',300.0,'g','2017-10-26 09:39:02',NULL),
	(1068,65,2,'黄冰糖',300.0,'g','2017-10-26 09:39:02',NULL),
	(1075,66,1,'醯官醋原浆米醋',500.0,'ml','2017-10-26 10:18:27',NULL),
	(1076,66,2,'新鲜仔姜',300.0,'g','2017-10-26 10:18:27',NULL),
	(1077,66,2,'黄冰糖',100.0,'g','2017-10-26 10:18:27',NULL),
	(1080,67,1,'醯官醋原浆米醋',1.0,'瓶','2017-10-27 09:34:07',NULL),
	(1081,67,2,'鲜橙',200.0,'g','2017-10-27 09:34:07',NULL),
	(1082,52,1,'干桂花粒',1.0,'勺','2017-10-27 13:48:59',NULL),
	(1083,52,1,'葡萄',5.0,'颗','2017-10-27 13:48:59',NULL),
	(1084,52,1,'提子',5.0,'颗','2017-10-27 13:48:59',NULL),
	(1085,52,1,'苹果',0.5,'个','2017-10-27 13:48:59',NULL),
	(1086,52,1,'西柚',3.0,'片','2017-10-27 13:48:59',NULL),
	(1087,52,2,'醯官醋原浆苹果醋',20.0,'mL','2017-10-27 13:48:59',NULL),
	(1088,52,2,'禾然龙眼蜂蜜',40.0,'mL','2017-10-27 13:48:59',NULL),
	(1089,52,2,'纯净水',320.0,'mL','2017-10-27 13:48:59',NULL),
	(1090,68,1,'醯官醋原浆米醋',300.0,'ml','2017-10-28 09:01:22',NULL),
	(1091,68,2,'禾然龙眼蜂蜜',150.0,'ml','2017-10-28 09:01:22',NULL),
	(1092,68,2,' 玫瑰干花',30.0,'朵','2017-10-28 09:01:22',NULL),
	(1093,69,1,'醯官醋原浆米醋',1.0,'瓶','2017-10-28 09:14:47',NULL),
	(1094,69,2,'新鲜金桔',500.0,'g','2017-10-28 09:14:47',NULL),
	(1095,69,2,'黄冰糖',300.0,'g','2017-10-28 09:14:47',NULL),
	(1096,58,1,'杏鲍菇',50.0,'g','2017-10-30 14:45:34',NULL),
	(1097,58,1,'肉眼牛排',300.0,'g','2017-10-30 14:45:34',NULL),
	(1098,58,1,'红椒',25.0,'g','2017-10-30 14:45:34',NULL),
	(1099,58,1,'黄椒',25.0,'g','2017-10-30 14:45:34',NULL),
	(1100,58,1,'洋葱',20.0,'g','2017-10-30 14:45:34',NULL),
	(1101,58,2,'六月鲜特级原汁酱油',20.0,'g','2017-10-30 14:45:34',NULL),
	(1102,58,2,'六月鲜红烧酱油',3.0,'g','2017-10-30 14:45:34',NULL),
	(1103,58,2,'味达美臻品蚝油',10.0,'g','2017-10-30 14:45:34',NULL),
	(1104,58,2,'糖',3.0,'g','2017-10-30 14:45:34',NULL),
	(1105,58,2,'黑胡椒粉',1.0,'g','2017-10-30 14:45:34',NULL),
	(1106,58,2,'淀粉',3.0,'g','2017-10-30 14:45:34',NULL),
	(1107,57,1,'对虾（大虾）',10.0,'只','2017-10-30 15:14:10',NULL),
	(1108,57,2,'味达美味极鲜酱油',50.0,'g','2017-10-30 15:14:10',NULL),
	(1109,57,2,'料酒 ',30.0,'g','2017-10-30 15:14:10',NULL),
	(1110,57,2,'绵白糖',10.0,'g','2017-10-30 15:14:10',NULL),
	(1111,57,2,'葱',20.0,'g','2017-10-30 15:14:10',NULL),
	(1112,57,2,'姜',20.0,'g','2017-10-30 15:14:10',NULL),
	(1113,57,2,'香油',5.0,'g','2017-10-30 15:14:10',NULL),
	(1114,70,1,'醯官醋原浆米醋 ',1.0,'瓶','2017-11-03 10:31:36',NULL),
	(1115,70,2,'有机花生 ',100.0,'g','2017-11-03 10:31:36',NULL),
	(1122,71,1,'醯官醋原浆米醋 ',1.0,'瓶','2017-11-03 11:23:14',NULL),
	(1123,71,2,'草莓 ',20.0,'颗','2017-11-03 11:23:14',NULL),
	(1136,72,1,'醯官醋原浆苹果醋 ',50.0,'ml','2017-11-03 13:25:33',NULL),
	(1137,72,2,'百香果 ',2.0,'个','2017-11-03 13:25:33',NULL),
	(1138,72,2,'白砂糖 ',50.0,'ml','2017-11-03 13:25:33',NULL),
	(1139,72,2,'纯净水',900.0,'ml','2017-11-03 13:25:33',NULL),
	(1140,73,1,'醯官醋原浆米醋',1.0,'瓶','2017-11-03 13:29:46',NULL),
	(1141,73,2,'菠萝 ',1.0,'个','2017-11-03 13:29:46',NULL),
	(1142,73,2,'白砂糖 ',25.0,'ml','2017-11-03 13:29:46',NULL),
	(1143,73,2,'纯净水 ',300.0,'ml','2017-11-03 13:29:46',NULL),
	(1144,74,1,'鲈鱼',1.0,'条','2017-12-05 13:56:14',NULL),
	(1145,74,1,'大葱',1.0,'根','2017-12-05 13:56:14',NULL),
	(1146,74,1,'红椒',1.0,'个','2017-12-05 13:56:14',NULL),
	(1147,74,1,'姜',1.0,'块','2017-12-05 13:56:14',NULL),
	(1148,74,2,'味达美味极鲜',30.0,'克','2017-12-05 13:56:14',NULL),
	(1149,74,2,'香油',10.0,'克','2017-12-05 13:56:14',NULL),
	(1150,74,2,'料酒',10.0,'克','2017-12-05 13:56:14',NULL),
	(1151,75,1,'金枪鱼',100.0,'克','2017-12-06 14:17:11',NULL),
	(1152,75,1,'白萝卜',10.0,'克','2017-12-06 14:17:11',NULL),
	(1153,75,1,'紫苏叶',5.0,'克','2017-12-06 14:17:11',NULL),
	(1154,75,1,'冰',50.0,'克','2017-12-06 14:17:11',NULL),
	(1155,75,2,'禾然有机酱油',10.0,'克','2017-12-06 14:17:11',NULL),
	(1156,75,2,'芥末',5.0,'克','2017-12-06 14:17:11',NULL);

/*!40000 ALTER TABLE `ingredient` ENABLE KEYS */;
UNLOCK TABLES;


# Dump of table insertlist
# ------------------------------------------------------------

DROP TABLE IF EXISTS `insertlist`;

CREATE TABLE `insertlist` (
  `thisid` int(11) NOT NULL AUTO_INCREMENT,
  `thisname` varchar(200) DEFAULT NULL,
  `thiscode` varchar(200) DEFAULT NULL,
  `thiscontent` varchar(2000) DEFAULT NULL,
  PRIMARY KEY (`thisid`)
) ENGINE=MyISAM DEFAULT CHARSET=utf8;

LOCK TABLES `insertlist` WRITE;
/*!40000 ALTER TABLE `insertlist` DISABLE KEYS */;

INSERT INTO `insertlist` (`thisid`, `thisname`, `thiscode`, `thiscontent`)
VALUES
	(1,'页首插件','topinsert','<script>\r\n//ga code\r\n  (function(i,s,o,g,r,a,m){i[\'GoogleAnalyticsObject\']=r;i[r]=i[r]||function(){\r\n  (i[r].q=i[r].q||[]).push(arguments)},i[r].l=1*new Date();a=s.createElement(o),\r\n  m=s.getElementsByTagName(o)[0];a.async=1;a.src=g;m.parentNode.insertBefore(a,m)\r\n  })(window,document,\'script\',\'https://www.google-analytics.com/analytics.js\',\'ga\');\r\n\r\n  ga(\'create\', \'UA-76235583-1\', \'auto\');\r\n  ga(\'send\', \'pageview\');\r\n\r\n\r\n\r\n//百度统计\r\n  var _hmt = _hmt || [];\r\n(function() {\r\n  var hm = document.createElement(\"script\");\r\n  hm.src = \"//hm.baidu.com/hm.js?7e74cf0d826dc8247aa45fccb72a1961\";\r\n  var s = document.getElementsByTagName(\"script\")[0]; \r\n  s.parentNode.insertBefore(hm, s);\r\n})();\r\n\r\n</script>'),
	(2,'页尾插件','bottominsert','');

/*!40000 ALTER TABLE `insertlist` ENABLE KEYS */;
UNLOCK TABLES;


# Dump of table items
# ------------------------------------------------------------

DROP TABLE IF EXISTS `items`;

CREATE TABLE `items` (
  `thisid` int(11) NOT NULL AUTO_INCREMENT,
  `productid` int(11) DEFAULT NULL,
  `thisname` varchar(100) DEFAULT NULL,
  `thisweight` int(11) DEFAULT NULL,
  `thiswunit` varchar(50) DEFAULT NULL,
  `thisprice` decimal(10,2) DEFAULT NULL,
  `thisunit` varchar(20) DEFAULT NULL,
  `thisbox` int(11) DEFAULT NULL,
  `dateadd` timestamp NOT NULL DEFAULT CURRENT_TIMESTAMP,
  `dateupdate` datetime DEFAULT NULL,
  `isopen` tinyint(4) NOT NULL DEFAULT '0',
  `sorting` int(10) DEFAULT NULL,
  PRIMARY KEY (`thisid`)
) ENGINE=InnoDB DEFAULT CHARSET=utf8;

LOCK TABLES `items` WRITE;
/*!40000 ALTER TABLE `items` DISABLE KEYS */;

INSERT INTO `items` (`thisid`, `productid`, `thisname`, `thisweight`, `thiswunit`, `thisprice`, `thisunit`, `thisbox`, `dateadd`, `dateupdate`, `isopen`, `sorting`)
VALUES
	(3,4,'容量',500,'mL',33.00,'瓶',12,'2017-04-02 03:07:35',NULL,1,NULL),
	(4,5,'容量',500,'mL',29.00,'瓶',12,'2017-04-02 03:23:07',NULL,1,NULL),
	(49,18,'容量',160,'mL',5.40,'瓶',24,'2017-06-01 11:24:47',NULL,1,NULL),
	(50,18,'容量',500,'mL',13.80,'瓶',12,'2017-06-01 11:24:47',NULL,1,NULL),
	(51,18,'容量',1,'L',24.50,'瓶',12,'2017-06-01 11:24:47',NULL,1,NULL),
	(58,17,'容量',160,'mL',5.40,'瓶',24,'2017-06-01 11:27:13',NULL,1,NULL),
	(59,17,'容量',500,'mL',13.80,'瓶',12,'2017-06-01 11:27:13',NULL,1,NULL),
	(60,17,'容量',885,'mL',21.80,'瓶',6,'2017-06-01 11:27:13',NULL,1,NULL),
	(61,17,'容量',1,'L',24.50,'瓶',12,'2017-06-01 11:27:13',NULL,1,NULL),
	(62,17,'容量',1,'L',28.60,'瓶',6,'2017-06-01 11:27:13',NULL,1,NULL),
	(63,17,'容量',2,'L',35.90,'瓶',6,'2017-06-01 11:27:13',NULL,1,NULL),
	(64,3,'容量',380,'mL',11.50,'瓶',12,'2017-06-01 11:30:20',NULL,1,NULL),
	(65,3,'容量',160,'mL',4.90,'瓶',24,'2017-06-01 11:30:20',NULL,1,NULL),
	(66,19,'容量',160,'mL',6.50,'瓶',24,'2017-06-01 11:31:33',NULL,1,NULL),
	(67,19,'容量',500,'mL',16.90,'瓶',12,'2017-06-01 11:31:33',NULL,1,NULL),
	(68,20,'容量',375,'mL',29.90,'瓶',12,'2017-06-01 11:34:26',NULL,1,NULL),
	(71,14,'容量',500,'mL',8.90,'瓶',12,'2017-06-01 11:42:10',NULL,1,NULL),
	(72,15,'容量',190,'mL',4.50,'瓶',24,'2017-06-01 11:44:59',NULL,1,NULL),
	(73,15,'容量',460,'mL',8.90,'瓶',12,'2017-06-01 11:44:59',NULL,1,NULL),
	(74,9,'容量',500,'mL',9.50,'瓶',12,'2017-06-01 11:47:45',NULL,1,NULL),
	(75,9,'容量',1,'L',14.80,'瓶',12,'2017-06-01 11:47:45',NULL,1,NULL),
	(78,16,'容量',510,'g',14.00,'瓶',12,'2017-06-01 11:49:03',NULL,1,NULL),
	(79,6,'容量',500,'mL',16.80,'瓶',12,'2017-06-01 11:55:19',NULL,1,NULL),
	(81,10,'重量',300,'g',7.90,'盒',12,'2017-06-01 13:05:59',NULL,1,NULL),
	(82,8,'重量',342,'g',19.90,'瓶',15,'2017-06-01 13:10:33',NULL,1,NULL),
	(93,22,'容量',160,'mL',9.00,'瓶',24,'2017-06-13 16:49:39',NULL,1,NULL),
	(94,22,'容量',500,'mL',26.80,'瓶',12,'2017-06-13 16:49:39',NULL,1,NULL),
	(96,23,'容量',160,'mL',28.80,'瓶',12,'2017-06-13 19:00:25',NULL,1,NULL),
	(97,24,'容量',500,'mL',98.00,'瓶',6,'2017-06-13 19:07:29',NULL,1,NULL),
	(98,25,'重量',300,'g',39.80,'盒',12,'2017-06-19 16:50:59',NULL,1,NULL),
	(99,26,'容量',500,'mL',54.80,'瓶',12,'2017-06-19 17:02:41',NULL,1,NULL),
	(101,27,'容量',500,'mL',68.00,'瓶',6,'2017-06-19 17:12:27',NULL,1,NULL),
	(102,28,'重量',300,'g',16.80,'盒',24,'2017-06-19 17:32:56',NULL,1,NULL),
	(103,28,'重量',800,'g',38.90,'盒',12,'2017-06-19 17:32:56',NULL,1,NULL),
	(112,34,'重量',96,'g',14.50,'包',24,'2017-09-16 15:27:07',NULL,1,NULL),
	(114,33,'重量',96,'g',13.40,'包',24,'2017-09-16 15:28:30',NULL,1,NULL),
	(115,35,'重量',298,'g',15.50,'包',10,'2017-09-16 15:46:59',NULL,1,NULL),
	(128,52,'容量',468,'g',168.00,'瓶',6,'2017-10-17 16:36:38',NULL,1,NULL),
	(129,53,'容量',468,'g',168.00,'瓶',6,'2017-10-17 16:36:54',NULL,1,NULL),
	(130,54,'容量',468,'g',168.00,'瓶',6,'2017-10-17 16:37:09',NULL,1,NULL),
	(131,55,'容量',468,'g',168.00,'瓶',6,'2017-10-17 16:43:54',NULL,1,NULL),
	(148,64,'容量',600,'g',20.00,'瓶',6,'2017-10-20 16:58:53',NULL,1,NULL),
	(149,65,'容量',605,'g',18.50,'瓶',6,'2017-10-20 17:29:04',NULL,1,NULL),
	(159,59,'容量',210,'g',11.80,'瓶',15,'2017-10-23 15:53:49',NULL,1,NULL),
	(165,60,'重量',210,'g',11.80,'瓶',15,'2017-11-04 13:19:03',NULL,1,NULL),
	(166,58,'重量',210,'g',11.80,'瓶',15,'2017-11-04 13:23:33',NULL,1,NULL),
	(169,56,'重量',210,'g',11.80,'瓶',15,'2017-11-04 13:28:44',NULL,1,NULL),
	(170,51,'重量',210,'g',11.80,'瓶',15,'2017-11-04 13:29:53',NULL,1,NULL),
	(171,57,'容量',160,'mL',13.80,'瓶',24,'2017-11-06 11:52:31',NULL,1,NULL),
	(175,72,'重量',410,'g',45.00,'瓶',15,'2017-11-08 09:26:17',NULL,1,NULL),
	(181,39,'重量',500,'g',20.50,'包',12,'2017-11-08 15:12:04',NULL,1,NULL),
	(184,41,'重量',350,'g',22.50,'包',12,'2017-11-08 15:27:47',NULL,1,NULL),
	(185,38,'重量',300,'g',25.00,'包',12,'2017-11-08 15:28:54',NULL,1,NULL),
	(186,40,'重量',1200,'g',20.40,'包',12,'2017-11-08 15:29:33',NULL,1,NULL),
	(187,47,'重量',450,'g',26.50,'袋',12,'2017-11-08 15:35:48',NULL,1,NULL),
	(188,48,'重量',1000,'g',49.50,'袋',12,'2017-11-08 15:37:41',NULL,1,NULL),
	(189,49,'重量',450,'g',21.50,'袋',12,'2017-11-08 15:39:42',NULL,1,NULL),
	(190,11,'重量',300,'g',7.50,'盒',24,'2017-11-08 17:08:02',NULL,1,NULL),
	(191,11,'重量',500,'g',10.50,'盒',12,'2017-11-08 17:08:02',NULL,1,NULL),
	(192,11,'重量',800,'g',13.80,'盒',12,'2017-11-08 17:08:02',NULL,1,NULL),
	(193,13,'重量',300,'g',7.50,'盒',12,'2017-11-08 17:11:12',NULL,1,NULL),
	(194,13,'重量',800,'g',13.80,'盒',12,'2017-11-08 17:11:12',NULL,1,NULL),
	(195,12,'重量',300,'g',9.00,'盒',24,'2017-11-08 17:14:02',NULL,1,NULL),
	(196,12,'重量',500,'g',12.80,'盒',12,'2017-11-08 17:14:02',NULL,1,NULL),
	(203,73,'重量',410,'g',45.00,'瓶',15,'2017-11-10 09:39:26',NULL,1,NULL),
	(205,66,'重量',600,'g',20.00,'瓶',6,'2017-11-14 10:38:44',NULL,1,NULL),
	(209,36,'重量',80,'g',12.00,'盒',40,'2017-11-14 13:25:29',NULL,1,NULL),
	(211,37,'重量',80,'g',10.00,'袋',40,'2017-11-14 13:27:01',NULL,1,NULL),
	(212,69,'重量',80,'g',12.00,'袋',40,'2017-11-14 13:28:48',NULL,1,NULL),
	(213,70,'重量',80,'g',10.00,'袋',40,'2017-11-14 13:30:49',NULL,1,NULL),
	(214,68,'重量',80,'g',10.00,'袋',40,'2017-11-14 13:32:16',NULL,1,NULL),
	(215,71,'重量',410,'g',45.00,'瓶',15,'2017-11-14 16:04:32',NULL,1,NULL),
	(216,74,'重量',410,'g',45.00,'瓶',15,'2017-11-14 16:22:30',NULL,1,NULL),
	(218,61,'容量',375,'mL',38.60,'瓶',12,'2017-11-15 09:38:01',NULL,1,NULL),
	(220,63,'重量',210,'g',29.80,'瓶',12,'2017-11-15 09:48:32',NULL,1,NULL),
	(221,62,'重量',210,'g',28.60,'瓶',12,'2017-11-15 09:52:19',NULL,1,NULL),
	(232,7,'重量',300,'g',6.50,'盒',24,'2017-11-16 11:22:28',NULL,1,NULL),
	(233,7,'重量',500,'g',8.90,'盒',12,'2017-11-16 11:22:28',NULL,1,NULL),
	(234,7,'重量',800,'g',12.50,'盒',12,'2017-11-16 11:22:28',NULL,1,NULL),
	(235,7,'重量',900,'g',13.50,'瓶',12,'2017-11-16 11:22:28',NULL,1,NULL),
	(236,7,'重量',2,'kg',19.80,'桶',6,'2017-11-16 11:22:28',NULL,1,NULL),
	(237,21,'容量',160,'mL',12.90,'瓶',24,'2017-11-17 10:10:04',NULL,1,NULL),
	(238,21,'容量',500,'mL',35.80,'瓶',6,'2017-11-17 10:10:04',NULL,1,NULL),
	(239,21,'容量',900,'mL',53.80,'瓶',6,'2017-11-17 10:10:04',NULL,1,NULL),
	(240,29,'容量',250,'mL',62.00,'瓶',6,'2017-11-17 10:11:54',NULL,1,NULL),
	(241,29,'容量',1,'L',196.00,'瓶',6,'2017-11-17 10:11:54',NULL,1,NULL),
	(242,30,'容量',160,'mL',13.80,'瓶',24,'2017-11-17 10:14:36',NULL,1,NULL),
	(243,30,'容量',500,'mL',34.80,'瓶',6,'2017-11-17 10:14:36',NULL,1,NULL),
	(244,31,'重量',30,'g',16.00,'瓶',24,'2017-11-17 10:16:56',NULL,1,NULL),
	(245,31,'重量',300,'g',100.00,'瓶',12,'2017-11-17 10:16:56',NULL,1,NULL),
	(246,31,'重量',500,'g',160.00,'瓶',12,'2017-11-17 10:16:56',NULL,1,NULL),
	(247,77,'容量',160,'mL',36.80,'瓶',24,'2017-11-18 09:35:37',NULL,1,NULL),
	(248,78,'容量',160,'L',33.80,'瓶',24,'2017-11-18 09:43:30',NULL,1,NULL),
	(249,76,'重量',300,'g',6.90,'瓶',24,'2017-11-20 11:14:57',NULL,1,NULL),
	(250,76,'重量',718,'g',13.40,'瓶',12,'2017-11-20 11:14:57',NULL,1,NULL),
	(253,67,'重量',300,'g',6.90,'瓶',24,'2017-11-20 11:40:55',NULL,1,NULL),
	(254,67,'重量',718,'g',13.40,'瓶',12,'2017-11-20 11:40:55',NULL,1,NULL),
	(255,32,'重量',70,'g',4.90,'包',36,'2017-11-24 11:13:03',NULL,1,NULL),
	(256,32,'重量',76,'g',5.20,'包',30,'2017-11-24 11:13:03',NULL,1,NULL),
	(257,32,'重量',110,'g',7.30,'包',30,'2017-11-24 11:13:03',NULL,1,NULL),
	(258,32,'重量',116,'g',7.90,'包',24,'2017-11-24 11:13:03',NULL,1,NULL),
	(259,32,'重量',210,'g',12.90,'包',16,'2017-11-24 11:13:03',NULL,1,NULL),
	(260,79,'重量',68,'g',5.80,'包',30,'2017-11-24 11:31:12',NULL,1,NULL),
	(261,79,'重量',128,'g',9.90,'包',16,'2017-11-24 11:31:12',NULL,1,NULL),
	(262,79,'重量',188,'g',13.90,'包',12,'2017-11-24 11:31:12',NULL,1,NULL),
	(270,75,'重量',210,'g',11.80,'瓶',15,'2017-11-25 11:00:32',NULL,1,NULL),
	(271,81,'重量',190,'g',25.80,'瓶',15,'2017-11-25 11:01:46',NULL,1,NULL),
	(272,80,'重量',210,'g',13.80,'瓶',15,'2017-11-25 11:02:11',NULL,1,NULL),
	(277,82,'容量',500,'mL',95.00,'箱',6,'2017-11-30 15:44:24',NULL,1,NULL),
	(278,84,'重量',240,'g',40.00,'盒',12,'2017-11-30 16:14:01',NULL,1,NULL),
	(279,85,'容量',1,'L',108.00,'桶',6,'2017-11-30 16:23:14',NULL,1,NULL),
	(280,85,'容量',2,'L',180.00,'箱',180,'2017-11-30 16:23:14',NULL,1,NULL),
	(283,83,'容量',450,'mL',18.50,'瓶',12,'2017-11-30 17:03:38',NULL,1,NULL),
	(284,83,'容量',2,'L',270.00,'箱',6,'2017-11-30 17:03:38',NULL,1,NULL),
	(285,86,'容量',2,'L',210.00,'箱',6,'2017-12-01 11:27:19',NULL,1,NULL),
	(288,87,'重量',300,'g',6.90,'瓶',24,'2017-12-02 11:53:47',NULL,1,NULL),
	(289,87,'重量',900,'g',14.80,'瓶',12,'2017-12-02 11:53:47',NULL,1,NULL);

/*!40000 ALTER TABLE `items` ENABLE KEYS */;
UNLOCK TABLES;


# Dump of table location
# ------------------------------------------------------------

DROP TABLE IF EXISTS `location`;

CREATE TABLE `location` (
  `thisid` int(11) NOT NULL AUTO_INCREMENT,
  `thisname` varchar(100) COLLATE utf8_unicode_ci NOT NULL,
  `isopen` tinyint(4) DEFAULT '0',
  PRIMARY KEY (`thisid`)
) ENGINE=InnoDB DEFAULT CHARSET=utf8 COLLATE=utf8_unicode_ci;

LOCK TABLES `location` WRITE;
/*!40000 ALTER TABLE `location` DISABLE KEYS */;

INSERT INTO `location` (`thisid`, `thisname`, `isopen`)
VALUES
	(1004,'上海',1),
	(1005,'依工作需求',1),
	(1006,'烟台',1),
	(1007,'济南',1),
	(1008,'北京',1),
	(1009,'天津',1),
	(1010,'石家庄',1),
	(1011,'沈阳',1),
	(1012,'大连',1),
	(1013,'长春',1),
	(1014,'苏州',1),
	(1015,'杭州',1),
	(1016,'郑州',1),
	(1017,'深圳',1),
	(1018,'成都',1);

/*!40000 ALTER TABLE `location` ENABLE KEYS */;
UNLOCK TABLES;


# Dump of table newsclicks
# ------------------------------------------------------------

DROP TABLE IF EXISTS `newsclicks`;

CREATE TABLE `newsclicks` (
  `thisid` int(11) NOT NULL AUTO_INCREMENT,
  `newsid` int(11) NOT NULL,
  `yearmonth` int(10) DEFAULT NULL,
  `clicks` int(11) NOT NULL DEFAULT '0',
  PRIMARY KEY (`thisid`)
) ENGINE=MyISAM DEFAULT CHARSET=utf8;

LOCK TABLES `newsclicks` WRITE;
/*!40000 ALTER TABLE `newsclicks` DISABLE KEYS */;

INSERT INTO `newsclicks` (`thisid`, `newsid`, `yearmonth`, `clicks`)
VALUES
	(1001,59,20160831,2),
	(1002,30,20160831,2),
	(1003,40,20160831,1),
	(1004,54,20160831,2),
	(1005,2,20160831,2),
	(1006,61,20160831,17),
	(1007,34,20160831,1),
	(1008,36,20160831,1),
	(1009,35,20160831,1),
	(1010,33,20160831,1),
	(1011,37,20160901,1),
	(1012,61,20160901,2),
	(1013,59,20160901,4),
	(1014,58,20160901,1),
	(1015,23,20160901,2),
	(1016,60,20160901,2),
	(1017,5,20160901,1),
	(1018,41,20160901,1),
	(1019,32,20160901,1),
	(1020,42,20160901,1),
	(1021,48,20160901,1),
	(1022,35,20160901,1),
	(1023,21,20160901,1),
	(1024,38,20160901,1),
	(1025,10,20160901,1),
	(1026,62,20160901,5),
	(1027,63,20160901,2),
	(1028,61,20160902,9),
	(1029,60,20160902,4),
	(1030,2,20160902,2),
	(1031,22,20160902,5),
	(1032,19,20160902,2),
	(1033,5,20160902,2),
	(1034,63,20160902,6),
	(1035,48,20160902,1),
	(1036,62,20160902,9),
	(1037,47,20160902,1),
	(1038,17,20160902,1),
	(1039,64,20160902,16),
	(1040,29,20160902,1),
	(1041,58,20160902,2),
	(1042,54,20160902,1),
	(1043,23,20160902,2),
	(1044,26,20160902,1),
	(1045,15,20160903,1),
	(1046,64,20160903,14),
	(1047,5,20160903,1),
	(1048,60,20160903,4),
	(1049,61,20160903,3),
	(1050,47,20160903,1),
	(1051,63,20160903,2),
	(1052,58,20160903,4),
	(1053,62,20160903,3),
	(1054,23,20160903,2),
	(1055,36,20160903,1),
	(1056,54,20160903,3),
	(1057,34,20160903,1),
	(1058,61,20160904,2),
	(1059,30,20160904,2),
	(1060,64,20160904,7),
	(1061,47,20160904,3),
	(1062,60,20160904,2),
	(1063,55,20160904,1),
	(1064,59,20160904,1),
	(1065,24,20160904,1),
	(1066,62,20160904,1),
	(1067,38,20160904,1),
	(1068,46,20160905,1),
	(1069,19,20160905,1),
	(1070,40,20160905,3),
	(1071,30,20160905,2),
	(1072,23,20160905,2),
	(1073,64,20160905,5),
	(1074,61,20160905,5),
	(1075,63,20160905,3),
	(1076,60,20160905,5),
	(1077,65,20160905,5),
	(1078,24,20160905,1),
	(1079,62,20160905,3),
	(1080,54,20160905,1),
	(1081,17,20160905,3),
	(1082,47,20160905,2),
	(1083,38,20160905,3),
	(1084,20,20160905,1),
	(1085,26,20160905,1),
	(1086,21,20160905,1),
	(1087,55,20160905,1),
	(1088,61,20160906,7),
	(1089,60,20160906,7),
	(1090,64,20160906,5),
	(1091,47,20160906,3),
	(1092,38,20160906,3),
	(1093,40,20160906,2),
	(1094,30,20160906,3),
	(1095,54,20160906,3),
	(1096,65,20160906,2),
	(1097,41,20160906,1),
	(1098,58,20160906,3),
	(1099,29,20160906,2),
	(1100,63,20160906,2),
	(1101,21,20160906,2),
	(1102,55,20160906,3),
	(1103,48,20160906,3),
	(1104,49,20160906,3),
	(1105,26,20160906,2),
	(1106,17,20160906,2),
	(1107,18,20160906,2),
	(1108,32,20160906,2),
	(1109,23,20160906,2),
	(1110,62,20160906,2),
	(1111,66,20160906,14),
	(1112,37,20160906,1),
	(1113,36,20160906,1),
	(1114,22,20160906,1),
	(1115,28,20160906,1),
	(1116,20,20160906,1),
	(1117,35,20160906,1),
	(1118,19,20160906,1),
	(1119,67,20160906,6),
	(1120,68,20160906,5),
	(1121,26,20160907,1),
	(1122,63,20160907,4),
	(1123,62,20160907,5),
	(1124,64,20160907,4),
	(1125,19,20160907,1),
	(1126,38,20160907,2),
	(1127,30,20160907,2),
	(1128,17,20160907,1),
	(1129,66,20160907,3),
	(1130,67,20160907,1),
	(1131,23,20160907,1),
	(1132,61,20160907,4),
	(1133,40,20160907,2),
	(1134,46,20160907,1),
	(1135,10,20160907,1),
	(1136,47,20160907,2),
	(1137,54,20160907,1),
	(1138,12,20160907,1),
	(1139,36,20160907,1),
	(1140,68,20160907,1),
	(1141,46,20160908,1),
	(1142,61,20160908,12),
	(1143,29,20160908,1),
	(1144,24,20160908,1),
	(1145,65,20160908,3),
	(1146,36,20160908,1),
	(1147,2,20160908,1),
	(1148,17,20160908,2),
	(1149,60,20160908,4),
	(1150,40,20160908,2),
	(1151,22,20160908,2),
	(1152,47,20160908,1),
	(1153,38,20160908,1),
	(1154,64,20160908,2),
	(1155,62,20160908,2),
	(1156,21,20160908,1),
	(1157,20,20160908,1),
	(1158,19,20160908,1),
	(1159,23,20160908,1),
	(1160,38,20160909,3),
	(1161,18,20160909,1),
	(1162,40,20160909,3),
	(1163,4,20160909,1),
	(1164,12,20160909,1),
	(1165,20,20160909,1),
	(1166,58,20160909,1),
	(1167,54,20160909,3),
	(1168,16,20160909,1),
	(1169,30,20160909,3),
	(1170,5,20160909,1),
	(1171,36,20160909,1),
	(1172,37,20160909,1),
	(1173,15,20160909,1),
	(1174,61,20160909,7),
	(1175,65,20160909,1),
	(1176,68,20160909,1),
	(1177,60,20160909,5),
	(1178,62,20160909,2),
	(1179,48,20160909,2),
	(1180,64,20160909,7),
	(1181,69,20160909,8),
	(1182,47,20160909,1),
	(1183,28,20160909,2),
	(1184,59,20160909,1),
	(1185,63,20160909,1),
	(1186,22,20160909,1),
	(1187,17,20160909,1),
	(1188,34,20160909,1),
	(1189,55,20160910,1),
	(1190,26,20160910,3),
	(1191,70,20160910,10),
	(1192,64,20160910,1),
	(1193,60,20160910,1),
	(1194,71,20160910,10),
	(1195,2,20160910,1),
	(1196,4,20160910,1),
	(1197,5,20160910,1),
	(1198,69,20160910,3),
	(1199,16,20160910,1),
	(1200,18,20160910,1),
	(1201,20,20160910,1),
	(1202,24,20160910,1),
	(1203,59,20160910,2),
	(1204,23,20160910,1),
	(1205,47,20160910,1),
	(1206,38,20160910,1),
	(1207,54,20160910,1),
	(1208,58,20160910,1),
	(1209,65,20160910,1),
	(1210,16,20160911,2),
	(1211,61,20160911,4),
	(1212,38,20160911,1),
	(1213,14,20160911,1),
	(1214,55,20160911,2),
	(1215,24,20160911,1),
	(1216,63,20160911,1),
	(1217,18,20160911,1),
	(1218,4,20160911,1),
	(1219,69,20160911,2),
	(1220,60,20160911,1),
	(1221,47,20160911,1),
	(1222,23,20160911,1),
	(1223,37,20160911,1),
	(1224,26,20160911,1),
	(1225,3,20160911,1),
	(1226,5,20160911,1),
	(1227,65,20160912,1),
	(1228,38,20160912,4),
	(1229,64,20160912,4),
	(1230,61,20160912,9),
	(1231,69,20160912,11),
	(1232,17,20160912,2),
	(1233,60,20160912,4),
	(1234,30,20160912,3),
	(1235,40,20160912,4),
	(1236,54,20160912,2),
	(1237,37,20160912,3),
	(1238,63,20160912,4),
	(1239,68,20160912,4),
	(1240,55,20160912,2),
	(1241,22,20160912,3),
	(1242,23,20160912,4),
	(1243,47,20160912,5),
	(1244,62,20160912,3),
	(1245,3,20160912,1),
	(1246,46,20160912,1),
	(1247,24,20160912,2),
	(1248,59,20160912,1),
	(1249,66,20160912,1),
	(1250,67,20160912,1),
	(1251,36,20160912,1),
	(1252,21,20160912,1),
	(1253,19,20160912,1),
	(1254,14,20160912,1),
	(1255,42,20160912,1),
	(1256,41,20160912,1),
	(1257,10,20160912,1),
	(1258,64,20160913,9),
	(1259,47,20160913,2),
	(1260,61,20160913,4),
	(1261,69,20160913,10),
	(1262,55,20160913,1),
	(1263,30,20160913,1),
	(1264,62,20160913,1),
	(1265,23,20160913,1),
	(1266,60,20160913,3),
	(1267,68,20160913,1),
	(1268,22,20160913,2),
	(1269,17,20160913,1),
	(1270,14,20160913,1),
	(1271,55,20160914,3),
	(1272,60,20160914,4),
	(1273,61,20160914,6),
	(1274,47,20160914,5),
	(1275,38,20160914,2),
	(1276,30,20160914,1),
	(1277,70,20160914,1),
	(1278,64,20160914,8),
	(1279,40,20160914,3),
	(1280,58,20160914,2),
	(1281,65,20160914,1),
	(1282,68,20160914,1),
	(1283,23,20160914,4),
	(1284,17,20160914,1),
	(1285,59,20160914,2),
	(1286,69,20160914,6),
	(1287,63,20160914,1),
	(1288,22,20160914,2),
	(1289,62,20160914,1),
	(1290,18,20160914,1),
	(1291,37,20160914,1),
	(1292,61,20160915,4),
	(1293,38,20160915,1),
	(1294,23,20160915,4),
	(1295,54,20160915,1),
	(1296,62,20160915,2),
	(1297,58,20160915,3),
	(1298,65,20160915,1),
	(1299,70,20160915,1),
	(1300,69,20160915,3),
	(1301,36,20160915,1),
	(1302,22,20160916,1),
	(1303,23,20160916,1),
	(1304,17,20160916,1),
	(1305,69,20160916,2),
	(1306,60,20160916,1),
	(1307,64,20160916,1),
	(1308,65,20160916,1),
	(1309,10,20160916,1),
	(1310,2,20160917,2),
	(1311,29,20160917,1),
	(1312,69,20160917,2),
	(1313,70,20160917,1),
	(1314,22,20160917,1),
	(1315,23,20160917,1),
	(1316,59,20160917,5),
	(1317,38,20160917,1),
	(1318,58,20160917,1),
	(1319,12,20160917,1),
	(1320,26,20160917,1),
	(1321,54,20160917,1),
	(1322,54,20160918,5),
	(1323,19,20160918,2),
	(1324,69,20160918,12),
	(1325,64,20160918,18),
	(1326,65,20160918,3),
	(1327,60,20160918,7),
	(1328,46,20160918,2),
	(1329,47,20160918,6),
	(1330,61,20160918,12),
	(1331,63,20160918,3),
	(1332,68,20160918,3),
	(1333,70,20160918,1),
	(1334,58,20160918,6),
	(1335,59,20160918,4),
	(1336,66,20160918,2),
	(1337,38,20160918,1),
	(1338,40,20160918,1),
	(1339,23,20160918,4),
	(1340,30,20160918,1),
	(1341,62,20160918,2),
	(1342,67,20160918,1),
	(1343,22,20160918,2),
	(1344,18,20160918,2),
	(1345,55,20160918,2),
	(1346,17,20160918,1),
	(1347,24,20160918,1),
	(1348,2,20160919,1),
	(1349,21,20160919,1),
	(1350,64,20160919,8),
	(1351,47,20160919,3),
	(1352,24,20160919,1),
	(1353,22,20160919,2),
	(1354,40,20160919,3),
	(1355,69,20160919,6),
	(1356,61,20160919,4),
	(1357,54,20160919,2),
	(1358,36,20160919,1),
	(1359,23,20160919,1),
	(1360,60,20160919,2),
	(1361,30,20160919,2),
	(1362,55,20160919,2),
	(1363,46,20160919,1),
	(1364,62,20160919,2),
	(1365,68,20160919,1),
	(1366,58,20160919,1),
	(1367,65,20160919,1),
	(1368,14,20160920,1),
	(1369,64,20160920,8),
	(1370,24,20160920,1),
	(1371,38,20160920,3),
	(1372,18,20160920,1),
	(1373,2,20160920,2),
	(1374,32,20160920,1),
	(1375,4,20160920,2),
	(1376,47,20160920,2),
	(1377,62,20160920,4),
	(1378,61,20160920,4),
	(1379,71,20160920,1),
	(1380,58,20160920,1),
	(1381,54,20160920,1),
	(1382,63,20160920,1),
	(1383,65,20160920,1),
	(1384,60,20160920,2),
	(1385,69,20160920,2),
	(1386,40,20160920,2),
	(1387,23,20160920,1),
	(1388,59,20160920,1),
	(1389,37,20160920,1),
	(1390,55,20160920,1),
	(1391,17,20160920,1),
	(1392,30,20160920,1),
	(1393,5,20160920,1),
	(1394,20,20160921,5),
	(1395,22,20160921,2),
	(1396,30,20160921,2),
	(1397,5,20160921,1),
	(1398,59,20160921,1),
	(1399,23,20160921,1),
	(1400,69,20160921,6),
	(1401,60,20160921,3),
	(1402,61,20160921,3),
	(1403,38,20160921,1),
	(1404,40,20160921,2),
	(1405,46,20160921,1),
	(1406,58,20160921,2),
	(1407,41,20160921,1),
	(1408,64,20160921,4),
	(1409,62,20160921,3),
	(1410,54,20160921,3),
	(1411,55,20160921,1),
	(1412,16,20160921,1),
	(1413,29,20160921,3),
	(1414,28,20160921,1),
	(1415,21,20160921,1),
	(1416,70,20160921,1),
	(1417,66,20160921,1),
	(1418,65,20160921,1),
	(1419,15,20160921,1),
	(1420,54,20160922,1),
	(1421,64,20160922,2),
	(1422,69,20160922,1),
	(1423,60,20160922,1),
	(1424,61,20160922,1),
	(1425,73,20160922,2),
	(1426,55,20160922,1),
	(1427,74,20160922,5),
	(1428,47,20160922,1),
	(1429,31,20160922,1),
	(1430,40,20160922,1),
	(1431,30,20160922,1),
	(1432,23,20160922,1),
	(1433,17,20160923,1),
	(1434,46,20160923,1),
	(1435,4,20160923,1),
	(1436,36,20160923,1),
	(1437,10,20160923,1),
	(1438,63,20160923,2),
	(1439,20,20160923,1),
	(1440,61,20160923,2),
	(1441,23,20160923,2),
	(1442,34,20160923,1),
	(1443,22,20160923,1),
	(1444,69,20160923,2),
	(1445,26,20160923,1),
	(1446,28,20160923,1),
	(1447,74,20160923,6),
	(1448,73,20160923,2),
	(1449,71,20160923,1),
	(1450,21,20160923,1),
	(1451,60,20160923,1),
	(1452,58,20160923,2),
	(1453,15,20160923,1),
	(1454,75,20160923,2),
	(1455,59,20160923,1),
	(1456,66,20160923,2),
	(1457,77,20160923,3),
	(1458,20,20160924,1),
	(1459,38,20160924,1),
	(1460,67,20160924,1),
	(1461,68,20160924,2),
	(1462,2,20160924,1),
	(1463,78,20160924,3),
	(1464,74,20160924,1),
	(1465,73,20160924,1),
	(1466,65,20160924,3),
	(1467,23,20160924,1),
	(1468,58,20160924,1),
	(1469,3,20160924,1),
	(1470,61,20160924,2),
	(1471,69,20160925,1),
	(1472,74,20160925,6),
	(1473,18,20160925,1),
	(1474,61,20160925,1),
	(1475,58,20160925,1),
	(1476,54,20160925,1),
	(1477,2,20160925,3),
	(1478,29,20160925,1),
	(1479,46,20160925,1),
	(1480,64,20160925,1),
	(1481,23,20160925,1),
	(1482,40,20160925,1),
	(1483,38,20160925,1),
	(1484,74,20160926,5),
	(1485,29,20160926,1),
	(1486,62,20160926,3),
	(1487,69,20160926,2),
	(1488,68,20160926,2),
	(1489,64,20160926,3),
	(1490,63,20160926,3),
	(1491,47,20160926,3),
	(1492,58,20160926,1),
	(1493,3,20160926,2),
	(1494,79,20160926,11),
	(1495,60,20160926,1),
	(1496,68,20160927,1),
	(1497,47,20160927,2),
	(1498,46,20160927,1),
	(1499,22,20160927,2),
	(1500,18,20160927,2),
	(1501,79,20160927,5),
	(1502,23,20160927,1),
	(1503,24,20160927,1),
	(1504,64,20160927,4),
	(1505,74,20160927,5),
	(1506,40,20160927,3),
	(1507,14,20160927,2),
	(1508,4,20160927,1),
	(1509,61,20160927,1),
	(1510,19,20160927,1),
	(1511,58,20160927,1),
	(1512,12,20160927,1),
	(1513,69,20160927,2),
	(1514,65,20160927,1),
	(1515,80,20160927,1),
	(1516,63,20160928,1),
	(1517,54,20160928,2),
	(1518,16,20160928,1),
	(1519,55,20160928,2),
	(1520,22,20160928,1),
	(1521,38,20160928,1),
	(1522,17,20160928,1),
	(1523,5,20160928,1),
	(1524,65,20160928,1),
	(1525,80,20160928,6),
	(1526,79,20160928,3),
	(1527,10,20160928,1),
	(1528,62,20160928,3),
	(1529,37,20160928,1),
	(1530,26,20160928,1),
	(1531,70,20160928,1),
	(1532,15,20160928,1),
	(1533,59,20160928,1),
	(1534,61,20160928,2),
	(1535,34,20160928,1),
	(1536,23,20160928,2),
	(1537,64,20160928,2),
	(1538,36,20160928,1),
	(1539,74,20160928,2),
	(1540,73,20160928,1),
	(1541,2,20160928,1),
	(1542,21,20160929,1),
	(1543,69,20160929,3),
	(1544,40,20160929,1),
	(1545,37,20160929,2),
	(1546,67,20160929,3),
	(1547,61,20160929,2),
	(1548,63,20160929,4),
	(1549,22,20160929,3),
	(1550,30,20160929,1),
	(1551,23,20160929,1),
	(1552,79,20160929,1),
	(1553,58,20160929,1),
	(1554,74,20160929,1),
	(1555,64,20160929,1),
	(1556,60,20160929,1),
	(1557,29,20160929,1),
	(1558,73,20160930,2),
	(1559,77,20160930,2),
	(1560,61,20160930,4),
	(1561,22,20160930,1),
	(1562,18,20160930,1),
	(1563,74,20160930,1),
	(1564,24,20160930,1),
	(1565,60,20160930,2),
	(1566,62,20160930,2),
	(1567,69,20160930,1),
	(1568,14,20161001,1),
	(1569,46,20161001,2),
	(1570,30,20161001,1),
	(1571,60,20161001,1),
	(1572,60,20161002,1),
	(1573,28,20161002,1),
	(1574,23,20161002,1),
	(1575,18,20161002,2),
	(1576,20,20161002,1),
	(1577,2,20161002,1),
	(1578,26,20161002,1),
	(1579,74,20161002,2),
	(1580,22,20161003,2),
	(1581,4,20161003,1),
	(1582,20,20161003,1),
	(1583,18,20161003,1),
	(1584,80,20161003,1),
	(1585,79,20161003,9),
	(1586,67,20161003,3),
	(1587,17,20161003,1),
	(1588,54,20161003,3),
	(1589,61,20161003,2),
	(1590,58,20161003,3),
	(1591,69,20161003,7),
	(1592,60,20161003,6),
	(1593,74,20161003,2),
	(1594,64,20161003,2),
	(1595,47,20161003,3),
	(1596,38,20161003,3),
	(1597,40,20161003,3),
	(1598,73,20161003,3),
	(1599,65,20161003,2),
	(1600,26,20161003,2),
	(1601,46,20161003,1),
	(1602,10,20161004,1),
	(1603,63,20161004,1),
	(1604,61,20161005,2),
	(1605,60,20161005,1),
	(1606,69,20161005,1),
	(1607,74,20161005,1),
	(1608,64,20161005,1),
	(1609,79,20161005,1),
	(1610,63,20161005,1),
	(1611,5,20161006,1),
	(1612,69,20161006,2),
	(1613,19,20161006,1),
	(1614,34,20161006,1),
	(1615,29,20161006,1),
	(1616,61,20161006,2),
	(1617,23,20161006,1),
	(1618,26,20161006,1),
	(1619,64,20161006,1),
	(1620,4,20161007,2),
	(1621,74,20161007,2),
	(1622,59,20161007,1),
	(1623,47,20161007,2),
	(1624,40,20161007,2),
	(1625,67,20161007,1),
	(1626,69,20161007,4),
	(1627,17,20161007,2),
	(1628,3,20161007,1),
	(1629,61,20161007,3),
	(1630,68,20161007,1),
	(1631,12,20161007,1),
	(1632,22,20161007,3),
	(1633,18,20161007,1),
	(1634,64,20161007,1),
	(1635,58,20161007,1),
	(1636,19,20161007,1),
	(1637,38,20161007,1),
	(1638,23,20161007,1),
	(1639,62,20161007,1),
	(1640,55,20161007,1),
	(1641,21,20161007,1),
	(1642,5,20161007,1),
	(1643,16,20161007,1),
	(1644,46,20161007,1),
	(1645,37,20161007,1),
	(1646,29,20161007,1),
	(1647,48,20161007,1),
	(1648,26,20161007,1),
	(1649,10,20161008,1),
	(1650,77,20161008,1),
	(1651,22,20161008,1),
	(1652,46,20161008,1),
	(1653,26,20161008,2),
	(1654,23,20161008,1),
	(1655,19,20161008,1),
	(1656,60,20161008,1),
	(1657,74,20161008,3),
	(1658,71,20161008,1),
	(1659,81,20161008,1),
	(1660,69,20161008,2),
	(1661,16,20161008,1),
	(1662,79,20161008,1),
	(1663,15,20161008,2),
	(1664,61,20161008,1),
	(1665,55,20161008,1),
	(1666,17,20161008,1),
	(1667,14,20161009,1),
	(1668,79,20161009,5),
	(1669,40,20161009,3),
	(1670,38,20161009,3),
	(1671,74,20161009,2),
	(1672,69,20161009,4),
	(1673,47,20161009,2),
	(1674,61,20161009,5),
	(1675,64,20161009,1),
	(1676,60,20161009,3),
	(1677,22,20161009,3),
	(1678,46,20161009,2),
	(1679,24,20161009,2),
	(1680,30,20161009,2),
	(1681,37,20161009,2),
	(1682,17,20161009,3),
	(1683,23,20161009,3),
	(1684,68,20161009,2),
	(1685,80,20161009,2),
	(1686,77,20161009,2),
	(1687,63,20161009,2),
	(1688,55,20161009,2),
	(1689,58,20161009,2),
	(1690,81,20161009,2),
	(1691,62,20161009,2),
	(1692,59,20161009,1),
	(1693,54,20161009,2),
	(1694,73,20161009,1),
	(1695,29,20161009,1),
	(1696,36,20161009,1),
	(1697,34,20161009,1),
	(1698,21,20161009,1),
	(1699,28,20161009,1),
	(1700,48,20161009,1),
	(1701,49,20161009,1),
	(1702,26,20161009,1),
	(1703,35,20161009,1),
	(1704,20,20161009,1),
	(1705,2,20161009,2),
	(1706,65,20161009,1),
	(1707,71,20161009,2),
	(1708,19,20161009,1),
	(1709,33,20161009,1),
	(1710,42,20161009,1),
	(1711,10,20161009,1),
	(1712,15,20161009,1),
	(1713,5,20161009,1),
	(1714,27,20161009,1),
	(1715,4,20161009,1),
	(1716,3,20161009,1),
	(1717,80,20161010,1),
	(1718,16,20161010,1),
	(1719,63,20161010,2),
	(1720,60,20161010,3),
	(1721,69,20161010,2),
	(1722,74,20161010,1),
	(1723,4,20161010,1),
	(1724,2,20161010,1),
	(1725,64,20161010,1),
	(1726,5,20161010,1),
	(1727,14,20161010,1),
	(1728,40,20161010,3),
	(1729,61,20161010,2),
	(1730,23,20161010,2),
	(1731,47,20161010,2),
	(1732,79,20161010,2),
	(1733,38,20161010,1),
	(1734,30,20161010,1),
	(1735,26,20161010,1),
	(1736,3,20161011,1),
	(1737,81,20161011,1),
	(1738,60,20161011,1),
	(1739,61,20161011,2),
	(1740,74,20161011,2),
	(1741,63,20161011,1),
	(1742,69,20161011,2),
	(1743,59,20161011,1),
	(1744,30,20161011,2),
	(1745,62,20161011,1),
	(1746,82,20161011,3),
	(1747,54,20161011,2),
	(1748,68,20161011,1),
	(1749,19,20161011,1),
	(1750,24,20161011,1),
	(1751,22,20161011,1),
	(1752,16,20161011,1),
	(1753,64,20161011,1),
	(1754,58,20161011,1),
	(1755,23,20161011,1),
	(1756,63,20161012,2),
	(1757,5,20161012,1),
	(1758,82,20161012,8),
	(1759,60,20161012,5),
	(1760,61,20161012,5),
	(1761,55,20161012,2),
	(1762,77,20161012,1),
	(1763,69,20161012,5),
	(1764,22,20161012,4),
	(1765,62,20161012,1),
	(1766,74,20161012,1),
	(1767,79,20161012,4),
	(1768,81,20161012,1),
	(1769,58,20161012,1),
	(1770,30,20161012,6),
	(1771,47,20161012,3),
	(1772,38,20161012,2),
	(1773,40,20161012,1),
	(1774,23,20161012,3),
	(1775,37,20161012,2),
	(1776,24,20161012,6),
	(1777,46,20161012,3),
	(1778,29,20161012,2),
	(1779,19,20161012,3),
	(1780,67,20161012,1),
	(1781,65,20161012,6),
	(1782,82,20161013,4),
	(1783,69,20161013,1),
	(1784,60,20161013,4),
	(1785,40,20161013,1),
	(1786,74,20161013,2),
	(1787,22,20161013,3),
	(1788,19,20161013,2),
	(1789,18,20161013,2),
	(1790,12,20161013,1),
	(1791,16,20161013,2),
	(1792,30,20161013,2),
	(1793,61,20161013,2),
	(1794,83,20161013,11),
	(1795,38,20161013,2),
	(1796,79,20161013,1),
	(1797,62,20161013,1),
	(1798,55,20161013,1),
	(1799,29,20161013,1),
	(1800,59,20161013,1),
	(1801,2,20161014,1),
	(1802,38,20161014,2),
	(1803,82,20161014,6),
	(1804,64,20161014,1),
	(1805,74,20161014,2),
	(1806,23,20161014,4),
	(1807,79,20161014,1),
	(1808,47,20161014,1),
	(1809,69,20161014,3),
	(1810,59,20161014,1),
	(1811,40,20161014,1),
	(1812,34,20161014,1),
	(1813,36,20161015,1),
	(1814,22,20161015,2),
	(1815,23,20161015,2),
	(1816,82,20161015,5),
	(1817,74,20161015,1),
	(1818,69,20161015,2),
	(1819,60,20161015,2),
	(1820,61,20161015,2),
	(1821,47,20161015,1),
	(1822,38,20161015,4),
	(1823,79,20161015,3),
	(1824,80,20161015,1),
	(1825,83,20161015,2),
	(1826,73,20161015,1),
	(1827,58,20161015,2),
	(1828,54,20161015,1),
	(1829,3,20161015,1),
	(1830,26,20161015,1),
	(1831,17,20161015,1),
	(1832,64,20161015,1),
	(1833,16,20161015,1),
	(1834,55,20161015,1),
	(1835,18,20161016,1),
	(1836,82,20161016,2),
	(1837,61,20161016,1),
	(1838,4,20161016,1),
	(1839,54,20161016,1),
	(1840,62,20161016,1),
	(1841,77,20161016,2),
	(1842,58,20161016,1),
	(1843,12,20161016,1),
	(1844,68,20161016,1),
	(1845,59,20161016,1),
	(1846,60,20161016,2),
	(1847,69,20161016,2),
	(1848,65,20161016,1),
	(1849,47,20161016,1),
	(1850,14,20161016,1),
	(1851,67,20161016,1),
	(1852,74,20161017,4),
	(1853,68,20161017,2),
	(1854,17,20161017,1),
	(1855,23,20161017,1),
	(1856,73,20161017,1),
	(1857,38,20161017,3),
	(1858,82,20161017,8),
	(1859,60,20161017,2),
	(1860,15,20161017,1),
	(1861,55,20161017,3),
	(1862,63,20161017,3),
	(1863,67,20161017,1),
	(1864,80,20161017,1),
	(1865,78,20161017,1),
	(1866,69,20161017,5),
	(1867,22,20161017,2),
	(1868,79,20161017,4),
	(1869,49,20161017,1),
	(1870,36,20161017,1),
	(1871,70,20161017,1),
	(1872,61,20161017,2),
	(1873,58,20161017,1),
	(1874,34,20161017,1),
	(1875,37,20161017,1),
	(1876,74,20161018,1),
	(1877,60,20161018,1),
	(1878,69,20161018,6),
	(1879,4,20161018,1),
	(1880,2,20161018,1),
	(1881,38,20161018,1),
	(1882,55,20161018,2),
	(1883,37,20161018,1),
	(1884,82,20161018,3),
	(1885,48,20161018,1),
	(1886,62,20161018,1),
	(1887,23,20161018,1),
	(1888,30,20161018,1),
	(1889,17,20161018,1),
	(1890,58,20161018,1),
	(1891,61,20161018,2),
	(1892,22,20161018,1),
	(1893,63,20161018,1),
	(1894,69,20161019,6),
	(1895,23,20161019,1),
	(1896,60,20161019,2),
	(1897,38,20161019,1),
	(1898,74,20161019,6),
	(1899,61,20161019,2),
	(1900,82,20161019,8),
	(1901,73,20161019,2),
	(1902,54,20161019,2),
	(1903,29,20161019,1),
	(1904,30,20161019,1),
	(1905,55,20161019,1),
	(1906,67,20161019,1),
	(1907,79,20161019,3),
	(1908,22,20161019,3),
	(1909,17,20161019,2),
	(1910,21,20161019,1),
	(1911,47,20161019,5),
	(1912,40,20161019,2),
	(1913,19,20161019,1),
	(1914,20,20161019,1),
	(1915,83,20161019,2),
	(1916,61,20161020,4),
	(1917,60,20161020,4),
	(1918,81,20161020,1),
	(1919,82,20161020,10),
	(1920,15,20161020,1),
	(1921,17,20161020,1),
	(1922,79,20161020,1),
	(1923,54,20161020,1),
	(1924,73,20161020,3),
	(1925,65,20161020,1),
	(1926,71,20161020,1),
	(1927,30,20161020,1),
	(1928,63,20161020,1),
	(1929,69,20161020,1),
	(1930,82,20161021,6),
	(1931,30,20161021,2),
	(1932,22,20161021,2),
	(1933,60,20161021,5),
	(1934,79,20161021,2),
	(1935,74,20161021,1),
	(1936,38,20161021,1),
	(1937,47,20161021,1),
	(1938,61,20161021,1),
	(1939,64,20161021,1),
	(1940,69,20161021,3),
	(1941,17,20161021,2),
	(1942,40,20161021,3),
	(1943,46,20161021,1),
	(1944,24,20161021,6),
	(1945,23,20161021,4),
	(1946,37,20161021,1),
	(1947,81,20161021,1),
	(1948,59,20161021,3),
	(1949,77,20161021,1),
	(1950,58,20161021,1),
	(1951,55,20161021,3),
	(1952,73,20161021,1),
	(1953,62,20161021,1),
	(1954,63,20161021,1),
	(1955,54,20161021,1),
	(1956,68,20161021,1),
	(1957,36,20161021,2),
	(1958,21,20161021,1),
	(1959,48,20161021,2),
	(1960,49,20161021,2),
	(1961,26,20161021,3),
	(1962,19,20161021,2),
	(1963,3,20161022,1),
	(1964,23,20161022,1),
	(1965,5,20161022,1),
	(1966,64,20161022,1),
	(1967,55,20161022,1),
	(1968,79,20161022,3),
	(1969,61,20161022,1),
	(1970,58,20161022,1),
	(1971,69,20161022,2),
	(1972,65,20161022,1),
	(1973,70,20161022,1),
	(1974,71,20161022,1),
	(1975,46,20161023,1),
	(1976,74,20161023,1),
	(1977,82,20161023,3),
	(1978,17,20161023,2),
	(1979,58,20161023,3),
	(1980,40,20161023,1),
	(1981,81,20161023,1),
	(1982,69,20161023,1),
	(1983,80,20161023,1),
	(1984,23,20161023,2),
	(1985,16,20161023,1),
	(1986,22,20161023,1),
	(1987,79,20161023,3),
	(1988,18,20161023,1),
	(1989,61,20161023,2),
	(1990,54,20161023,1),
	(1991,71,20161023,1),
	(1992,21,20161023,1),
	(1993,20,20161023,1),
	(1994,63,20161023,1),
	(1995,60,20161023,2),
	(1996,19,20161023,1),
	(1997,10,20161024,1),
	(1998,21,20161024,1),
	(1999,74,20161024,2),
	(2000,60,20161024,3),
	(2001,49,20161024,1),
	(2002,69,20161024,5),
	(2003,22,20161024,1),
	(2004,23,20161024,1),
	(2005,30,20161024,1),
	(2006,55,20161024,1),
	(2007,70,20161024,1),
	(2008,4,20161024,1),
	(2009,82,20161024,2),
	(2010,58,20161024,2),
	(2011,64,20161024,4),
	(2012,61,20161024,2),
	(2013,65,20161024,1),
	(2014,71,20161024,1),
	(2015,58,20161025,1),
	(2016,69,20161025,3),
	(2017,17,20161025,1),
	(2018,79,20161025,2),
	(2019,74,20161025,1),
	(2020,55,20161025,1),
	(2021,60,20161025,1),
	(2022,68,20161025,1),
	(2023,47,20161025,1),
	(2024,23,20161025,1),
	(2025,24,20161025,2),
	(2026,61,20161025,3),
	(2027,82,20161025,1),
	(2028,26,20161025,1),
	(2029,63,20161025,1),
	(2030,67,20161025,1),
	(2031,38,20161025,1),
	(2032,61,20161026,4),
	(2033,69,20161026,2),
	(2034,82,20161026,3),
	(2035,55,20161026,1),
	(2036,70,20161026,1),
	(2037,24,20161026,1),
	(2038,60,20161026,2),
	(2039,54,20161026,2),
	(2040,26,20161026,1),
	(2041,34,20161026,2),
	(2042,31,20161026,2),
	(2043,22,20161026,1),
	(2044,79,20161026,2),
	(2045,38,20161026,1),
	(2046,74,20161026,1),
	(2047,47,20161026,1),
	(2048,64,20161026,2),
	(2049,73,20161026,1),
	(2050,58,20161026,1),
	(2051,65,20161026,1),
	(2052,23,20161026,1),
	(2053,47,20161027,1),
	(2054,79,20161027,4),
	(2055,84,20161027,2),
	(2056,38,20161027,1),
	(2057,82,20161027,3),
	(2058,61,20161027,3),
	(2059,60,20161027,1),
	(2060,14,20161027,1),
	(2061,55,20161027,1),
	(2062,29,20161027,1),
	(2063,82,20161028,8),
	(2064,79,20161028,1),
	(2065,84,20161028,2),
	(2066,22,20161028,2),
	(2067,30,20161028,1),
	(2068,21,20161028,1),
	(2069,41,20161028,1),
	(2070,2,20161028,1),
	(2071,65,20161028,1),
	(2072,54,20161028,1),
	(2073,29,20161028,1),
	(2074,23,20161028,1),
	(2075,3,20161028,1),
	(2076,55,20161028,1),
	(2077,69,20161028,1),
	(2078,74,20161028,1),
	(2079,64,20161028,1),
	(2080,61,20161028,2),
	(2081,58,20161028,1),
	(2082,81,20161028,1),
	(2083,85,20161028,1),
	(2084,16,20161029,1),
	(2085,73,20161029,1),
	(2086,54,20161029,2),
	(2087,71,20161029,2),
	(2088,69,20161029,3),
	(2089,82,20161029,6),
	(2090,22,20161029,2),
	(2091,74,20161029,1),
	(2092,60,20161029,1),
	(2093,37,20161029,1),
	(2094,63,20161029,1),
	(2095,68,20161029,1),
	(2096,61,20161029,1),
	(2097,79,20161029,1),
	(2098,38,20161029,1),
	(2099,80,20161029,1),
	(2100,36,20161029,1),
	(2101,5,20161030,1),
	(2102,77,20161030,1),
	(2103,74,20161030,1),
	(2104,54,20161030,1),
	(2105,30,20161030,1),
	(2106,17,20161030,1),
	(2107,18,20161030,1),
	(2108,82,20161030,6),
	(2109,61,20161030,1),
	(2110,79,20161030,3),
	(2111,19,20161031,1),
	(2112,59,20161031,2),
	(2113,5,20161031,1),
	(2114,46,20161031,1),
	(2115,61,20161031,4),
	(2116,79,20161031,3),
	(2117,82,20161031,8),
	(2118,74,20161031,2),
	(2119,60,20161031,3),
	(2120,12,20161031,1),
	(2121,4,20161031,1),
	(2122,73,20161031,1),
	(2123,69,20161031,4),
	(2124,84,20161031,1),
	(2125,62,20161031,2),
	(2126,83,20161031,2),
	(2127,22,20161031,3),
	(2128,55,20161031,2),
	(2129,15,20161031,1),
	(2130,80,20161031,1),
	(2131,64,20161031,1),
	(2132,81,20161031,1),
	(2133,70,20161031,1),
	(2134,17,20161031,1),
	(2135,23,20161031,1),
	(2136,61,20161101,6),
	(2137,37,20161101,1),
	(2138,58,20161101,1),
	(2139,23,20161101,2),
	(2140,85,20161101,2),
	(2141,82,20161101,12),
	(2142,60,20161101,1),
	(2143,54,20161101,1),
	(2144,69,20161101,2),
	(2145,74,20161101,4),
	(2146,79,20161101,2),
	(2147,71,20161101,1),
	(2148,47,20161101,3),
	(2149,59,20161101,1),
	(2150,22,20161101,1),
	(2151,62,20161101,1),
	(2152,64,20161101,1),
	(2153,84,20161101,2),
	(2154,67,20161101,1),
	(2155,84,20161102,2),
	(2156,74,20161102,2),
	(2157,79,20161102,3),
	(2158,61,20161102,3),
	(2159,38,20161102,2),
	(2160,60,20161102,2),
	(2161,82,20161102,2),
	(2162,62,20161102,1),
	(2163,55,20161102,1),
	(2164,24,20161102,1),
	(2165,20,20161102,1),
	(2166,34,20161102,1),
	(2167,23,20161103,1),
	(2168,82,20161103,1),
	(2169,61,20161103,1),
	(2170,64,20161103,5),
	(2171,79,20161103,2),
	(2172,63,20161103,1),
	(2173,3,20161103,1),
	(2174,62,20161103,1),
	(2175,55,20161103,1),
	(2176,69,20161103,2),
	(2177,60,20161103,1),
	(2178,74,20161103,6),
	(2179,38,20161103,3),
	(2180,54,20161103,1),
	(2181,47,20161103,1),
	(2182,84,20161103,1),
	(2183,42,20161103,1),
	(2184,37,20161103,1),
	(2185,64,20161104,1),
	(2186,74,20161104,1),
	(2187,61,20161104,5),
	(2188,79,20161104,2),
	(2189,54,20161104,1),
	(2190,63,20161104,1),
	(2191,62,20161104,1),
	(2192,28,20161104,1),
	(2193,20,20161104,1),
	(2194,80,20161104,1),
	(2195,82,20161104,2),
	(2196,40,20161104,1),
	(2197,38,20161104,1),
	(2198,30,20161104,1),
	(2199,23,20161104,1),
	(2200,58,20161104,2),
	(2201,46,20161104,1),
	(2202,69,20161104,1),
	(2203,85,20161104,1),
	(2204,2,20161104,1),
	(2205,33,20161104,1),
	(2206,60,20161105,1),
	(2207,46,20161105,1),
	(2208,79,20161105,2),
	(2209,86,20161105,3),
	(2210,61,20161105,2),
	(2211,64,20161105,1),
	(2212,24,20161105,1),
	(2213,47,20161105,1),
	(2214,38,20161105,3),
	(2215,22,20161105,1),
	(2216,82,20161105,1),
	(2217,59,20161105,1),
	(2218,22,20161106,1),
	(2219,69,20161106,1),
	(2220,23,20161106,1),
	(2221,86,20161106,4),
	(2222,84,20161106,1),
	(2223,2,20161106,1),
	(2224,4,20161106,1),
	(2225,5,20161106,1),
	(2226,10,20161106,1),
	(2227,41,20161106,1),
	(2228,15,20161106,1),
	(2229,79,20161106,1),
	(2230,30,20161106,1),
	(2231,77,20161106,1),
	(2232,49,20161106,1),
	(2233,20,20161106,1),
	(2234,47,20161107,1),
	(2235,28,20161107,1),
	(2236,86,20161107,3),
	(2237,82,20161107,3),
	(2238,60,20161107,2),
	(2239,71,20161107,1),
	(2240,61,20161107,3),
	(2241,69,20161107,3),
	(2242,84,20161107,1),
	(2243,85,20161107,2),
	(2244,74,20161107,2),
	(2245,36,20161107,1),
	(2246,24,20161107,5),
	(2247,30,20161107,3),
	(2248,23,20161107,2),
	(2249,79,20161107,2),
	(2250,54,20161107,2),
	(2251,12,20161107,1),
	(2252,16,20161107,1),
	(2253,67,20161107,1),
	(2254,22,20161107,1),
	(2255,55,20161107,1),
	(2256,62,20161107,1),
	(2257,64,20161107,1),
	(2258,3,20161107,1),
	(2259,86,20161108,3),
	(2260,82,20161108,3),
	(2261,23,20161108,2),
	(2262,38,20161108,2),
	(2263,30,20161108,1),
	(2264,85,20161108,1),
	(2265,17,20161108,2),
	(2266,22,20161108,3),
	(2267,58,20161108,2),
	(2268,62,20161108,3),
	(2269,69,20161108,2),
	(2270,78,20161108,1),
	(2271,74,20161108,2),
	(2272,64,20161108,1),
	(2273,61,20161108,2),
	(2274,84,20161108,1),
	(2275,47,20161108,1),
	(2276,79,20161108,1),
	(2277,40,20161108,1),
	(2278,54,20161108,1),
	(2279,73,20161108,1),
	(2280,63,20161108,1),
	(2281,81,20161108,1),
	(2282,60,20161108,1),
	(2283,86,20161109,10),
	(2284,16,20161109,1),
	(2285,74,20161109,1),
	(2286,64,20161109,1),
	(2287,69,20161109,1),
	(2288,63,20161109,1),
	(2289,82,20161109,4),
	(2290,17,20161109,2),
	(2291,14,20161109,1),
	(2292,26,20161109,2),
	(2293,85,20161109,1),
	(2294,38,20161109,3),
	(2295,61,20161109,3),
	(2296,87,20161109,1),
	(2297,60,20161109,1),
	(2298,23,20161109,1),
	(2299,30,20161109,1),
	(2300,55,20161109,1),
	(2301,81,20161109,1),
	(2302,22,20161109,1),
	(2303,24,20161109,2),
	(2304,40,20161109,1),
	(2305,83,20161110,1),
	(2306,86,20161110,5),
	(2307,18,20161110,2),
	(2308,61,20161110,9),
	(2309,17,20161110,1),
	(2310,80,20161110,2),
	(2311,22,20161110,2),
	(2312,82,20161110,4),
	(2313,84,20161110,1),
	(2314,54,20161110,1),
	(2315,12,20161110,1),
	(2316,59,20161110,2),
	(2317,46,20161110,1),
	(2318,69,20161110,3),
	(2319,74,20161110,1),
	(2320,37,20161110,3),
	(2321,40,20161110,3),
	(2322,23,20161110,2),
	(2323,38,20161110,2),
	(2324,60,20161110,1),
	(2325,64,20161110,1),
	(2326,36,20161110,1),
	(2327,34,20161110,1),
	(2328,62,20161110,2),
	(2329,55,20161110,1),
	(2330,29,20161111,1),
	(2331,61,20161111,1),
	(2332,86,20161111,3),
	(2333,88,20161111,2),
	(2334,82,20161111,2),
	(2335,23,20161111,1),
	(2336,22,20161111,1),
	(2337,84,20161111,1),
	(2338,38,20161111,1),
	(2339,60,20161111,1),
	(2340,74,20161111,1),
	(2341,78,20161111,1),
	(2342,64,20161111,1),
	(2343,85,20161111,1),
	(2344,58,20161111,1),
	(2345,70,20161111,1),
	(2346,54,20161112,1),
	(2347,10,20161112,1),
	(2348,88,20161112,9),
	(2349,68,20161112,1),
	(2350,82,20161112,5),
	(2351,86,20161112,1),
	(2352,74,20161112,1),
	(2353,85,20161112,1),
	(2354,15,20161112,1),
	(2355,79,20161112,1),
	(2356,61,20161112,1),
	(2357,24,20161112,1),
	(2358,19,20161112,1),
	(2359,40,20161112,1),
	(2360,4,20161112,1),
	(2361,80,20161113,1),
	(2362,30,20161113,1),
	(2363,62,20161113,1),
	(2364,23,20161113,2),
	(2365,15,20161113,1),
	(2366,81,20161113,1),
	(2367,5,20161113,1),
	(2368,22,20161113,1),
	(2369,68,20161113,1),
	(2370,83,20161113,1),
	(2371,58,20161114,2),
	(2372,88,20161114,4),
	(2373,82,20161114,3),
	(2374,60,20161114,1),
	(2375,17,20161114,1),
	(2376,22,20161114,1),
	(2377,84,20161114,1),
	(2378,86,20161114,2),
	(2379,69,20161114,1),
	(2380,34,20161114,1),
	(2381,62,20161115,2),
	(2382,55,20161115,1),
	(2383,88,20161115,3),
	(2384,22,20161115,2),
	(2385,34,20161115,1),
	(2386,24,20161115,1),
	(2387,61,20161115,1),
	(2388,38,20161115,1),
	(2389,79,20161115,1),
	(2390,84,20161115,1),
	(2391,86,20161115,1),
	(2392,37,20161116,1),
	(2393,88,20161116,3),
	(2394,86,20161116,3),
	(2395,82,20161116,2),
	(2396,24,20161116,1),
	(2397,85,20161116,1),
	(2398,54,20161116,2),
	(2399,34,20161116,1),
	(2400,74,20161116,1),
	(2401,64,20161116,1),
	(2402,22,20161116,1),
	(2403,69,20161116,1),
	(2404,3,20161117,2),
	(2405,84,20161117,2),
	(2406,18,20161117,1),
	(2407,77,20161117,1),
	(2408,47,20161117,1),
	(2409,88,20161117,2),
	(2410,23,20161117,1),
	(2411,69,20161117,1),
	(2412,29,20161117,1),
	(2413,58,20161117,2),
	(2414,61,20161117,3),
	(2415,82,20161117,3),
	(2416,59,20161117,1),
	(2417,54,20161118,1),
	(2418,74,20161118,2),
	(2419,46,20161118,1),
	(2420,40,20161118,1),
	(2421,30,20161118,1),
	(2422,88,20161118,3),
	(2423,82,20161118,3),
	(2424,61,20161118,1),
	(2425,86,20161118,1),
	(2426,38,20161118,1),
	(2427,36,20161119,1),
	(2428,88,20161119,2),
	(2429,22,20161119,2),
	(2430,74,20161120,3),
	(2431,84,20161120,2),
	(2432,14,20161121,2),
	(2433,82,20161121,7),
	(2434,54,20161121,1),
	(2435,73,20161121,1),
	(2436,88,20161121,3),
	(2437,84,20161121,3),
	(2438,83,20161121,1),
	(2439,69,20161121,1),
	(2440,85,20161121,1),
	(2441,60,20161121,1),
	(2442,63,20161121,1),
	(2443,61,20161121,4),
	(2444,89,20161121,1),
	(2445,37,20161121,2),
	(2446,79,20161121,1),
	(2447,89,20161122,10),
	(2448,86,20161122,5),
	(2449,88,20161122,2),
	(2450,82,20161122,3),
	(2451,60,20161122,3),
	(2452,80,20161122,3),
	(2453,83,20161122,3),
	(2454,68,20161122,1),
	(2455,40,20161122,1),
	(2456,85,20161122,1),
	(2457,23,20161122,2),
	(2458,17,20161122,1),
	(2459,22,20161122,2),
	(2460,79,20161122,1),
	(2461,16,20161122,1),
	(2462,30,20161123,1),
	(2463,61,20161123,6),
	(2464,18,20161123,1),
	(2465,23,20161123,1),
	(2466,69,20161123,2),
	(2467,88,20161123,3),
	(2468,89,20161123,8),
	(2469,63,20161123,1),
	(2470,86,20161123,3),
	(2471,60,20161123,3),
	(2472,16,20161123,1),
	(2473,37,20161123,1),
	(2474,82,20161123,2),
	(2475,59,20161123,2),
	(2476,85,20161123,1),
	(2477,22,20161123,1),
	(2478,74,20161123,4),
	(2479,36,20161123,1),
	(2480,62,20161123,1),
	(2481,79,20161123,1),
	(2482,24,20161123,1),
	(2483,80,20161123,2),
	(2484,83,20161123,1),
	(2485,54,20161123,1),
	(2486,3,20161123,1),
	(2487,58,20161123,2),
	(2488,70,20161124,1),
	(2489,61,20161124,1),
	(2490,60,20161124,2),
	(2491,74,20161124,2),
	(2492,69,20161124,2),
	(2493,64,20161124,2),
	(2494,82,20161124,3),
	(2495,86,20161124,2),
	(2496,88,20161124,2),
	(2497,89,20161124,6),
	(2498,17,20161124,2),
	(2499,22,20161124,1),
	(2500,40,20161124,1),
	(2501,47,20161124,1),
	(2502,30,20161124,1),
	(2503,23,20161124,1),
	(2504,83,20161124,2),
	(2505,84,20161124,1),
	(2506,38,20161124,1),
	(2507,63,20161124,1),
	(2508,37,20161124,1),
	(2509,80,20161124,2),
	(2510,15,20161124,1),
	(2511,65,20161124,1),
	(2512,2,20161124,1),
	(2513,55,20161124,1),
	(2514,5,20161124,1),
	(2515,20,20161124,1),
	(2516,26,20161124,1),
	(2517,12,20161124,1),
	(2518,4,20161124,1),
	(2519,62,20161124,2),
	(2520,34,20161124,1),
	(2521,58,20161124,1),
	(2522,60,20161125,5),
	(2523,69,20161125,1),
	(2524,29,20161125,2),
	(2525,46,20161125,1),
	(2526,63,20161125,2),
	(2527,18,20161125,1),
	(2528,83,20161125,1),
	(2529,88,20161125,7),
	(2530,59,20161125,2),
	(2531,89,20161125,10),
	(2532,82,20161125,5),
	(2533,58,20161125,1),
	(2534,70,20161125,1),
	(2535,30,20161125,1),
	(2536,5,20161125,1),
	(2537,22,20161125,1),
	(2538,86,20161125,6),
	(2539,23,20161125,1),
	(2540,77,20161125,1),
	(2541,12,20161125,1),
	(2542,74,20161125,1),
	(2543,4,20161125,1),
	(2544,85,20161125,1),
	(2545,20,20161125,1),
	(2546,79,20161125,2),
	(2547,37,20161125,1),
	(2548,81,20161125,2),
	(2549,34,20161125,1),
	(2550,61,20161125,1),
	(2551,86,20161126,1),
	(2552,89,20161126,4),
	(2553,88,20161126,4),
	(2554,55,20161126,1),
	(2555,78,20161126,3),
	(2556,18,20161126,1),
	(2557,20,20161126,1),
	(2558,29,20161126,1),
	(2559,21,20161126,1),
	(2560,17,20161126,1),
	(2561,37,20161126,1),
	(2562,89,20161127,6),
	(2563,86,20161127,1),
	(2564,88,20161127,1),
	(2565,60,20161127,1),
	(2566,68,20161127,1),
	(2567,82,20161127,2),
	(2568,22,20161127,1),
	(2569,19,20161128,1),
	(2570,88,20161128,3),
	(2571,82,20161128,5),
	(2572,16,20161128,1),
	(2573,63,20161128,1),
	(2574,60,20161128,2),
	(2575,62,20161128,2),
	(2576,21,20161128,1),
	(2577,77,20161128,1),
	(2578,55,20161128,2),
	(2579,65,20161128,2),
	(2580,86,20161128,3),
	(2581,89,20161128,4),
	(2582,61,20161128,1),
	(2583,58,20161128,2),
	(2584,85,20161128,1),
	(2585,3,20161128,1),
	(2586,22,20161128,1),
	(2587,74,20161129,1),
	(2588,61,20161129,2),
	(2589,69,20161129,6),
	(2590,22,20161129,1),
	(2591,17,20161129,3),
	(2592,88,20161129,5),
	(2593,38,20161129,4),
	(2594,60,20161129,1),
	(2595,64,20161129,1),
	(2596,30,20161129,1),
	(2597,40,20161129,1),
	(2598,37,20161129,1),
	(2599,23,20161129,1),
	(2600,89,20161129,9),
	(2601,86,20161129,4),
	(2602,68,20161129,1),
	(2603,47,20161129,2),
	(2604,82,20161129,4),
	(2605,63,20161129,1),
	(2606,83,20161129,1),
	(2607,85,20161129,3),
	(2608,84,20161129,2),
	(2609,80,20161129,1),
	(2610,67,20161129,1),
	(2611,54,20161129,1),
	(2612,14,20161129,1),
	(2613,46,20161129,1),
	(2614,55,20161130,1),
	(2615,30,20161130,2),
	(2616,23,20161130,2),
	(2617,74,20161130,1),
	(2618,5,20161130,2),
	(2619,18,20161130,1),
	(2620,4,20161130,1),
	(2621,89,20161130,2),
	(2622,82,20161130,1),
	(2623,24,20161130,1),
	(2624,88,20161130,2),
	(2625,2,20161130,1),
	(2626,3,20161130,1),
	(2627,29,20161130,1),
	(2628,88,20161201,1),
	(2629,89,20161201,2),
	(2630,79,20161201,2),
	(2631,58,20161201,1),
	(2632,26,20161201,1),
	(2633,64,20161201,1),
	(2634,68,20161201,1),
	(2635,15,20161201,1),
	(2636,61,20161201,3),
	(2637,40,20161201,1),
	(2638,62,20161201,1),
	(2639,36,20161201,2),
	(2640,34,20161201,1),
	(2641,89,20161202,5),
	(2642,61,20161202,2),
	(2643,23,20161202,1),
	(2644,80,20161202,1),
	(2645,30,20161202,2),
	(2646,17,20161202,1),
	(2647,22,20161202,2),
	(2648,85,20161202,1),
	(2649,88,20161202,6),
	(2650,82,20161202,1),
	(2651,69,20161202,1),
	(2652,2,20161202,2),
	(2653,68,20161202,1),
	(2654,61,20161203,2),
	(2655,58,20161203,2),
	(2656,65,20161203,1),
	(2657,24,20161203,1),
	(2658,88,20161203,1),
	(2659,82,20161203,3),
	(2660,81,20161203,1),
	(2661,68,20161203,1),
	(2662,4,20161203,1),
	(2663,89,20161203,1),
	(2664,15,20161204,1),
	(2665,81,20161204,1),
	(2666,61,20161204,5),
	(2667,68,20161204,2),
	(2668,89,20161204,2),
	(2669,82,20161204,3),
	(2670,88,20161204,1),
	(2671,58,20161204,1),
	(2672,24,20161204,1),
	(2673,40,20161205,1),
	(2674,89,20161205,3),
	(2675,17,20161205,5),
	(2676,22,20161205,3),
	(2677,86,20161205,3),
	(2678,60,20161205,3),
	(2679,85,20161205,2),
	(2680,61,20161205,3),
	(2681,88,20161205,7),
	(2682,24,20161205,5),
	(2683,82,20161205,2),
	(2684,69,20161205,1),
	(2685,84,20161205,1),
	(2686,38,20161205,1),
	(2687,59,20161205,1),
	(2688,89,20161206,16),
	(2689,74,20161206,2),
	(2690,68,20161206,4),
	(2691,86,20161206,5),
	(2692,60,20161206,9),
	(2693,80,20161206,3),
	(2694,83,20161206,3),
	(2695,88,20161206,7),
	(2696,82,20161206,2),
	(2697,79,20161206,1),
	(2698,23,20161206,1),
	(2699,40,20161206,1),
	(2700,38,20161206,1),
	(2701,30,20161206,1),
	(2702,58,20161206,1),
	(2703,65,20161206,1),
	(2704,21,20161206,1),
	(2705,2,20161206,1),
	(2706,17,20161206,1),
	(2707,69,20161206,2),
	(2708,85,20161206,1),
	(2709,62,20161206,3),
	(2710,63,20161206,1),
	(2711,55,20161206,1),
	(2712,19,20161206,1),
	(2713,61,20161206,1),
	(2714,64,20161206,1),
	(2715,5,20161207,1),
	(2716,89,20161207,4),
	(2717,82,20161207,4),
	(2718,61,20161207,6),
	(2719,88,20161207,3),
	(2720,64,20161207,1),
	(2721,22,20161207,1),
	(2722,62,20161207,2),
	(2723,4,20161207,1),
	(2724,86,20161207,1),
	(2725,74,20161207,2),
	(2726,54,20161207,1),
	(2727,89,20161208,7),
	(2728,69,20161208,1),
	(2729,86,20161208,3),
	(2730,88,20161208,5),
	(2731,62,20161208,1),
	(2732,59,20161208,1),
	(2733,74,20161208,1),
	(2734,58,20161208,2),
	(2735,23,20161208,1),
	(2736,61,20161208,2),
	(2737,54,20161208,1),
	(2738,73,20161208,2),
	(2739,71,20161208,1),
	(2740,65,20161208,1),
	(2741,36,20161208,1),
	(2742,63,20161208,1),
	(2743,79,20161208,1),
	(2744,23,20161209,1),
	(2745,89,20161209,3),
	(2746,88,20161209,3),
	(2747,85,20161209,2),
	(2748,22,20161209,1),
	(2749,82,20161209,3),
	(2750,61,20161209,1),
	(2751,84,20161209,1),
	(2752,69,20161209,3),
	(2753,47,20161209,2),
	(2754,24,20161209,1),
	(2755,59,20161209,1),
	(2756,77,20161209,2),
	(2757,20,20161209,1),
	(2758,27,20161209,1),
	(2759,41,20161209,1),
	(2760,38,20161209,2),
	(2761,62,20161209,1),
	(2762,17,20161209,1),
	(2763,67,20161209,1),
	(2764,47,20161210,1),
	(2765,59,20161210,1),
	(2766,22,20161210,1),
	(2767,88,20161210,5),
	(2768,74,20161210,1),
	(2769,89,20161210,1),
	(2770,61,20161210,1),
	(2771,58,20161210,1),
	(2772,5,20161210,1),
	(2773,12,20161210,1),
	(2774,84,20161211,1),
	(2775,4,20161211,1),
	(2776,64,20161211,1),
	(2777,60,20161211,1),
	(2778,37,20161211,2),
	(2779,89,20161211,2),
	(2780,2,20161211,1),
	(2781,82,20161211,2),
	(2782,61,20161211,5),
	(2783,58,20161211,1),
	(2784,55,20161211,1),
	(2785,79,20161211,1),
	(2786,88,20161211,1),
	(2787,86,20161211,1),
	(2788,23,20161211,2),
	(2789,83,20161211,2),
	(2790,54,20161211,1),
	(2791,74,20161212,6),
	(2792,61,20161212,1),
	(2793,88,20161212,3),
	(2794,69,20161212,2),
	(2795,22,20161212,2),
	(2796,89,20161212,1),
	(2797,63,20161212,1),
	(2798,64,20161212,1),
	(2799,68,201706,31),
	(2800,74,201706,26),
	(2801,82,201706,47),
	(2802,86,201706,30),
	(2803,93,201706,54),
	(2804,69,201706,35),
	(2805,37,201706,48),
	(2806,61,201706,45),
	(2807,17,201706,34),
	(2808,47,201706,32),
	(2809,95,201706,82),
	(2810,91,201706,90),
	(2811,89,201706,53),
	(2812,78,201706,75),
	(2813,85,201706,90),
	(2814,77,201706,65),
	(2815,96,201706,84),
	(2816,67,201706,38),
	(2817,59,201706,17),
	(2818,30,201706,32),
	(2819,81,201706,27),
	(2820,3,201706,39),
	(2821,92,201706,24),
	(2822,40,201706,27),
	(2823,79,201706,34),
	(2824,70,201706,41),
	(2825,33,201706,30),
	(2826,23,201706,135),
	(2827,35,201706,30),
	(2828,24,201706,36),
	(2829,64,201706,42),
	(2830,22,201706,36),
	(2831,31,201706,25),
	(2832,87,201706,72),
	(2833,80,201706,27),
	(2834,71,201706,44),
	(2835,38,201706,53),
	(2836,90,201706,47),
	(2837,94,201706,32),
	(2838,34,201706,25),
	(2839,21,201706,31),
	(2840,73,201706,21),
	(2841,55,201706,31),
	(2842,84,201706,34),
	(2843,19,201706,29),
	(2844,36,201706,36),
	(2845,63,201706,27),
	(2846,58,201706,36),
	(2847,32,201706,25),
	(2848,60,201706,25),
	(2849,88,201706,137),
	(2850,83,201706,22),
	(2851,54,201706,29),
	(2852,62,201706,33),
	(2853,26,201706,28),
	(2854,20,201706,30),
	(2855,46,201706,21),
	(2856,49,201706,31),
	(2857,48,201706,23),
	(2858,42,201706,22),
	(2859,41,201706,24),
	(2860,29,201706,14),
	(2861,28,201706,6),
	(2862,10,201706,9),
	(2863,18,201706,8),
	(2864,5,201706,10),
	(2865,2,201706,6),
	(2866,15,201706,7),
	(2867,65,201706,10),
	(2868,11,201706,5),
	(2869,12,201706,4),
	(2870,4,201706,5),
	(2871,16,201706,5),
	(2872,98,201706,13),
	(2873,6,201706,2),
	(2874,14,201706,4),
	(2875,13,201706,1),
	(2876,27,201706,7),
	(2877,62,201707,13),
	(2878,49,201707,22),
	(2879,41,201707,13),
	(2880,93,201707,41),
	(2881,24,201707,13),
	(2882,70,201707,31),
	(2883,29,201707,35),
	(2884,84,201707,28),
	(2885,87,201707,60),
	(2886,82,201707,43),
	(2887,91,201707,58),
	(2888,71,201707,38),
	(2889,86,201707,17),
	(2890,89,201707,32),
	(2891,96,201707,97),
	(2892,95,201707,60),
	(2893,40,201707,17),
	(2894,32,201707,11),
	(2895,68,201707,21),
	(2896,21,201707,11),
	(2897,88,201707,202),
	(2898,80,201707,10),
	(2899,85,201707,59),
	(2900,90,201707,45),
	(2901,36,201707,33),
	(2902,19,201707,13),
	(2903,61,201707,32),
	(2904,46,201707,19),
	(2905,20,201707,14),
	(2906,34,201707,16),
	(2907,31,201707,12),
	(2908,73,201707,17),
	(2909,78,201707,56),
	(2910,69,201707,13),
	(2911,37,201707,26),
	(2912,38,201707,23),
	(2913,83,201707,15),
	(2914,47,201707,18),
	(2915,42,201707,13),
	(2916,59,201707,12),
	(2917,54,201707,17),
	(2918,23,201707,21),
	(2919,60,201707,21),
	(2920,48,201707,20),
	(2921,55,201707,22),
	(2922,63,201707,8),
	(2923,33,201707,13),
	(2924,65,201707,1),
	(2925,79,201707,34),
	(2926,22,201707,20),
	(2927,64,201707,16),
	(2928,67,201707,13),
	(2929,81,201707,13),
	(2930,74,201707,20),
	(2931,17,201707,10),
	(2932,58,201707,16),
	(2933,26,201707,15),
	(2934,3,201707,4),
	(2935,94,201707,10),
	(2936,35,201707,12),
	(2937,92,201707,10),
	(2938,30,201707,14),
	(2939,16,201707,16),
	(2940,77,201707,12),
	(2941,15,201707,17),
	(2942,27,201707,2),
	(2943,98,201707,15),
	(2944,28,201707,1),
	(2945,5,201707,7),
	(2946,10,201707,1),
	(2947,2,201707,1),
	(2948,4,201707,1),
	(2949,99,201707,11),
	(2950,97,201707,9),
	(2951,93,201708,34),
	(2952,85,201708,55),
	(2953,96,201708,74),
	(2954,42,201708,19),
	(2955,29,201708,43),
	(2956,3,201708,6),
	(2957,97,201708,34),
	(2958,62,201708,42),
	(2959,84,201708,37),
	(2960,90,201708,88),
	(2961,99,201708,72),
	(2962,91,201708,64),
	(2963,71,201708,43),
	(2964,88,201708,82),
	(2965,63,201708,15),
	(2966,21,201708,30),
	(2967,20,201708,31),
	(2968,22,201708,39),
	(2969,80,201708,18),
	(2970,79,201708,43),
	(2971,98,201708,44),
	(2972,31,201708,23),
	(2973,95,201708,71),
	(2974,82,201708,37),
	(2975,69,201708,23),
	(2976,61,201708,41),
	(2977,40,201708,23),
	(2978,73,201708,25),
	(2979,49,201708,28),
	(2980,87,201708,136),
	(2981,37,201708,20),
	(2982,24,201708,27),
	(2983,30,201708,39),
	(2984,67,201708,17),
	(2985,89,201708,52),
	(2986,36,201708,39),
	(2987,78,201708,56),
	(2988,70,201708,37),
	(2989,59,201708,20),
	(2990,81,201708,27),
	(2991,38,201708,48),
	(2992,83,201708,26),
	(2993,26,201708,31),
	(2994,23,201708,87),
	(2995,54,201708,33),
	(2996,58,201708,23),
	(2997,32,201708,19),
	(2998,35,201708,36),
	(2999,33,201708,24),
	(3000,74,201708,28),
	(3001,55,201708,32),
	(3002,86,201708,15),
	(3003,16,201708,20),
	(3004,17,201708,27),
	(3005,19,201708,25),
	(3006,46,201708,32),
	(3007,48,201708,26),
	(3008,94,201708,14),
	(3009,92,201708,9),
	(3010,34,201708,19),
	(3011,2,201708,8),
	(3012,60,201708,35),
	(3013,68,201708,15),
	(3014,47,201708,24),
	(3015,64,201708,20),
	(3016,41,201708,18),
	(3017,77,201708,19),
	(3018,10,201708,3),
	(3019,28,201708,1),
	(3020,1,201708,1),
	(3021,14,201708,1),
	(3022,27,201708,1),
	(3023,5,201708,1),
	(3024,15,201708,2),
	(3025,12,201708,1),
	(3026,18,201708,3),
	(3027,4,201708,1),
	(3028,100,201708,3),
	(3029,69,201709,47),
	(3030,54,201709,31),
	(3031,22,201709,45),
	(3032,98,201709,59),
	(3033,87,201709,162),
	(3034,62,201709,96),
	(3035,90,201709,91),
	(3036,95,201709,74),
	(3037,70,201709,49),
	(3038,29,201709,17),
	(3039,100,201709,156),
	(3040,74,201709,39),
	(3041,20,201709,37),
	(3042,17,201709,41),
	(3043,33,201709,35),
	(3044,35,201709,43),
	(3045,19,201709,40),
	(3046,31,201709,39),
	(3047,91,201709,88),
	(3048,60,201709,52),
	(3049,93,201709,54),
	(3050,88,201709,64),
	(3051,55,201709,39),
	(3052,61,201709,49),
	(3053,82,201709,55),
	(3054,97,201709,121),
	(3055,63,201709,19),
	(3056,38,201709,62),
	(3057,89,201709,47),
	(3058,99,201709,94),
	(3059,71,201709,52),
	(3060,96,201709,62),
	(3061,48,201709,41),
	(3062,2,201709,7),
	(3063,79,201709,72),
	(3064,92,201709,19),
	(3065,64,201709,42),
	(3066,67,201709,19),
	(3067,5,201709,3),
	(3068,27,201709,3),
	(3069,77,201709,28),
	(3070,36,201709,62),
	(3071,16,201709,32),
	(3072,47,201709,37),
	(3073,78,201709,47),
	(3074,58,201709,41),
	(3075,21,201709,44),
	(3076,24,201709,35),
	(3077,85,201709,51),
	(3078,37,201709,31),
	(3079,83,201709,34),
	(3080,46,201709,50),
	(3081,84,201709,54),
	(3082,94,201709,16),
	(3083,40,201709,39),
	(3084,30,201709,29),
	(3085,26,201709,34),
	(3086,68,201709,30),
	(3087,34,201709,37),
	(3088,81,201709,30),
	(3089,86,201709,29),
	(3090,59,201709,27),
	(3091,73,201709,47),
	(3092,42,201709,37),
	(3093,32,201709,25),
	(3094,41,201709,33),
	(3095,49,201709,47),
	(3096,80,201709,30),
	(3097,23,201709,79),
	(3098,3,201709,5),
	(3099,28,201709,2),
	(3100,12,201709,1),
	(3101,104,201709,121),
	(3102,15,201709,1),
	(3103,10,201709,1),
	(3104,4,201709,2),
	(3105,105,201709,34),
	(3106,107,201709,55),
	(3107,106,201709,49),
	(3108,108,201709,4),
	(3109,111,201709,3),
	(3110,110,201709,2),
	(3111,109,201709,3),
	(3112,112,201709,35),
	(3113,90,201710,59),
	(3114,87,201710,145),
	(3115,79,201710,44),
	(3116,64,201710,22),
	(3117,104,201710,67),
	(3118,22,201710,33),
	(3119,23,201710,72),
	(3120,59,201710,26),
	(3121,24,201710,30),
	(3122,112,201710,128),
	(3123,99,201710,65),
	(3124,106,201710,125),
	(3125,97,201710,55),
	(3126,78,201710,60),
	(3127,71,201710,61),
	(3128,60,201710,29),
	(3129,61,201710,66),
	(3130,73,201710,50),
	(3131,62,201710,108),
	(3132,93,201710,46),
	(3133,100,201710,90),
	(3134,96,201710,56),
	(3135,63,201710,18),
	(3136,36,201710,53),
	(3137,46,201710,56),
	(3138,67,201710,28),
	(3139,107,201710,121),
	(3140,88,201710,72),
	(3141,98,201710,59),
	(3142,84,201710,52),
	(3143,34,201710,23),
	(3144,35,201710,30),
	(3145,77,201710,16),
	(3146,69,201710,36),
	(3147,38,201710,56),
	(3148,17,201710,33),
	(3149,40,201710,38),
	(3150,48,201710,54),
	(3151,80,201710,24),
	(3152,105,201710,61),
	(3153,85,201710,64),
	(3154,41,201710,29),
	(3155,95,201710,51),
	(3156,49,201710,58),
	(3157,58,201710,37),
	(3158,19,201710,30),
	(3159,83,201710,28),
	(3160,82,201710,43),
	(3161,86,201710,21),
	(3162,91,201710,66),
	(3163,31,201710,28),
	(3164,32,201710,21),
	(3165,89,201710,34),
	(3166,94,201710,27),
	(3167,20,201710,30),
	(3168,33,201710,28),
	(3169,21,201710,29),
	(3170,70,201710,46),
	(3171,16,201710,22),
	(3172,29,201710,18),
	(3173,2,201710,3),
	(3174,74,201710,34),
	(3175,55,201710,27),
	(3176,81,201710,24),
	(3177,26,201710,32),
	(3178,47,201710,40),
	(3179,37,201710,32),
	(3180,68,201710,17),
	(3181,42,201710,26),
	(3182,54,201710,27),
	(3183,92,201710,17),
	(3184,30,201710,20),
	(3185,5,201710,9),
	(3186,101,201710,1),
	(3187,102,201710,1),
	(3188,113,201710,72),
	(3189,4,201710,6),
	(3190,15,201710,5),
	(3191,12,201710,6),
	(3192,3,201710,7),
	(3193,27,201710,3),
	(3194,10,201710,2),
	(3195,18,201710,4),
	(3196,116,201710,20),
	(3197,65,201710,2),
	(3198,14,201710,1),
	(3199,28,201710,1),
	(3200,117,201710,35),
	(3201,111,201710,8),
	(3202,118,201710,15),
	(3203,115,201710,5),
	(3204,110,201710,6),
	(3205,110,201711,29),
	(3206,60,201711,38),
	(3207,29,201711,22),
	(3208,62,201711,89),
	(3209,107,201711,78),
	(3210,112,201711,175),
	(3211,31,201711,25),
	(3212,87,201711,74),
	(3213,38,201711,49),
	(3214,19,201711,28),
	(3215,86,201711,39),
	(3216,74,201711,36),
	(3217,117,201711,95),
	(3218,94,201711,18),
	(3219,97,201711,47),
	(3220,98,201711,33),
	(3221,67,201711,23),
	(3222,105,201711,58),
	(3223,24,201711,32),
	(3224,35,201711,28),
	(3225,88,201711,65),
	(3226,95,201711,59),
	(3227,113,201711,80),
	(3228,83,201711,37),
	(3229,99,201711,54),
	(3230,21,201711,28),
	(3231,17,201711,25),
	(3232,85,201711,63),
	(3233,69,201711,24),
	(3234,116,201711,87),
	(3235,26,201711,21),
	(3236,20,201711,26),
	(3237,96,201711,28),
	(3238,23,201711,31),
	(3239,33,201711,24),
	(3240,46,201711,40),
	(3241,36,201711,44),
	(3242,16,201711,22),
	(3243,92,201711,15),
	(3244,100,201711,61),
	(3245,106,201711,40),
	(3246,55,201711,15),
	(3247,49,201711,43),
	(3248,73,201711,42),
	(3249,79,201711,38),
	(3250,93,201711,47),
	(3251,119,201711,41),
	(3252,71,201711,42),
	(3253,78,201711,61),
	(3254,48,201711,35),
	(3255,61,201711,30),
	(3256,41,201711,41),
	(3257,70,201711,28),
	(3258,58,201711,38),
	(3259,118,201711,69),
	(3260,104,201711,47),
	(3261,91,201711,44),
	(3262,34,201711,29),
	(3263,64,201711,19),
	(3264,90,201711,20),
	(3265,47,201711,31),
	(3266,115,201711,33),
	(3267,2,201711,12),
	(3268,63,201711,15),
	(3269,84,201711,36),
	(3270,111,201711,39),
	(3271,30,201711,17),
	(3272,89,201711,35),
	(3273,42,201711,29),
	(3274,5,201711,5),
	(3275,37,201711,24),
	(3276,68,201711,17),
	(3277,77,201711,28),
	(3278,3,201711,12),
	(3279,22,201711,28),
	(3280,54,201711,24),
	(3281,82,201711,55),
	(3282,59,201711,23),
	(3283,80,201711,27),
	(3284,10,201711,1),
	(3285,18,201711,2),
	(3286,40,201711,24),
	(3287,32,201711,12),
	(3288,81,201711,20),
	(3289,121,201711,77),
	(3290,120,201711,78),
	(3291,122,201711,65),
	(3292,123,201711,71),
	(3293,124,201711,66),
	(3294,12,201711,1),
	(3295,65,201711,3),
	(3296,125,201711,30),
	(3297,4,201711,2),
	(3298,126,201711,15),
	(3299,15,201711,1),
	(3300,127,201711,24),
	(3301,100,201712,4),
	(3302,113,201712,20),
	(3303,116,201712,6),
	(3304,126,201712,10),
	(3305,89,201712,1),
	(3306,85,201712,2),
	(3307,124,201712,13),
	(3308,46,201712,2),
	(3309,36,201712,1),
	(3310,120,201712,2),
	(3311,105,201712,3),
	(3312,95,201712,17),
	(3313,86,201712,1),
	(3314,62,201712,12),
	(3315,22,201712,3),
	(3316,99,201712,1),
	(3317,112,201712,28),
	(3318,127,201712,30),
	(3319,60,201712,2),
	(3320,123,201712,15),
	(3321,125,201712,20),
	(3322,106,201712,6),
	(3323,117,201712,4),
	(3324,122,201712,11),
	(3325,70,201712,5),
	(3326,118,201712,3),
	(3327,88,201712,9),
	(3328,79,201712,7),
	(3329,98,201712,2),
	(3330,69,201712,4),
	(3331,35,201712,3),
	(3332,29,201712,2),
	(3333,42,201712,2),
	(3334,61,201712,5),
	(3335,47,201712,1),
	(3336,54,201712,2),
	(3337,31,201712,3),
	(3338,110,201712,5),
	(3339,55,201712,1),
	(3340,49,201712,2),
	(3341,48,201712,2),
	(3342,10,201712,2),
	(3343,19,201712,2),
	(3344,30,201712,8),
	(3345,92,201712,2),
	(3346,97,201712,3),
	(3347,119,201712,4),
	(3348,93,201712,2),
	(3349,107,201712,5),
	(3350,37,201712,3),
	(3351,87,201712,2),
	(3352,121,201712,4),
	(3353,32,201712,2),
	(3354,23,201712,3),
	(3355,78,201712,8),
	(3356,41,201712,3),
	(3357,91,201712,2),
	(3358,104,201712,8),
	(3359,38,201712,1),
	(3360,21,201712,2),
	(3361,58,201712,1),
	(3362,111,201712,2),
	(3363,33,201712,3),
	(3364,90,201712,1),
	(3365,115,201712,2),
	(3366,94,201712,2),
	(3367,82,201712,1),
	(3368,83,201712,1),
	(3369,128,201712,3),
	(3370,17,201712,3),
	(3371,3,201712,1),
	(3372,71,201712,3),
	(3373,40,201712,2),
	(3374,73,201712,3),
	(3375,59,201712,1),
	(3376,74,201712,1),
	(3377,64,201712,3),
	(3378,84,201712,1),
	(3379,96,201712,1),
	(3380,20,201712,2),
	(3381,80,201712,1),
	(3382,16,201712,2),
	(3383,8,201712,1);

/*!40000 ALTER TABLE `newsclicks` ENABLE KEYS */;
UNLOCK TABLES;


# Dump of table newscontent
# ------------------------------------------------------------

DROP TABLE IF EXISTS `newscontent`;

CREATE TABLE `newscontent` (
  `thisid` int(11) NOT NULL AUTO_INCREMENT,
  `newsid` int(11) NOT NULL,
  `thistitle` varchar(400) DEFAULT NULL,
  `text1` text,
  `imglink` varchar(400) DEFAULT NULL,
  `imgdes` varchar(600) DEFAULT NULL,
  `videolink` varchar(400) DEFAULT NULL,
  `videodes` varchar(600) DEFAULT NULL,
  `thispic` varchar(50) DEFAULT NULL,
  PRIMARY KEY (`thisid`)
) ENGINE=InnoDB DEFAULT CHARSET=utf8 ROW_FORMAT=DYNAMIC;

LOCK TABLES `newscontent` WRITE;
/*!40000 ALTER TABLE `newscontent` DISABLE KEYS */;

INSERT INTO `newscontent` (`thisid`, `newsid`, `thistitle`, `text1`, `imglink`, `imgdes`, `videolink`, `videodes`, `thispic`)
VALUES
	(12,11,'','每年的农历八月十五，对于全球华人来说，不仅仅是一个时间的概念，更是对于阖家团圆的一贯向往和期盼。13年的中秋之夜，欣和六月鲜，号召大家#一起酱油吧#，将大家对于中秋祝福的力量汇聚，一起点亮上海外滩的震旦大厦和花旗银行大厦。2013年的中秋之夜，上海滩这两栋标志性的建筑物瞬间变身巨型的“六月鲜”酱油瓶。',NULL,'2013年的中秋之夜，上海外滩的震旦大厦和花旗银行大厦','','','news_12.jpg'),
	(13,11,'','六月鲜每一滴酱油都是经过六个月的孕育而成,就像藏在我们心中的心意与情感,一点一滴积累成爱。六月鲜相信用心用情的酿造，就是让生活更有美味的秘诀。凡是用心付出，持之以恒，一定会让每个人充满正能量，创造更美好的生活。六月，不只是时间，更是用心凝聚的团圆和欢庆。',NULL,'','v.youku.comv_showid_XMTU5OTc3MjIwNA&#061;&#061;.html','',''),
	(14,13,'rgwe','rtrt\r\ndjfhjlfhsa\r\ndsf',NULL,'rtrtrt','v.youku.comv_showid_XODgxMjM0NTAw.html?from&#061;y1.3-idx-uhome-1519-20887.212790-212949.5-1.1-8-1-5-0','TEST ONLY','news_14.jpg'),
	(35,19,'','六月鲜与谢霆锋合作十二道锋味，是因为这两者对于梦想的理解，有着机缘巧合的相似性。做美食，是霆锋的梦想，在累积了多年的演艺生涯之后，霆锋终于决定来实现他十二岁的梦想。霆锋觉得，美食不只是「好吃」这么简单，每一道美食背后，都有一个「锋味」的故事，因此霆锋用十二种情感故事讲述了他的十二道「锋味」美食，每一道霆锋美食背后都是霆锋的用心和付出，每一道霆锋美食背后都是时间沉淀之后痕迹。\r\n六月鲜，也有一个梦想，做中国最好的酱油品牌。坚持六个月足期发酵，一路走来，对于梦想的坚持，一直未曾改变；六月鲜，像孕育生命一样酿造每一瓶酱油，相信每一瓶爱心产品的背后，都是时间的沉淀和用心的付出。\r\n美食是一个载体，，它可以承载亲情，友情，爱情……\r\n借由十二道锋味的故事，六月鲜希望陪伴更多人，去找寻属于自己的锋味美食。',NULL,'','','','news_35.jpg'),
	(36,19,'','在浪漫之城杭州的凤凰山下，六月鲜为一对从大学就在一起的恋人，举办了专属他们的私人婚宴，男主人公亲手为自己心目中的公主做了一道菜肴，并许下承诺，做她一辈子的男厨。\r\n六月鲜，用心陪你的每一天。',NULL,'','v.youku.comv_showid_XMTYwNjYzNTUzMg&#061;&#061;.html','杭州锋味-六月鲜，用心陪你的每一天',''),
	(37,19,'','在首都北京，六月鲜为坚持梦想的励志品牌「趁早」的女性当家人王潇打造了专属她和她的团队的私人家宴，王潇亲手为团队的成员烹饪美味的菜肴，包含着她对于创业伙伴的爱与感恩。时间是看的见，一直是我创业的理念，理想中的目标一定要用时间来兑现。\r\n正如六月鲜，六月不只是时间，更是每一位每一份的用心和坚持。',NULL,'','v.youku.comv_showid_XMTYwNjY1MTgyOA&#061;&#061;.html','北京锋味-六月鲜，时间是看的见得',''),
	(38,19,'','在古都南京，六月鲜为电台主持「阿束」组织了专属他的「恰同学少年」的私人同学宴，大学年代本真的情感是时间记忆中最美好的味道，在读书的年代，同学之间最纯真的友谊，给予过彼此鼓励和支持，都念念不忘。现如今通讯发达了，交通方便了，却少有见面，但是本真的味道，一直藏在我们记忆深处。\r\n正如六月鲜，坚持六个月足期发酵，只为保留自然最本真的味道。',NULL,'','','','news_38.jpg'),
	(39,19,'','在魔都上海，十二道锋味美食齐聚一堂，每一道锋味美食背后，都是一份专属的情感故事。十二道锋味美食，十二个不同的故事。唯有时间和用心，才是自己锋味美食的最好见证。\r\n六月鲜帮助大家寻找锋味美食，只是希望每个人都拥有用时间和用心打造出的专属的锋味美食。',NULL,'','v.youku.comv_showid_XMTYwNjk3Nzc3Ng&#061;&#061;.html','上海锋味-六月鲜，不只是时间',''),
	(40,19,'','六月，不只是时间，更是最好的锋味。',NULL,'','','',''),
	(53,23,'','每一件看起来简单的事情，是因为他太普通了，每天都会一样的出现，所以简单。\r\n正如六月鲜酱油，这个看起来最普通不过的家庭调味品，几乎出现中国千万家庭的厨房。\r\n但是每件简单的事情背后，实则是不简单。\r\n之所以简单，是因为他的背后存在太多不简单，正如六月鲜酱油。',NULL,'','','','news_53.jpg'),
	(54,23,'','我们选择不简单的原料，坚持选用东北非转基因大豆和200天生长期的山东冬小麦，坚持意味着原料产地和品质的受限，意味每一批原料的都需要反复检验。但是，我们知道，要想做一流的好酱油，把好原料，至关重要。',NULL,'','','','news_54.jpg'),
	(55,23,'','我们选择了不简单的时间，坚持六个月的发酵周期，意味着生产成本的提高，需要更多的场地和发酵罐来满足市场的需求。但是，我们知道，只有六个月发酵的酱油，无论是风味还是营养成分，才是最佳的状态。',NULL,'','','','news_55.jpg'),
	(56,23,'','我们选择了不简单的菌种培养方式，发酵是一件神奇的事情，但是神奇的背后却有着不简单秘密，那就是菌种。菌种是有活力的精灵，快乐的菌种，才可以分解出丰富的营养成分和香氛物质。为了拥有快乐的菌种，六月鲜，用爱心呵护每一个小精灵，给他们听音乐，给他们喜欢的温度，给他们恰如其分的氧气，这的确不简单。但是，我们知道，爱心是可以传递了，我们的爱心，可以通过这些精灵，传给每一瓶六月鲜，走进每一个家庭。',NULL,'','','','news_56.jpg'),
	(57,23,'','我们选择了不简单的科技工艺，一瓶酱油，背后却好多项国家专利，简单不是重复去做同样的事情，利用科技的力量，让生活更加美好。为了再降低百分之几的盐分，反复的计算，真空灌装，就为我们既想减盐，但却坚持不添加防腐剂。但是，我们知道，用爱心和科技发酵的六月鲜酱油，一定会成为世界一流的好酱油。',NULL,'','','','news_57.jpg'),
	(58,23,'','我们选择了不简单的检验标准，生产过程中的检测，出厂前的每瓶检验，各种理化指标，乃至颜色都必须要达标。但是，我们知道，只有每一瓶都达标的六月鲜，才有资格成为进入千万家庭，成为一瓶家家户户厨房里简单的酱油。',NULL,'','','','news_58.jpg'),
	(59,23,'','简单的事情，用心做，一点都不简单。\r\n虽然不简单，却很值得，因为我们知道，这每一份的不简单的用心，都会伴随着每一瓶六月鲜，走进千家万户，都会被端上餐桌，都会被吃到身体里。\r\n真因如此，我们知道，我们对你们的用心，一定不能简单，而且要一直不简单下去。\r\n六月鲜，六月不只是时间。',NULL,'','','',''),
	(60,23,'','每一件看起来简单的事情，是因为他太普通了，每天都会一样的出现，所以简单。\r\n正如六月鲜酱油，这个看起来最普通不过的家庭调味品，几乎出现中国千万家庭的厨房。\r\n但是每件简单的事情背后，实则是不简单。\r\n之所以简单，是因为他的背后存在太多不简单，正如六月鲜酱油。',NULL,'','','',''),
	(61,24,'','厨房在家庭的地位不可取代。传统的厨房是女人一个人的战场，充满了油烟、辛劳、和偶尔的小抱怨。但新一代的厨房不应该是这样，有厨房，生活才有滋味。因为没有什么比食物更重要，陪伴我们成长，食物承载着我们和家人们之间不可分割的情感。\r\n你永远难忘，第一次和你最爱的「他」一起下厨烹饪时的甜蜜心情，一边文火慢炖，一边细聊着未来美好的一切。\r\n你永远难忘，有了小天使之后，开始和老公一起学着卷起袖子下厨时的兴奋，一边手忙脚乱，一边幸福无比，新生命的到来，家又有了不一样的方向。你永远难忘，每次回家，吵着要给妈妈打下手，一定要吃那道拿手菜的喜悦，一边被数落还是长不大的孩子，一边撒娇说长不大就永远陪在妈妈的身边。\r\n新年，一起下厨吧。\r\n六月鲜，这个新一代中国酱油年轻品牌，打破传统的思路，提倡「欣厨主义」，用新时代「围裙」——这个传统厨房的象征，去讲述每个家庭的情感在厨房里徐徐升温的故事。',NULL,'','','',''),
	(62,24,'','新年，和「他」一起下厨吧。\r\n各自独立，却两位一体。各有各的方向，心里却都系着同一桩梦想，装着同一所屋堂。 面对面坐下，面前摆着一杯茶，永远看不腻对方。谈情如沏，岁月煎煮，细水流长。所以星星伴着月亮，故事慢慢讲；晚餐共烛光, 滋味细细尝尝。用点点滴滴，串起整个家。',NULL,'','','','news_62.jpg'),
	(63,24,'','新年，和妈妈一起下厨吧。\r\n红烧鱼，油焖虾，波点里那一道道童年心心念念的菜肴，是妈妈让你乖乖听话的绝招。 以前坐等它们上桌，如今自己揣摩，练习出妈妈的温柔。于是这一味便成了一家人的美味频率，如同不变的波形，永恒传承。味道传家，让一大家子，走得再远也放不下。 ',NULL,'','','','news_63.jpg'),
	(64,24,'','新年，带「她」一起下厨吧。\r\n一家即是一山，风景各异，却都稳稳当当。不论峰谷起伏，始终庇护着这方土地的一切生机。叶子簇拥成的心，是一家人和睦团结, 共同灌溉着家园，也让那只寓意童真的兔子, 美丽地成长。用家的温情眼光看向世界,千家万户如同群山连绵，岿然不动。\r\n',NULL,'','','','news_64.jpg'),
	(65,24,'','用真心，守真味。代表着你准备好一种心情，为在乎的人创造难忘的味道。\r\n六月鲜为每一个真心对待家人，认真对待生活的人守护真味。\r\n六月，不只是时间。',NULL,'','http://v.youku.com/v_show/id_XMTYxOTg4NDMwNA==.html','',''),
	(66,25,'','传统的厨房是女人的空间，新时代的厨房，也是男人表达情感的战场。食物是一种情感传递的媒介，厨房一个用食物讲述情感的空间，看不同style男神们如何用他们独特的味道去讲述属于他们的情感料理。',NULL,'','','','news_66.jpg'),
	(67,25,'','“小鲜肉的双鲜美味”\r\n新鲜食材佐以俊俏容颜，这道双鲜合并的美味，定让她大快朵颐。和我在一起的每一天，都给你新鲜。',NULL,'','','','news_67.jpg'),
	(117,47,'','从2013年开始，禾然通过上海纽伦堡国际有机食品展会募集公益基金，发起享心意美食，圆云南哈尼族小朋友艺术梦想的活动！我们汇聚大家的心意，为云南哈尼族的小朋友们添置书桌、板凳、绘本，圆孩子们艺术梦想！',NULL,'','','','news_117.jpg'),
	(118,47,'','2014年我们一起圆了哈尼族小朋友的艺术梦，为他们置办了桌子、板凳和种类丰富的绘本。在整齐干净的桌子上，坐着稳定的板凳，看着美好的绘本，描画着心中的艺术画，你看他们画的多美！',NULL,'','','','news_118.jpg'),
	(119,47,'','2015年禾然有机发起，BIOFACH CHINA提供平台，各大爱心品牌联合赞助心意食诚有机餐厅，我们一起圆了哈尼族小朋友的图书馆梦，与碧溪绘本图书馆联合发起“田间乡里图书馆”系列乡村阅读公益项目，将馆内阅读延伸为户外阅读、乡寨里的阅读乃至田间林下的阅读，让书香溢满乡寨、洒向田间，让读书声回荡在哈尼族小乡！',NULL,'','','','news_119.jpg'),
	(120,47,'','2016年，随着孩子们年龄的增长，已经不止于绘本了，想更多地学习知识，因此，这次我们圆他们的知识梦！',NULL,'','','','news_120.jpg'),
	(124,50,'','这个情人节，我把“我”送你',NULL,'','','','news_124.jpg'),
	(125,50,'','这个引诱我萌照的美味\r\n是我为你的私人订制\r\n',NULL,'','','','news_125.jpg'),
	(126,50,'','独一无二的酱只给独一无二的你\r\n亲爱的，你愿意吃定“我”么？\r\n',NULL,'','','','news_126.jpg'),
	(129,52,'','2月16日早晨，在烟台市政协十二届五次会议正式开幕前，记者采访到了姜军武。 “孩子是未来的希望，他们的食品安全问题不仅关乎到个人健康，也是整个社会未来发展的基础。”姜军武告诉记者，他今年带来了加强学校食堂建设管理问题的提案，学生的一日三餐基本上都在食堂获得，经过几年的调研，他发现学校食堂的建设管理问题确实是一个非常大的问题。\r\n“欣和是一个做食品的企业，经过20多年的发展，在调味品领域也取得了一点点的成绩，所以特别关注食品安全方面的一些课题，我们平时会做一些为贫困学校捐款的公益活动，但更应该从本职的角度出发，如何让孩子们吃的健康，这对我们来说是非常重要的事情。”姜军武表示，现在很多学校食堂食品安全存在较大隐患，食堂相关人员食品安全意识淡薄，大多数食品从业人员缺乏食品安全知识，未按规定配备专职食品安全管理员。另外，为了追求经济利益，食堂的原料采购渠道也存在着很大的隐患。\r\n鉴于上述情况，姜军武认为如何让孩子吃的安心，吃的健康，吃的科学存在着相当大的挑战。随着物质生活水平越来越高，人们可支配的收入也在增加，整个教育系统是非常庞大的平台，要想驱动学校食堂的改变是需要社会各方面共同去努力才能实现的目标。\r\n在姜军武看来，关注孩子的食品安全是全社会下的一盘大棋，并不是仅仅依靠欣和的力量，而是需要社会各方的共同努力。令他感到欣慰的是，目前，他的提案已经得到了市政府以及教育主管部门的积极响应，各方也在非常务实的谈论如何真正的去改善这个问题。\r\n分享：坚持参与食安活动的出发点\r\n“民者，国之根也，诚宜重其食，爱其命。”从古至今，“民以食为天”是我们永恒的话题，食品安全大于天，食品安全重于山。采访中，记者了解到，欣和多年来一直积极参与食品安全的活动，并且在国内食品企业中走在前列。\r\n对此，姜军武表示，中国改革开放的30年来，经济建设飞速发展，老百姓也从“吃不饱”逐渐转变为可以“吃得起”、“吃得好”、“吃得放心”。这就更得让整个食饮行业处于监管中，确保吃上放心食品。\r\n“食品安全事件不仅刺痛着我们脆弱的神经，更拷问着生产企业的道德底线以及监管部门的法治力量。一个优秀的食品企业所追求的终极目标，不应该只是利润，在追求利润的同时，还应该有社会责任感，让大众去信任我们的产品是安心的安全的，这是欣和想成为百年企业的一个基础。”姜军武坦言，实际上食品安全并不是轻易就可以做到的，安全就要有一个全产业链的管理包括对供应商和生产团队的影响。为了实现这个目标，欣和企业构建了专业、科学的食品安全保障体系，不但拥有业内首家通过CNAS认可的实验室，更实现了对“从农场到餐桌”TQM（全面质量管理）的现代食品安全化管理。\r\n据悉，每年的国家食安周活动，欣和是山东省唯一获邀的食品企业，连续三年在山东省食安周活动中，作为标杆企业分享交流经验。在姜军武看来，这不仅是对欣和的一种荣誉和认可，更重要的是一种督促，相信欣和未来在食品安全方面能够给消费者一个很好的产品和承诺。\r\n行动：推动食安中国 欣和在路上\r\n《中华人民共和国食品安全法》已经正式实施，新《食品安全法》明确了监管责任划分并提高了处罚力度，对违法的食品生产者和经营者会通过多渠道的媒体向全社会进行公开的通报，被称为“史上最严”食品安全法。\r\n姜军武说，一些不正规的、违法操作的食品企业将会在新《食品安全法》监管下逐渐倒闭并退出这个行业，但是作为经营正规的、食品质量安全把关严格的食品企业如何能够和消费者一起推动食安向前发展还是一件任重道远的事情。\r\n欣和立志从更广泛的饮食生态入手，改善食物从源头到餐桌过程中的每一个环节，包括食物的来源、生产加工的方式，以及所有与饮食相关的体验。正如姜军武表示，欣和要想成为百姓信赖的品牌，从基础抓起，从一点一滴的做好每件事情，推动食安中国，欣和一直在行动。（来源齐鲁网）\r\n',NULL,'','','','news_129.jpg'),
	(137,56,'','提案：孩子的食品安全问题是重中之重\r\n2月16日早晨，在烟台市政协十二届五次会议正式开幕前，记者采访到了欣和企业副总经理姜军武。 “孩子是未来的希望，他们的食品安全问题不仅关乎到个人健康，也是整个社会未来发展的基础。”姜军武告诉记者，他今年带来了加强学校食堂建设管理问题的提案，学生的一日三餐基本上都在食堂获取，经过几年的调研，他发现学校食堂的建设管理问题确实是一个非常大的问题。\r\n',NULL,'','','','news_137.jpg'),
	(138,56,'','“欣和是一个做食品的企业，经过20多年的发展，在调味品领域也取得了一点点的成绩，所以特别关注食品安全方面的一些课题，我们平时会做一些为贫困学校捐款的公益活动，但更应该从本职的角度出发，如何让孩子们吃的健康，这对我们来说是非常重要的事情。”姜军武表示，现在很多学校食堂食品安全存在较大隐患，食堂相关人员食品安全意识淡薄，大多数食品从业人员缺乏食品安全知识，未按规定配备专职食品安全管理员。另外，为了追求经济利益，食堂的原料采购渠道也存在着很大的隐患。\r\n鉴于上述情况，姜军武认为如何让孩子吃的安心，吃的健康，吃的科学存在着相当大的挑战。随着物质生活水平越来越高，人们可支配的收入也在增加，整个教育系统是非常庞大的平台，要想驱动学校食堂的改变是需要社会各方面共同去努力才能实现的目标。\r\n在姜军武看来，关注孩子的食品安全是全社会下的一盘大棋，并不是仅仅依靠欣和的力量，而是需要社会各方的共同努力。令他感到欣慰的是，目前，他的提案已经得到了市政府以及教育主管部门的积极响应，各方也在非常务实的谈论如何真正的去改善这个问题。\r\n出发点：坚持参与食安活动\r\n“民者，国之根也，诚宜重其食，爱其命。”从古至今，“民以食为天”是我们永恒的话题，食品安全大于天，食品安全重于山。采访中，记者了解到，欣和多年来一直积极参与食品安全的活动，并且在国内食品企业中走在前列。\r\n对此，姜军武表示，中国改革开放的30年来，经济建设飞速发展，老百姓也从“吃不饱”逐渐转变为可以“吃得起”、“吃得好”、“吃得放心”。这就更得让整个食饮行业处于监管中，确保老百姓吃上放心食品。\r\n“食品安全事件不仅刺痛着我们脆弱的神经，更拷问着生产企业的道德底线以及监管部门的法治力量。一个优秀的食品企业所追求的终极目标，不应该只是利润，还应该有社会责任感，让大众去信任我们的产品是安全的，这是欣和想成为百年企业的一个基础。”姜军武坦言，实际上食品安全并不是轻易就可以做到的，安全就要有一个全产业链的管理包括对供应商和生产团队的影响。为了实现这个目标，欣和企业构建了专业、科学的食品安全保障体系，不但拥有业内首家通过CNAS认可的实验室，更实现了对“从农场到餐桌”TQM（全面质量管理）的现代食品安全化管理。\r\n据悉，每年的国家食品安全周活动，欣和是山东省唯一获邀的食品企业，连续三年在山东省食品安全周活动中，作为标杆企业分享交流经验。在姜军武看来，这不仅是对欣和的一种认可，更重要的是一种督促，相信欣和未来在食品安全方面能够给消费者一个更好的产品和承诺。\r\n行动：推动食安中国 欣和在路上\r\n《中华人民共和国食品安全法》已经正式实施，新《食品安全法》明确了监管责任划分并提高了处罚力度，对违法的食品生产者和经营者会通过多渠道的媒体向全社会进行公开的通报，被称为“史上最严”食品安全法。\r\n姜军武说，一些不正规的、违法操作的食品企业将会在新《食品安全法》监管下逐渐倒闭并退出这个行业，但是作为经营正规的、食品质量安全把关严格的食品企业如何能够和消费者一起推动食安向前发展还是一件任重道远的事情。\r\n欣和立志从更广泛的饮食生态入手，改善食物从源头到餐桌过程中的每一个环节，包括食物的来源、生产加工的方式，以及所有与饮食相关的体验。正如姜军武表示，欣和要想成为百姓信赖的品牌，从基础抓起，一点一滴的做好每件事，推动食安中国，欣和一直在行动。（来源齐鲁网）\r\n',NULL,'','','','news_138.jpg'),
	(139,56,'','',NULL,'','','','news_139.jpg'),
	(140,57,'','',NULL,'','','','news_140.jpg'),
	(141,57,'','“欣和是一个做食品的企业，经过20多年的发展，在调味品领域也取得了一点点的成绩，所以特别关注食品安全方面的一些课题，我们平时会做一些为贫困学校捐款的公益活动，但更应该从本职的角度出发，如何让孩子们吃的健康，这对我们来说是非常重要的事情。”姜军武表示，现在很多学校食堂食品安全存在较大隐患，食堂相关人员食品安全意识淡薄，大多数食品从业人员缺乏食品安全知识，未按规定配备专职食品安全管理员。另外，为了追求经济利益，食堂的原料采购渠道也存在着很大的隐患。\r\n鉴于上述情况，姜军武认为如何让孩子吃的安心，吃的健康，吃的科学存在着相当大的挑战。随着物质生活水平越来越高，人们可支配的收入也在增加，整个教育系统是非常庞大的平台，要想驱动学校食堂的改变是需要社会各方面共同去努力才能实现的目标。\r\n在姜军武看来，关注孩子的食品安全是全社会下的一盘大棋，并不是仅仅依靠欣和的力量，而是需要社会各方的共同努力。令他感到欣慰的是，目前，他的提案已经得到了市政府以及教育主管部门的积极响应，各方也在非常务实的谈论如何真正的去改善这个问题。\r\n出发点：坚持参与食安活动\r\n“民者，国之根也，诚宜重其食，爱其命。”从古至今，“民以食为天”是我们永恒的话题，食品安全大于天，食品安全重于山。采访中，记者了解到，欣和多年来一直积极参与食品安全的活动，并且在国内食品企业中走在前列。\r\n对此，姜军武表示，中国改革开放的30年来，经济建设飞速发展，老百姓也从“吃不饱”逐渐转变为可以“吃得起”、“吃得好”、“吃得放心”。这就更得让整个食饮行业处于监管中，确保老百姓吃上放心食品。\r\n“食品安全事件不仅刺痛着我们脆弱的神经，更拷问着生产企业的道德底线以及监管部门的法治力量。一个优秀的食品企业所追求的终极目标，不应该只是利润，还应该有社会责任感，让大众去信任我们的产品是安全的，这是欣和想成为百年企业的一个基础。”姜军武坦言，实际上食品安全并不是轻易就可以做到的，安全就要有一个全产业链的管理包括对供应商和生产团队的影响。为了实现这个目标，欣和企业构建了专业、科学的食品安全保障体系，不但拥有业内首家通过CNAS认可的实验室，更实现了对“从农场到餐桌”TQM（全面质量管理）的现代食品安全化管理。\r\n据悉，每年的国家食品安全周活动，欣和是山东省唯一获邀的食品企业，连续三年在山东省食品安全周活动中，作为标杆企业分享交流经验。在姜军武看来，这不仅是对欣和的一种认可，更重要的是一种督促，相信欣和未来在食品安全方面能够给消费者一个更好的产品和承诺。\r\n行动：推动食安中国 欣和在路上\r\n《中华人民共和国食品安全法》已经正式实施，新《食品安全法》明确了监管责任划分并提高了处罚力度，对违法的食品生产者和经营者会通过多渠道的媒体向全社会进行公开的通报，被称为“史上最严”食品安全法。\r\n姜军武说，一些不正规的、违法操作的食品企业将会在新《食品安全法》监管下逐渐倒闭并退出这个行业，但是作为经营正规的、食品质量安全把关严格的食品企业如何能够和消费者一起推动食安向前发展还是一件任重道远的事情。\r\n欣和立志从更广泛的饮食生态入手，改善食物从源头到餐桌过程中的每一个环节，包括食物的来源、生产加工的方式，以及所有与饮食相关的体验。正如姜军武表示，欣和要想成为百姓信赖的品牌，从基础抓起，一点一滴的做好每件事，推动食安中国，欣和一直在行动。（来源齐鲁网）\r\n',NULL,'','','','news_141.jpg'),
	(142,58,'','2 月 16 日早晨，在烟台市政协十二届五次会议正式开幕前，记者采访到了欣和企业副总经理姜军武。 「孩子是未来的希望，他们的食品安全问题不仅关乎到个人健康，也是整个社会未来发展的基础。」姜军武告诉记者，他今年带来了加强学校食堂建设管理问题的提案，学生的一日三餐基本上都在食堂获取，经过几年的调研，他发现学校食堂的建设管理问题确实是一个非常大的问题。',NULL,'','','','news_142.jpg'),
	(143,58,'','「欣和是一个做食品的企业，经过20多年的发展，在调味品领域也取得了一点点的成绩，所以特别关注食品安全方面的一些课题，我们平时会做一些为贫困学校捐款的公益活动，但更应该从本职的角度出发，如何让孩子们吃的健康，这对我们来说是非常重要的事情。」姜军武表示，现在很多学校食堂食品安全存在较大隐患，食堂相关人员食品安全意识淡薄，大多数食品从业人员缺乏食品安全知识，未按规定配备专职食品安全管理员。另外，为了追求经济利益，食堂的原料采购渠道也存在着很大的隐患。\r\n鉴于上述情况，姜军武认为如何让孩子吃的安心，吃的健康，吃的科学存在着相当大的挑战。随着物质生活水平越来越高，人们可支配的收入也在增加，整个教育系统是非常庞大的平台，要想驱动学校食堂的改变是需要社会各方面共同去努力才能实现的目标。\r\n在姜军武看来，关注孩子的食品安全是全社会下的一盘大棋，并不是仅仅依靠欣和的力量，而是需要社会各方的共同努力。令他感到欣慰的是，目前，他的提案已经得到了市政府以及教育主管部门的积极响应，各方也在非常务实的谈论如何真正的去改善这个问题。\r\n出发点：坚持参与食安活动——\n「民者，国之根也，诚宜重其食，爱其命。」从古至今，「民以食为天」是我们永恒的话题，食品安全大于天，食品安全重于山。采访中，记者了解到，欣和多年来一直积极参与食品安全的活动，并且在国内食品企业中走在前列。\r\n对此，姜军武表示，中国改革开放的 30 年来，经济建设飞速发展，老百姓也从「吃不饱」逐渐转变为可以「吃得起」、「吃得好」、「吃得放心」。这就更得让整个食饮行业处于监管中，确保老百姓吃上放心食品。\r\n「食品安全事件不仅刺痛着我们脆弱的神经，更拷问着生产企业的道德底线以及监管部门的法治力量。一个优秀的食品企业所追求的终极目标，不应该只是利润，还应该有社会责任感，让大众去信任我们的产品是安全的，这是欣和想成为百年企业的一个基础。」姜军武坦言，实际上食品安全并不是轻易就可以做到的，安全就要有一个全产业链的管理包括对供应商和生产团队的影响。为了实现这个目标，欣和企业构建了专业、科学的食品安全保障体系，不但拥有业内首家通过 CNAS 认可的实验室，更实现了对「从农场到餐桌」TQM（全面质量管理）的现代食品安全化管理。\r\n据悉，每年的国家食品安全周活动，欣和是山东省唯一获邀的食品企业，连续三年在山东省食品安全周活动中，作为标杆企业分享交流经验。在姜军武看来，这不仅是对欣和的一种认可，更重要的是一种督促，相信欣和未来在食品安全方面能够给消费者一个更好的产品和承诺。\r\n行动：推动食安中国 欣和在路上——\r\n《中华人民共和国食品安全法》已经正式实施，新《食品安全法》明确了监管责任划分并提高了处罚力度，对违法的食品生产者和经营者会通过多渠道的媒体向全社会进行公开的通报，被称为「史上最严」食品安全法。\r\n姜军武说，一些不正规的、违法操作的食品企业将会在新《食品安全法》监管下逐渐倒闭并退出这个行业，但是作为经营正规的、食品质量安全把关严格的食品企业如何能够和消费者一起推动食安向前发展还是一件任重道远的事情。\r\n欣和立志从更广泛的饮食生态入手，改善食物从源头到餐桌过程中的每一个环节，包括食物的来源、生产加工的方式，以及所有与饮食相关的体验。正如姜军武表示，欣和要想成为百姓信赖的品牌，从基础抓起，一点一滴的做好每件事，推动食安中国，欣和一直在行动。（来源齐鲁网）\r\n',NULL,'','','',''),
	(153,62,'','2016 年 1 月，欣和企业公布了最新 Logo 及品牌标识系统。初看Logo，在温暖、具有活力的橙色调基础上，采用不同的渐变色 ，传递着喜庆基调的同时，更透着满满的现代感，给人耳目一新的感受，同时这也代表着欣和正迈入一个新的纪元。',NULL,'','','','news_153.jpg'),
	(154,62,'','欣和品牌标识的图标传达的是待世界如家人的理念。而初见新 Logo 的您，不知是否能准确看出其中的内涵？Logo 中的圆圈代表的是全世界，配合内部的交织曲线，共同勾勒出一家人自豪地携手并肩、站成一排的形象。同时，这个图标设计还很贴近植物花苞的形状，体现着植物自然新生的活力，传达出优质食材是任何一个强大、健康家庭的根本，对于致力于通过食物改善家人生活的欣和企业，这个标识真的是再贴切不过了。\r\n\r\n新的出发：待世界如家人。\r\n\r\n欣和新标识下的主题语与标识形成了强烈而清晰的呼应，展现的是欣和的不同员工以同一种诚恳、乐观的姿态，看待心目中的「大家庭」。这个概念所要传递的是欣和已经做好面向世界 、迈向世界的准备。欣和用过去 20 年，每个家庭餐桌上的调味品证明了自己的坚持，不仅在改变行业，更是引领着饮食健康的发展，成为调味品行业中人人尊重的企业。\r\n从开始，欣和就一直在思考如何能够帮助每个家庭吃得健康，让世界相信中国制造。面对当下复杂的食品安全变化环境，欣和则选择了以更广泛的视觉重新考量食物以及与食物息息相关的每一个环节，凝聚更多的力量去推动中国饮食生态的改变，只为让每个家庭吃得健康、健康地吃。\r\n\r\n通过食物建立一种新的生活态度和方式。\r\n\r\n欣和成立的初衷是让所有家庭吃得放心。欣和的负责人表示“欣和始终坚信食物对于家庭和生活，不仅仅是物质的基础，更是维系情感、提升生活品质的根本。”因此欣和着手于改善食物从源头到餐桌过程中的每一个环节，包括食物的来源、生产加工的方式，以及所有与饮食相关的体验。并以此为欣和事业所触及的人、环境和其他所有食物都带来正面影响，让家人和子孙后代能够安心享用美食，乐活人生。\r\n一直以来，欣和希望可以成为一家对员工、对社区、对合作伙伴有益的企业。不仅要打造值得信赖的饮食体验，从农场到餐桌，致力传递食物以外的知识，重塑人与食物的关系。给地球多一份责任，给未来留下蓝天和净土，与志同道合的伙伴一起推动可持续的饮食新生态。\r\n\r\n 推动健康生活新浪潮、树立行业新标杆。\r\n\r\n谈到对未来的期许，欣和希望通过改善饮食生态，推动健康生活新浪潮。通过让消费者掌握更多关于健康生活的知识，改变他们的行为和生活方式，帮助他们吃得更好,更好地吃。而这种美好的期望需要志同道合者加入，凭借共同的力量携手打造健康生活，为整个中国食品行业建立新的标准，并将可信赖的中国美食带给全世界。\r\n在食品的不断创新中，欣和是较真的。它秉承着「自己不吃就不要卖给消费者」。为了让企业走得更远，欣和企业派最专业的团队远赴日本，学习领先的酱油酿造技术，打破了酱油领域内日本品牌独树一帜的局面。一系列的努力为欣和赢得了诸多美誉。在全国食品安全周上，欣和荣获首批食品科普教育基地称号的殊荣，为食安山东做出了自己的贡献。公司产品代表中国调味品业捧得「全球食品工业奖」、中国食品科学技术学会产品创新奖一等奖，企业获得第十七届世界食品科技大会「主席特别奖」等荣誉。（来源：大众网）\r\n',NULL,'','','',''),
	(162,65,'','2014 年 8 月 28 日，欣和企业基于在食品领域的专业优势和丰富的学生创新竞赛经验，举办了第一届「欣和杯」大学生创新性研究竞赛，30 多名来自上海各个高校的师生，相聚于此，共同探讨未来食品业的发展。',NULL,'','','','news_162.jpg'),
	(163,65,'','早在今年 4 月初，欣和企业与华东理工大学、上海食品学会就举办了第一届「欣和杯」上海大学生创新性研究竞赛，大赛将持续 6 个月，除华东理工大学，还邀请上海大学、上海海洋大学、上海应用技术学院、上海理工大学、上海师范大学等 6 所上海地区食品专业强势高校同台竞技。欣和企业副总经理姜军武先生对欣和企业及「欣和杯」创新性研究竞赛进行了介绍，意通过这种创新赛为食品行业引入更多创新思维。\r\n本次竞赛，共有 3 个学生团队获得三等奖，2 个学生团队获得二等奖，上海海洋大学获得最佳组织奖。来自华东理工大学的学生游佳琪和黎穗子团队的参赛作品「地木耳风味酱」一举拿下冠军。在分享此次参赛的感想时，黎穗子说，「之所以有『地木耳风味酱』这个创意，是因为平时人们食用的大多是重辣、重油的牛肉酱或者鸡肉酱等拌饭酱，而现在更应该倡导一个『健康、绿色、环保』的营养搭配，所以此款拌饭酱便加入了藻类和裙带等富含营养元素的搭配。」\r\n',NULL,'','','','news_163.jpg'),
	(164,65,'','颁奖典礼上，欣和企业副总经理姜军武介绍，「早在3年前，欣和就开始有大学生创新性研究竞赛的想法，通过与上海各个学校的老师学生座谈交流，渐渐地这个活动便成形了。」目前，企业遇到最大的问题便是创新，如何打破常规，让传统食品焕发活力，便想到了借助高校师生的力量，将新生代的创新思维引入产品创新之中。\r\n「未来，创新型人才最重要。颁奖典礼结束之后，我们将与各创意小组成员进行进一步了解沟通，选拔有识之士，为后续的研发技术人员增加新生力量，并同小组成员和组委会进行探讨，将部分创意作品进行合作开发以及创意利用。」姜军武说。\r\n颁奖典礼结束后，华东理工大学赵黎明老师表示，本次活动，欣和企业为上海各大高校师生提供了一个专业的实践与创新平台，让学生们有机会在实践中，与自己所学的理论知识和相关专业结合起来，学以致用，并在实践过程中，将面临到的问题融会贯通，加入创新思维，夯实了学生们的所学知识，也给学生们未来就业提供了一个很好的锻炼机会。\r\n为了让消费者吃上好的酱油、酱等中华经典调味品，欣和构建了专业、科学的食品安全保障体系，不但拥有业内首家通过 CNAS 认可的实验室，更实现了对「从农场到餐桌」TQM（全面质量管理）的现代食品安全化管理。从原料的采购和储存、中间生产、产品储存及运输、销售终端直到消费者的厨房整个食品链中，建立了以风险评估、风险管理、风险交流为核心的食品安全风险分析体系，全方位确保产品的安全和质量控制，保障消费者加入到菜肴中的每一滴产品都具有统一、高标准的质量保障。\r\n20 多年来，欣和人人都恪守着一句简单而深刻的食品安全理念——「自己不吃的东西，就不要卖给消费者，要用良心做产品！」姜军武表示，欣和将以此次活动为契机，为中国传统食品引入新的创新思维。（来源：大众网）\r\n',NULL,'','','',''),
	(165,66,'','从2012年感恩节起，欣和携手各位厨界泰斗及其弟子、亲朋在全国开展感恩节活动，不断履行品牌“尊重 关爱 感恩厨师”的承诺，并帮助提升厨师职业的社会价值。时值2015年11月26日，欣和味达美再次携手各地大师及其弟子亲朋参与感恩行动，从沈阳、北京到郑州、上海、成都，感恩的脚步踏过千山万水，美学的传递到达大江南北，不曾停歇。中国新闻网、新浪新闻均对欣和感恩节活动进行了报道。\r\n我们始终坚信，感恩存在于生活中的每个细节，我们身体力行地帮助需要帮助的人，以此完整的演绎着中国味道本有的灵魂与内涵，并努力推动中餐中国梦向前一步！\r\n在北京，欣和企业餐饮服务品牌经理张勇先生与亚洲大厨屈浩大师、玉林烤鸭店总经理霍成先生及玉林烤鸭店多位大师，带着满满的爱意如约抵达蒲公英中学。蒲公英中学是北京市第一所专门为农民工子女创办的中学，是目前唯一一所非营利性的民办公益中学，所有学生均为家境贫寒的农民工子女。欣和在了解到校方的需求后，除捐赠一年使用量的调味品外，还为孩子们制作爱心午餐。屈浩大师则从食材搭配、口味调和、制作技法等角度为校厨提供膳食改善建议，帮助学校食堂用最普通的食材也能做出健康美味的菜肴。',NULL,'','','','news_165.jpg'),
	(166,66,'','在这天，欣和携手有爱的人们，共同把更多爱给社会，传递爱，待世界如家人。（来源：中国新闻网、新浪网）',NULL,'','','','news_166.jpg'),
	(167,66,'','',NULL,'','','','news_167.jpg'),
	(168,66,'','',NULL,'','','','news_168.jpg'),
	(172,68,'','2014 年 8 月 17-21 日，在定期两年一次的世界食品科技大会上，烟台欣和企业凭借卓越的酿造工艺和优越的产品品质荣获「主席特别奖」。据悉，第十七届世界食品科技大会在加拿大蒙特利尔举办，本次会议主题为「共享科研成果，创新创造价值」，意在强调科技创新中科研成果商业化成功动作的重要性，会上对在食品领域中做出杰出贡献的全球企业和代表颁发了奖项。中华财经网、中国新闻网、青年时报、新闻晨报均对欣和本次获的奖项进行报道。\n\r\n开辟行业新高度——\r\n在这样一个世界顶尖食品科技大会上传来了中国代表团的「好声音」——烟台欣和企业单独荣获中国首个含金量仅次于「IUFoST终身成就奖」的「主席特别奖」，以此来表彰欣和在安全和健康食品领域中所做出的创新成就。这不仅彰显了欣和在产品创新及健康性上的综合实力，也为中国的食品企业在世界的舞台上树立了新风。其实，欣和并不是第一次站在这么高的领奖台上，早在 2012 年第十六届世界食品科技大会上欣和六月香原酿酱就取得了「IUFoST食品工业大奖」的殊荣，摘得行业内的首金。成就并非一夜之间就能取得的，20 多年的时间里一直坚持用心酿健康生活的理念，用心为消费者提供健康美味，靠着这样坚定的信念，欣和始终鞭策自己，不断创新，为消费者提供更健康美味的产品。\r\n创造行业新品质——\r\n「这样的工艺、这样的产品，欧洲准备用五年的时间去研究，许多科研机构和企业用大量的资金去研究，而欣和却没有向国家要一分钱就默默做到了！」中国食品科技学会孟素荷理事长在遵循自然原酿酱油品鉴会上，感慨地表达了对遵循自然原酿酱油的钟爱之情。据悉以「纯自然发酵，每 100mL 富含 12.5g 植物蛋白」为特点的遵循自然原酿酱油一经上市就成为海内外调味品市场关注的焦点，并且在2012 年的产品鉴定会上更是得到来自世界各国顶尖学术专家的认可。今年遵循自然也作为酱油的最高品质代表申报了中国食品科技协会科技创新奖，并获得了科技创新奖一等奖的殊荣，在创新道路上开启行业的先锋，成为高端酱油产品营养新标准。而陆续上市的醯官醋和减盐酱油，也为消费者带来更多的高品质产品体验。据悉，国内首款以大米和水纯粮酿造的原浆米醋，不仅可以直接蘸食拌菜，还可以根据自己的喜好搭配水果 DIY 果醋，健康又好喝。',NULL,'','','','news_172.jpg'),
	(173,68,'','扬起民族新希望——\r\n针对此次获奖，欣和负责人表示：「对于国际友人来说，欣和的产品有着浓烈的中国特色，是真正原汁原味的中国味道，但欣和味道绝不止于简单的传统味道，为了让消费者吃上世界最好的酱油、酱等中华经典调味品，欣和始终致力于产品、技术创新，希望能用品质赢得世界的尊重，让更多的人品尝到科技护航的中国味道。」记者了解到，为了保障产品品质，欣和不但在行业内率先通过了 CNAS 国家检测实验室认可，更是建立了「从农场到餐桌」TQM 的现代食品安全管理，全方位确保产品的安全和质量控制，保障消费者加入到菜肴中的每一滴产品都具有统一、高标准的安全、质量保障。从建立之初，欣和就一直坚持原酿理念，将传统酿造工艺与现代科技完美结合，采用世界领先的高盐稀态酿造工艺，用心酿造健康产品。在颁奖词中，国际食品科技联盟（IUFoST）主席饶平凡主席这样说到：「为了表彰欣和在科技研发和食品安全领域中所做出卓越的创新成就，特将『主席特别奖』颁给欣和，欣和获得这个奖是实至名归。」\r\n荣誉的获得，是对欣和的一种认可，也是对中国的一种认可。但是欣和的脚步不会只停留至此，欣和将会继续以荣誉作为激励、以信赖作为动力，不断前行，让世界看到中国的好产品，吃到中国高品质的产品。(来源：中国新闻网)\r\n',NULL,'','','',''),
	(175,69,'','味达美品牌自诞生之日起，就与厨师这个行业紧紧的关联在一起。厨师是一个非常重要的社会角色。对于现代都市人来说，1/3 的外食时间，决定他们吃的好不好、健康不健康最关键的人就是厨师。一位好厨师的标准是什么？他不仅要有烹饪技巧，还要有对于食材、辅料品质的坚持，好的食材决定食客的健康，这是厨师的职业操守，另外对于美的呈现也不能低估，让食客吃到身心愉悦的确是一门功夫。',NULL,'','','','news_175.jpg'),
	(176,69,'','厨师手艺我们称为厨艺，过去我们很少能见到厨师，就更不了解他们的厨艺，现在厨师是时候走到台前，去展示他的厨艺。味达美使能厨师的第一步，就是给厨师提供更多的舞台，让他们走向台前，让更多的食客理解厨师，理解是认可和信任的第一步。\r\n2016 年，欣和携手厨师界专业媒体《名厨》，共同发掘寻找有信念的厨师，为他们提供舞台，助力他们成为受人尊敬的星厨。欣和味达美知味之旅第一站选在了历史悠久的安阳。百年传承的安阳，有着独特的味道，从皮渣到粉浆饭，从安阳炒鸡到黄河鲤鱼，安阳，不仅物产丰富，安阳人更是吃的行家。',NULL,'','','','news_176.jpg'),
	(177,69,'','走出后厨的第一个舞台，选择在安阳当地的连锁超市。安阳永辉超市、丹尼斯文峰店及丹尼斯中华店同时拉开帷幕，厨师们专业的技巧，吸引现场的消费者驻足观看，尽管厨师略显紧张，但是很快就已经可以顺畅的消费者进行沟通和交流。主厨们还有了自己的粉丝群。',NULL,'','','','news_177.jpg'),
	(178,69,'','和欣和味达美一起走进社区，组织社区的居民进行厨艺大比拼，在互动中，主厨们用专业的知识告诉大家如何挑选健康食材、如何吃得健康。',NULL,'','','','news_178.jpg'),
	(179,69,'','不仅要看，而且还要实操演练，练就一身好厨艺，真不是一朝一夕的功夫，邀请食客走进餐厅，参加名厨面对面的指导和培训，终于了解，原来平时吃到的美味，是有如此多的讲究。',NULL,'','','','news_179.jpg'),
	(180,69,'','除了和食客进行零距离的沟通，业内的厨师沟通，也是本次活动中的一个亮点，打破之前封闭保守的中餐传统，以开放创新的心态相互交流和沟通，帮助彼此的成长，也是一个行业发展的前提。',NULL,'','','','news_180.jpg'),
	(181,69,'','知味之旅，旨在为有意念的厨师提供更多的舞台，让厨师，这个社会非常重要的角色，可以从幕后走向前台，被越来越多的人所了解，也用他们的理念去影响越来越多的人。只有这样，才会有越来越多的人吃的健康、健康地吃，欣和，才能和有意念的厨师一起，推动健康生活新浪潮，树立行业新标杆，赢得全球家庭的信赖。',NULL,'','','',''),
	(182,70,'','5 月 30 日-6 月1 日，在和煦的海风中，中国餐饮业最具影响力的盛会——第 24 届中国厨师节在烟台顺利举行。24 年轮回，重回诞生地并由中国烹饪协会和烟台市人民政府联合打造的本届厨师节，不仅汇聚全国烹饪大师，也吸引了餐饮业精英悉数到场，更以别样的精彩开启了中国餐饮行业的新篇章。其中，作为本届厨师节协办单位的欣和企业，参与了最大规模卷饼吉尼斯世界纪录挑战，在传承中国酱文化的同时，又将这一简单又营养美味的民族饮食推向世界。早在多日前，中国新闻网、中国会展门户等多家媒体对本次盛会进行了报道。',NULL,'','','','news_182.jpg'),
	(183,70,'','本届中国厨师节集国际展览、比赛交流、行业会议、美食嘉年华于一身，是餐饮业一年一度最为重要的交流、研讨、美食、竞赛、采购盛会。业界领先的欣和企业作为东道主，以二十年健康调味品的生产理念，怀揣致力中国餐饮业中国梦的美好愿景，与厨师一起打造味道美学。与会者不仅参与「赏之旅」特展博览会品味健康中国菜的精髓，也通过走进实酿体验区、「美味溯源」等活动让厨师和消费者从每一个细节直击健康与美味的完美融合。',NULL,'','','','news_183.jpg'),
	(184,70,'','同时，欣和携手组委会力邀诸多国内顶级大师，为广大中青年厨师提供与大师面对面交流的机会。观摩学习的同时，一起探讨如何让中国菜、中国餐饮店、中国餐饮从业者能够走向全球，让中华 5000 年饮食文化及传承在世界上得以弘扬、发扬光大，实现中国餐饮全球形象的华丽转身。',NULL,'','','','news_184.jpg'),
	(185,70,'','欣和携手传统美食冲刺吉尼斯世界纪录\r\n本届厨师节欣和将携手传统美食春饼再次冲刺新的吉尼斯世界纪录——花样最多春饼吉尼斯纪录。此次的春饼申吉选用了葱伴侣六月香原酿酱为核心调料，为 500 种春饼包裹的美味带去舌尖上的美妙体验。',NULL,'','','','news_185.jpg'),
	(186,70,'','「只有味蕾的传承才是食物最本质的味道」，这是一部火遍全中国的饮食节目所给我们的启示，《舌尖上的中国》总导演陈晓卿曾《舌尖2》开播前这样谈论美食的标准：健康、真实、日常、解馋。这八个字也正是欣和多年来专注于中国饮食和调味品所想传达的美食之道，食物只有经由人手的用心制作烹饪，经由时间的发酵，味蕾的不断感受，才能将饮食文化不断的传承，这是任何文字和图片都无法替代的美食的真谛。\r\n「调味品之所以能引领食物到达更加美味的境界，关键在于凝聚时间精华的『酿』，酿造出美味，酝酿出生活，酝酿传承者中国千年饮食文化的精髓。」欣和企业负责人在提到酿造过程时颇有感慨，「这是一个节奏太快得社会，但是我希望每一位厨师都能在参观工厂的过程中，体味到时间对于食物的意义，感悟中国传统美食『酿』的精髓。在对于烹饪的理解上，不仅是停留在食物表面的味道，更需要对职业的热爱和尊重，技艺之外的健康食材和调味料良心甄选和使用才能长远的益于行业的发展。」',NULL,'','','','news_186.jpg'),
	(187,70,'','第 24 届中国厨师节由中国烹饪协会和烟台市人民政府联合主办，届时还将举办鲁菜传承展示活动和烟台特色餐饮展，活动期间将形成食物、调味品、半成品、素食、水产品等上百种品类的展示，将会有全国各省市的名厨参与，一场舌尖上的「味•达美」即将开幕。（来源：中国新闻网）',NULL,'','','',''),
	(191,72,'','2016 年3 月12 日，第38个植树节。烟台大众网发起全民植树公益活动，欣和企业积极参与，在植树节当天，前往牟平龙泉共植绿色生态屏障。早在2015年的植树节，欣和企业食品有限公司就有35名志愿者积极参与到“践行蓝天责任 共建绿色烟台”植树活动中，用实际行动践行绿色公益。 ',NULL,'','','','news_191.jpg'),
	(192,72,'','从2012年至今，烟台大众网携手中国农业银行烟台分行连续5年开展公益植树活动，活动先后在鲁东大学、牟平区高岭镇、高陵水库、牟平区龙泉镇等地展开。据不完全统计，过去4年期间，活动累计植树3万多棵。\r\n烟台欣和企业食品有限公司志愿者告诉记者，烟台欣和企业致力于人们生活品质的改善，在提供优质的产品和服务，丰富人们健康快乐的饮食文化生活的同时，公司还积极参与植树造林，用更好的生活环境提升人们生活品质。',NULL,'','','','news_192.jpg'),
	(196,74,'','毕节，地处贵州高原屋脊，由于贵州山区经济发展受限，毕节很多孩子的父母都选择外出打工谋生，也就造就了这里有很多的留守儿童。9 月 5 日，带着公益红包筹集的物资，欣和志愿者们颠簸了 3 个半小时，终于抵达毕节七星关的生机中学。',NULL,'','','','news_196.jpg'),
	(197,74,'','在毕节教育局老师、生机中学校长的陪同下，6 位志愿者参观了生机中学，举行了简单的挂牌仪式，生机中学校长、教育局代表以及志愿者代表分别发表演讲，校方特地给欣和颁发奖状，感谢企业对于社会责任的担当。走进生机中学的教室，这里看起来条件还不错，和一般小学没有什么差别，但是当我们的志愿者问到说，同学们，大家好，请父母在外面务工不在身边的同学举一下手，当齐双双的小手高高举起的时候，在这样年纪的孩子里，才是真正不一样的地方。',NULL,'','','','news_197.jpg'),
	(198,74,'','早在出发之前，欣和志愿者就规划了一个小小的互动环节，特地带了两台拍立得相机到毕节，希望可以给孩子们留下属于他们的童年时光，并且一起做一个值得纪念的照片墙。拍照期间，孩子们渐渐和我们的志愿者熟络起来，童真让他们很容易敞开心扉，愿意和大家交流。因为父母长期在外务工，感情上缺乏依靠，内心世界封闭，这些几乎在每个孩子身上都能看得见。因为本次捐赠的物资中有电脑，所以「让我们用最便捷的方式，给爸爸妈妈写封信吧！」志愿者提议。打开电脑才发现，这个已经成为现代都市生活必不可少的元素的电脑，在这里，大多数孩子都还不会用，在志愿者的帮助下，小女孩在屏幕上敲下了「爸爸妈妈，你们辛苦了，我想你们了。」简单的几个字，是接下来长久的沉默，让我们看到了孩子内心深处的柔弱和无助。真心希望这些设施，真的能够帮助他们找到那个外面的世界，帮助他们可以和爸爸妈妈常常联系。',NULL,'','','','news_198.jpg'),
	(199,74,'','阳光之家的是一个针对留守儿童的公益项目，是依据留守儿童聚集地所在学校建立的活动室，由社会爱心人士所捐赠，阳关之家配备基础的通讯设备及书籍娱乐设施，旨在帮助这些孩子放学之后，可以有一个娱乐互动的场所，可以有机会和远在外地的父母沟通。这次亲访，志愿者们发现，除了阳光之家以外，孩子们还有很多地方需要大家的帮助，譬如那个他们乐在其中的，用砖头垒起来的乒乓球台。',NULL,'','','','news_199.jpg'),
	(200,74,'','「这样的孩子到底住在什么样子的家庭里？」带着这样的疑问，志愿者跟着一个充满阳光快乐的小男生徒步走了 1 个半小时，走进了孩子的家。已经对毕节有些认识的我们还是被眼前的场景震惊了，人畜共处一室，油纸糊的窗户，没有台灯要借助自然光才能完成作业，一家六口挤在木板搭起来的房子里。爸爸早年的意外去世，妈妈的改嫁，年迈的奶奶，这些是很多毕节儿童的生活缩影。志愿者凑了 1000 元的现金，留给了这个叫建华的男孩。因为给我们震惊的不仅是这让人难以想象的贫困，还有这个孩子脸上乐观坚强的微笑。保持联系，是我们希望给他的承诺。',NULL,'','http://v.youku.com/v_show/id_XMTcyOTEzOTIzMg==.html?spm=0.0.his-content.5!2~1~3~A.iLt4Td','',''),
	(201,75,'','从 2015 年开始，六月鲜品牌联手欧阳应霁、文昊天和唐彦三位艺术家，共同打造了三款围裙及酱油瓶身围裙。通过一系列动作，六月鲜悄然在社会化媒体中刷出了存在感。\r\n初识：「别怕厨房”一语道破，打醒传统下厨观。\r\n当新京报连版刊登这样的大字问句“女人三十一枝花，天天下厨全白瞎？」「婚后做饭少不了，少女一夜变大嫂？」「厨房里面有老虎，女神累成垃圾股？」恐怕有不少年轻人已经举起了双手准备鼓掌：这不就是我们的心声？ \r\n媒体的意义早已不再局限于传统的展示功能，从传统媒体收获的新媒体讨论量，比任何营销账号的效果要大得多。六月鲜利用新京报发布的「别怕厨房」打响「抽脸」第一枪，直戳受众心中的恐惧和厨房在人们心中的刻板印象，夸张喜剧的病毒化海报在被分享到社会化媒体后，迅速引发网友的关注及热议，特别是在年轻群体中。随后“、「别怕别怕体」从单打独斗发展成了一场品牌大联欢。打油诗式的幽默文案配上经典打脸画面，从相亲到春运，从《武媚娘传奇》到「国民老公」，时下热门话题被调侃个遍，毫不客气地在微博和微信朋友圈中流传开来。',NULL,'','','','news_201.jpg'),
	(202,75,'','「抽脸」海报占领观众眼球，颠覆受众传统印象中的厨房旧观念，但六月鲜的野心不止于此。紧接着，继续围绕六月鲜品牌的欣厨主义下厨观——「下厨也可以美美的」，一场场运用情感营销的“厨房战役”开始赢取更多年轻受众的青睐，倡导革新厨房品质生活的新观念也在不断深入人心。\r\n趁热：H5 小游戏为品牌注活力，做真正有产出的互动营销。\r\n去年起，各种 H5 互动页借由微信平台崭露头角，走进更多人的视野。六月鲜在打破厨房旧观念之后马上通过「为厨房正名」的互动页面向网友传达欣厨主义理念。',NULL,'','','','news_202.jpg'),
	(203,75,'','这种方式吸引了许多人的注意，虽然是简单的海报生成，但网友脑洞大开，电影版、明星版、职业版、作家版等千奇百怪的海报层出不穷，大量的 UGC 内容在网络中传播。品牌不再自说自话，由单向的社会化广告发布，升格为主角大众参与的互动，六月鲜的品牌理念也渐入人心。（来源：搜狐网）',NULL,'','','','news_203.jpg'),
	(204,66,'','在沈阳，欣和携手刘敬贤，北京屈浩，郑州吕长海、禹建海、陈进长，上海顾明钟、胡丽妹、姜介福，成都王开发、缪青元等三十多位全国厨界大师及其弟子们，前往当地儿童福利院和敬老院，为特殊儿童和老人捐赠酱油和保暖物资。',NULL,'','','','news_204.jpg'),
	(205,66,'','在郑州，欣和走进了社会福利院。带着保暖衣、围巾、棉马甲、欣和调味料、裕丰源滋补烩面，给孩子和老人送去了温暖和爱心。',NULL,'','','','news_205.jpg'),
	(206,66,'','在上海，我们带着充满爱心的欣和健康调味品、可口美味的饺子，走进了上海长宁区华阳街道敬老院。大厨们和爷爷奶奶现场包饺子互动，更是让活动现场气氛热烈……欣和会持续把关爱社会、继承敬老美德传承下去！',NULL,'','','','news_206.jpg'),
	(215,79,'','2016 年 7 月 21 日上午，「欣和爱生活食育体验馆」社会大课堂启动仪式如期举行。「欣和爱生活食育体验馆」是教育局「社会大课堂」项目的重要实践基地，作为 77 个开放场馆之一，面向全市中小学生免费开放。\r\n从今年 6 月起，烟台中小学生「社会大课堂」活动进入全年常态化运行的阶段，「社会大课堂」指定场馆的活动参与周期为一年，时间将不再局限于寒、暑假期间，在场馆运营时，自愿参加活动的中小学生可持学生证、校牌或有效的学校证明，到各场馆免费进行参观体验、研究学习等各种实践活动。\r\n在爱生活食育体验馆「社会大课堂」的启动仪式上，烟台职业学院的大学生们倾情助力，为现场师生带来了《燃烧吧，蔬菜》、《贝尔加湖畔》等精彩表演，青春洋溢的舞姿给仪式带来了无尽活力。',NULL,'','','','news_215.jpg'),
	(216,79,'','在仪式中，最给力的要算欣和超炫酷的「移动食育课堂」了。当它开到同学们身边时，现场一阵欢呼，炫酷的外形让同学们好奇「大家伙」将为他们带来怎样的体验。在车门开启后，一个迷你冰激凌加工厂映入眼帘。在炎热的天气，清爽解暑的冰激凌正合孩子们的心意，更何况，这还是世界上独一无二的酱油冰激凌，只有在欣和才能品尝到哦！进入生产车间，探索酱油是如何炼成的。随后，大家在解说员的带领下，来到了酱油的生产车间。平时总听闻「打酱油」，却还不知道酱油是怎么回事的孩子们，在这里大开眼界。同学们被眼前满满一墙的荣誉证书所震撼：「怪不得，妈妈总是买欣和的调味品，原来如此啊！」，「是啊，欣和还拿过世界金奖，真是了不起！」……',NULL,'','','','news_216.jpg'),
	(217,79,'','在生产车间的观摩走廊上，同学们好奇地发问：「为什么这里都没多少人工作，难道他们都休息了吗？」、「流水线上的叔叔阿姨们正在正常工作呢。因为现在都是机械化生产，强调食品安全，所以我们尽量避免人工直接接触生产过程。」解说员解释道，在从原料的采购和储存，到生产、产品储存及运输，然后到达销售终端，最终呈现在消费者厨房的整个食品链中，所有的生产环节都是被严格进行机械化操作的，这样就避免了人的直接接触，生产出来的产品才更安全。\r\n一上午的时间，很快就在参观、体验、品尝的过程中就过去了。孩子们增长了见识，学习到了食物认知、烹饪食物的相关知识，这所「社会大课堂」所讲述的内容，是他们在学校课堂上永远体会不到的。',NULL,'','','','news_217.jpg'),
	(218,79,'','我们「待世界如家人」，以坦诚的态度、透明化的生产标准和无条件支持「家人」、奉献「家人」的情怀，去努力实现让社会饮食环境更健康、更和谐的理念，使人与人之间的关系变得更融洽。最终，改善食物从「源头到餐桌」的完整、健康的饮食生态系统。\r\n这个饮食生态系统，能够让我们获得对环境友好的农业产品，在正规渠道购买到质量有保障的商品。能够推动企业以高标准和新科技生产更健康的食品，且让这些食品变得随时随地触手可及。同时，使供应商能够在原产地提供当季健康的食物，继而打造好的饮食服务和健康的餐饮环境。最后，对下一代进行全方位的饮食教育，让孩子们能健康快乐的成长，习得健康的饮食观，并将之传承下去。\r\n如今「社会大课堂」启动仪式的举行，标志着「欣和爱生活食育体验馆」以对待家人的心态，正式在暑期面向中小学生免费开放。（来源：烟台晚报）',NULL,'','','',''),
	(225,82,'','江南大学是国内食品院系重点院校，拥有国家级的重点实验室，多年来，为中国的食品行业输送大量的食品人才，是名副其实的食品届黄埔军校。欣和，作为以赢得信赖为终极目标的食品企业，致力于引领饮食生态的改善，让家人安心享用每一餐，乐活健康每一天。历年来与江南大学的深度合作，旨在与未来的食品人共勉做食品人应该秉承的信念，共同激荡用创意让食品更加美好，共同来推动中国饮食生态的改善。\r\n2016 年 5 月，欣和企业再次携手江南大学食品学院调味品俱乐部，举办了软罐头美食创意比赛，几路不同的选手，经过精心的准备，严格的筛选，在 9 月 25 号晚上登上了决赛的舞台。',NULL,'','','','news_225.jpg'),
	(226,82,'','本次决赛的评委由行业协会代表，企业方代表，江南大学的专业指导老师共同组成。决赛开始前，先由欣和企业董涵中经理率先分享欣和做食品的理念，「『我们自己不吃的东西，就不会卖给消费者，更不会生产。』不论我们今天做怎样的创新，都不要忘了我们一个食品人最基本的职业道德，我们做的东西，是要被千千万万家庭吃进身体里面的，食品人的责任大于天。」基于多年的从业经验，她还跟大家分享如何思考创新，「创新不是奇思妙想，天马星空，食物的创新，是需要我们用很锐利的眼睛去洞察我们消费者的需求，他们有什么痛点、痒点，又有什么兴奋点，这是我们去创意一款产品思路的来源。好的想法，一定要具备可行性，有没有技术可以支撑，条件是不是允许，有没有安全隐患，这就是产品创新要思考的技术，技术决定哪些想做的事情，是可以做的。另外，产品的创新，通常还要考虑商业的因素，因为好的产品一定要具备可以盈利的能力，只有盈利的好产品，才可以持续不断的发展，不断的完善，这就是商业。一个创新的想法想要落地实现，一定要从人文、技术、商业三个维度去思考，才是完整的。」',NULL,'','','','news_226.jpg'),
	(227,82,'','决赛开始，参赛选手带着他们的参赛作品，依次上台展示，并且通过图文并茂的形式，讲解他们的创意来源，制作的过程，营养价值，产品定价，虽然很多的地方还不是很成熟，但是有趣的想法，创意的呈现，甚至花心思的包装设计，都让人眼前一亮。最终「玫瑰小丸」凭借其独特的创意、令人回味的味觉体验和精美包装造型从众多参赛作品中脱颖而出，摘得一等奖桂冠。',NULL,'','','','news_227.jpg'),
	(228,82,'','从 2014 年的「美味面酱 DIY 创新大赛」，到 2015 年的「『拌壁酱山』拌饭酱 DIY 大赛」，到今年的「软罐头创意大赛」，欣和为未来的食品人提供了无限创意发挥的舞台，同时也希望用欣和做食品的理念，影响更多的食品人，用创意的火花点燃更多的食品人，可以与欣和一起推动饮食生态的改善，为建立可值得信赖的中国食品品牌而一起努力。',NULL,'','','',''),
	(229,83,'','2015 年 4 月 3 日，第十九届亚洲食品添加剂和配料展览会在上海国家会展中心成功开幕，作为在食品添加剂和配料领域内公认的规模最大、国际化程度最高、信息量最大的展会，本届展会共吸引了包括国际顶尖食品企业在内的 1400 余家企业参会，现场氛围异常热烈。多次代表中国食品工业站在国际舞台上的欣和企业作为中国代表，也受邀参展，现场展出了旗下多款明星产品，吸引世界各地经销商前来洽谈。\r\n\r\n金牌品质，成就「特别」欣和。\r\n\r\n据悉，去年在有食品界奥斯卡之称的世界食品科技大会上，欣和企业是继 2012 年荣获「全球食品工业奖」之后，以其近年来对于全球食品行业健康发展的突出贡献，赢得了「主席特别奖」，成为首个连续两次登上国际舞台的调味品企业，为传播中国食品工业正能量贡献了自己的一份力量。而欣和为什么能赢得国际专业领域的如此青睐？据欣和相关负责人介绍： 「欣和一直以来都恪守严把质量关的原则，对每一滴产品做到精益求精，可能正是这种用心劲儿，才能酿造出赢得世界尊重的高品质产品。」而欣和旗下的「遵循自然」系列高端产品以其「0 添加、纯自然发酵、每百毫升酱油中富含 12.5 克优质蛋白」等几大项核心优势，更是在去年中国食品科技大会上一举夺得「产品创新一等奖」的荣誉。一位资深业内观察人士表示，「欣和近几年来的创新能力在业内是有目共睹的，不断创新的品牌基因，是促使欣和成为最具活力和发展空间品牌的核心驱动力」。',NULL,'','','','news_229.jpg'),
	(230,83,'','专业服务，用心品味优质的味道。\r\n\r\n试吃台作为各企业在本次活动展示的窗口，无疑是最受欢迎的地点。往来客商不仅能了解产品的使用方法，对滋味的好坏更有直接的体验。欣和试吃台前人群络绎不绝，黄金炸猪排配上味达美上海辣酱油，焦香的鸡翅配上六月鲜特级酱油，获得大家的一致好评。而在现场，记者也看到欣和的专业顾问正在认真回答来自世界各地经销商的问题。据悉，在不断追求卓越品质的道路上，欣和已经建立了一支专业化产品服务团队。旗下拥有精通各地饮食文化的厨务顾问团、产品研发及应用工程师团队，以客户需求为中心，整合内外资源，为客户提供精专、用心的服务，视客户为伙伴，与客户共同成长、共同发展。',NULL,'','','','news_230.jpg'),
	(231,83,'','',NULL,'','','',''),
	(232,83,'','健康饮食，开创品质生活新时代。\r\n\r\n繁忙的工作，快速的生活节凑，使现代人的生活倍感压力。而随着健康问题的加剧，人们也意识到品质生活的重要性。分析人士指出，随着消费者对自然、健康调味品的强烈需求，而以健康理念为主打的高端酱油产品市场的发展潜力是巨大的。欣和六月鲜淡盐酱油、禾然有机酱油、遵循自然原酿酱油的相继推出，正是填补了市场的需求，引领了酱油行业的新风向，提出全民品质生活新时代理念。资深专业人士指出「作为开启中国『新酱油时代』的行业领先者，欣和的成功在于其不但准确敏锐地捕捉到了消费者需求的变化，更能够抢得市场先机。」（来源：中新网生活频道）\r\n',NULL,'','','',''),
	(233,84,'','继烟台、洛阳、郑州、天津、大连几大城市后，欣和名厨菜品交流会于 2016 年 8 月 3 日在泉城济南的索菲特银座大酒店隆重拉开帷幕！\r\n此次交流活动，除邀请到行业内德高望重的鲁菜大师王兴兰大师、李培雨大师、崔伯成大师，中国鲁菜文化博物馆馆长赵建民教授、山东社会科学院历史所研究员王赛时教授、齐鲁晚报新闻中心副主编原慧谦女士等多位嘉宾，山东新东方烹饪学校的老师和优秀学生代表、美食达人也应邀前来。\r\n泉城夏日的高温酷暑，抵挡不住厨师朋友的学习热情，共有超过 600 位餐饮业从业人士到场，济南众多中高档餐饮酒店的老板、行政总厨携各档口厨师参与，还有几十位来自周边城市甚至外省市的厨师也闻讯而来。',NULL,'','','','news_233.jpg'),
	(234,84,'','经过前期对厨师需求菜品和食材的充分调研，本次活动精选了外地烹饪大师和本地餐饮旺店提供的 60 道菜品进行展示，菜品选材广泛，食材搭配丰富，烹饪技法创新，适合当地推广。一进入会场，菜品展示区和试吃区就吸引了众多厨师的目光，大家纷纷上前拍照学习，品鉴试吃菜品，并与制作厨师沟通菜品创新做法、食材选取与搭配、菜品营养价值等。而另一边的禾然有机醋饮和黄飞红休闲零食的品鉴区，也吸引了到场的消费者、美食达人品尝，感受欣和让家人「健康的吃，吃的健康」的质朴信念。',NULL,'','','','news_234.jpg'),
	(235,84,'','活动开始后，欣和餐饮品牌经理张勇跟大家分享了欣和从一袋酱开始、用心做产品的故事。秉持着「待世界如家人」的理念，欣和一直坚持「自己不吃的东西就不要卖给消费者」，致力于引领饮食生态系统的改善，推动健康生活新浪潮，树立行业新标杆，赢得全球家庭信赖。\r\n到场的厨师、消费者也纷纷发表了感想，现场厨师在交流时讲到，「用普通的食材也能做出高档的菜肴来，而且用料更健康，今天确实受益匪浅，希望以后能有更多这样的机会跟大师面对面交流，学习新菜。」、「第一次参加这样的活动，学习到了很多烹饪方面的知识，尤其是了解到欣和『自己不吃的东西就不要卖给消费者』的理念，觉得很感动。对于调味品的健康安全多了一份放心，以后我也要尝试在家用欣和的调料给家人做出更多美食。」现场消费者积极反馈。\r\n欣和一直在践行「待世界如家人」的企业信念，并且从更宽广的视角出发，关注食物，以及与食物息息相关的每一个环节，让更多家庭吃到健康的调味品，宣导健康的饮食理念，让家人安心享用每一餐，乐活健康每一天！',NULL,'','','',''),
	(248,89,'','2016 年 11 月 30 日－12 月 2 日，由中国调味品协会主办的「第十二届中国（国际）调味品及食品配料博览会」将如期在上海世博展览馆（上海市国展路 1088 号）隆重召开。作为调味品行业领导企业的欣和集团曾多次参加此类展会，此次将再次亮相中国（国际）调味品展，本次欣和集团展位将出现在 a268 号区域，欢迎志同道合的朋友前来参观、洽谈。\r\n中国（国际）调味品展会及食品配料博览会作为国家商务部批准的调味品行业专业展会，始办于 2005 年，经过 10 年的磨砺和发展，在北京、上海、广州三大城市分别举办多次，展会规模逐渐扩大。本次展会本着「促进产业资源整合，提升企业品牌形象」的办展宗旨，针对国内调味品展会市场的现状，倾力为企业提供一个宣传品牌、展示新品、投资洽谈、相互交流的平台，本次展会将为调味品生产企业与批发商、零售商建立联系和进行贸易洽谈提供机会。',NULL,'','','','news_248.jpg'),
	(249,89,'','本次调味品展会，欣和将携旗下 7 个品牌出现在展会现场。在行业内，欣和素以「创新」闻名。不管是在产品设计方面，还是消费者互动，欣和团队在本次展场的设计上，也别有巧思。此次整个展区设计成房子形状，以欣和 LOGO 色为主色调，配以欣和饮食生态主题插画和生产原料装饰，整体呈现简约、精致、温馨的基调，与欣和集团待世界如家人的企业信念相呼应，也体现欣和从更广泛的饮食生态入手，改善食物从源头到餐桌的每一个环节，这是本次展会欣和集团用心之一。另外在展区欣和为观展者现场泡制酸甜可口的健康醋饮，在您参展的同时，可以品尝不一样的健康美味，这也是欣和的用心之处。',NULL,'','','','news_249.jpg'),
	(250,89,'','欣和作为中国食品行业的先锋，立志成为能代表中国的领先食品企业，希望通过饮食生态系统的改善，推动健康生活新浪潮，树立行业新标杆。从创业之初，欣和集团鼓励可持续的农业种植，打造可靠的饮食供应链，保持创新的产品研发理念，坚持高标准的生产制造，打造更广的覆盖面，从数字平台到实体销售，从大城市到农村，从中国到国外，希望每一个家庭都能接触到欣和的产品，告诉更多的人如何去吃，如何吃得健康。在这里，欣和集团以诚信和责任去结识更多志同道合的食品行业朋友，共同引领饮食生态系统的改善，让家人安心享用每一餐，乐活健康每一天。',NULL,'','','',''),
	(259,92,'','2015 年 4 月 3 日，欣和企业酿味馆，烟台开发区教育局领导为欣和送来了捐资助学的感谢锦旗。这也是欣和多年来默默地对教育事业所做贡献获得的又一份荣誉。\r\n\r\n「作为一家仍在成长中的企业，不仅坚持捐助贫困学生，更是长期支持教育事业，这种精神值得钦佩，这也是一家有社会责任的企业应有的表现。」现场参加活动的相关领导感慨道。据悉，为了表彰欣和为教育事业所做的贡献，烟台开发区政府在 2014 年特将「捐资助学先进单位」的称号颁发给了欣和。',NULL,'','','','news_259.jpg'),
	(260,92,'','「如果没有欣和的帮助和关爱，我想现在我还在外面打工，过着毫无目标、毫无梦想的生活。我真的很感谢欣和给了我上学和追求梦想的机会，也让我懂得关心帮助他人。」一位受到欣和资助的女生激动地说。从成立之初，欣和就一直在默默资助这些淳朴的孩子们，帮助他们完成梦想，实现人生的价值。\r\n\r\n记者了解到，一直以来，欣和以致力于人类生活品质的改善为使命，始终将消费者放在首位，任何的发展、任何的前进，都是为了消费者健康快乐地生活。为此，欣和设立了最严格的食品安全执行目标，确保消费者能够吃到最健康、最安全的爱心产品。在获得消费者认可的同时，也不忘反哺社会，承担社会责任。欣和人相信，得益于社会，奉献于社会，才有助于事业长足发展。\r\n\r\n欣和企业负责人表示：「我们一直以来都非常注重人才的培养，也会经常组织内部员工进行培训，帮助他们实现自我价值的提升。我们相信只有惜才、爱才、重才，才能拴心留人、不断发展，所以欣和一直投身于教育事业，希望帮助培养更多的人才满足社会的发展。」\r\n\r\n据悉，捐资助学只是欣和投身公益事业的一部分，长期以来，欣和从注重环保、关爱弱势群体等各个层面承担起企业社会责任，为社会和谐发展贡献自己的力量。今后欣和仍会以各种方式继续关爱社会，回馈社会。（来源：大众数字报）',NULL,'','','',''),
	(261,92,'','2015 年 4 月 3 日，欣和企业酿味馆，烟台开发区教育局领导为欣和送来了捐资助学的感谢锦旗。这也是欣和多年来默默地对教育事业所做贡献获得的又一份荣誉。\r\n\r\n「作为一家仍在成长中的企业，不仅坚持捐助贫困学生，更是长期支持教育事业，这种精神值得钦佩，这也是一家有社会责任的企业应有的表现。」现场参加活动的相关领导感慨道。据悉，为了表彰欣和为教育事业所做的贡献，烟台开发区政府在 2014 年特将「捐资助学先进单位」的称号颁发给了欣和。',NULL,'','','',''),
	(266,94,'','2016 年 1 月 15 日，欣和济南营业所公益分队从济南出发，从早晨到中午，近 3 小时的跋涉旅程中，汽车穿梭在村落与乡路之间，到达了我们的目的地－章丘市官庄镇匣子村。此次活动我们邀请了济南橙果少儿艺术学校与章丘红黄蓝幼儿园的师生们家长们一同前往，为当地孤寡老人送去爱心。欣和从创建之初，就与「家」这个主题紧密相连，我们用对待家人的爱，生产每一款爱心产品，为千千万万个家庭提供健康产品的同时，希望为社会这个大家庭贡献自己的一份力量。',NULL,'','','','news_266.jpg'),
	(267,94,'','之所以知道官庄镇匣子村，是因为一位电视台的朋友提到这个贫困山村，他讲到这个村除了山还是山，几乎没有什么路能走车，交通十分不便，也没有什么年轻人在这里生活，剩下的只有那些无依无靠的老者，这样的老人共有 20 余户，对于这个小小的村庄而言，这不是一个小数字，新年来临之际，欣和济南营业所的公益团队联合爱心人士一同前往匣子村，希望将社会的温暖传递到这个村庄。\r\n15 日清晨，我们的员工带着事先准备好爱心的产品、春联还有浆糊，与艺术学校的老师开始商量上山线路，大家决定一起上山，由支书领我们到这 20 户老人家中，一一为其送上产品，并协作为他们贴上我们准备的新春对联、福字，考虑到老人们的身体，我们的志愿者们又把院子打扫干净。对联和福字挨家挨户的贴上，那是这座老村庄里最崭新的面容。「待世界如家人」这醒目的话是我们的信念，也希望更多的人去理解和传播。',NULL,'','','','news_267.jpg'),
	(268,94,'','在这里我们也看到了欣和的成长以及家人们对欣和的认可。在进村的途中，身边不时有艺术学校的老师学生和家长经过，看到我们手上提着的味达美酱油便主动问我们：「我家里也用这款酱油，味道很好，你们是味达美厂家的吗？」、「我们是欣和的！欣和不光有味达美这一个牌子还有很多牌子呢，比如葱伴侣、六月鲜等。」听到自己的产品走进了普通老百姓家中，得到了消费者的认可，我们内心是踏实的，欣和成立之初就提出要让家人吃的放心，二十年来，我们不忘初衷，走进更多家庭。',NULL,'','','','news_268.jpg'),
	(269,94,'','一直以来，欣和以致力于人类生活品质的改善为使命，始终将消费者放在首位，任何的发展、任何的前进，都是为了消费者健康快乐地生活。产品质量在获得消费者认可的同时，也不忘反哺社会，承担社会责任。欣和人相信，得益于社会，奉献于社会，才有助于事业长足发展。\r\n欣和爱心传递，我们在行动！',NULL,'','','',''),
	(270,95,'','有机是信念的坚持，食物是分享的爱。禾然有机 15 岁之际，在德国纽伦堡国际有机食品展向世界分享中国有机精神。欣和待世界如家人，有机追求人与自然的和谐。禾然有机带着这样的信念，让国外友人感受中国调味品品牌的有机力量。\r\nBIOFACH 2017 全球规模最大有机博览会。\r\n2017 年 2 月 15 日－ 18 日全球规模最大的 BIOFACH 国际有机食品展会在德国纽伦堡举行，该展会汇聚了来自 130 多个国家、2600 多家有机企业、近 5 万名的专注有机的观众参展，带来了全球有机食品、化妆品、纺织品等多领域的新产品、新技术、流行趋势和创意。',NULL,'','','','news_270.jpg'),
	(271,95,'','禾然有机精彩分享，让国际友人了解中国有机。\r\n禾然有机品牌经理康艳丽代表中国有机品牌在 BIOFACH「中国日」分享中国有机精神，让外国有机友人通过禾然有机在中国 15 年坚持践行有机理念，推广有机生活方式了解中国有机发展状况。China Day_organic3.0 in China论坛由中国农业部中绿华夏和 BIOFACH CHINA 举办的，现场中国绿色食品发展中心副主任刘平先生代表致辞，TIPI 国际主席 Urs Niggli 教授分享中国有机技术的改革。「中国日」让国外友人更加了解中国有机进入 3.0 时代的行业状况。',NULL,'','','','news_271.jpg'),
	(272,95,'','有机有心意 15 年，禾然有机值得信赖。\r\n禾然有机（HONA Organic）是欣和旗下专注有机厨房调味品的品牌，已经有 15 年的时间，是国内第一个有机调味品品牌，也是国内有机调味品第一品牌。有机酱油经过中国、美国、欧盟、日本有机认证，英文释义是 House Of Nature Art，LOGO 的颜色代表春夏秋冬，中间的圆圈是中国古代天的意思，释义为遵循自然的规律，有机有心意 15 年的坚持，禾然有机产品覆盖中国大部分高端卖场和有机店，非常方便购买。从源头到餐桌改善食物，因为食物建立信任、感恩和希望，以及所有与饮食相关的体验。十几年来的坚持，我们不仅仅用心做好产品，还坚持着推广有机健康的生活方式，始终关爱环境善待他人。',NULL,'','','','news_272.jpg'),
	(273,95,'','2017 年 5 月 25 日－27 日 BIOFACH CHINA 禾然有机食养艺术坊等您到来。\r\n有机是对环境和他人更友好的方式，让地球和家人更健康，2017 年 5 月 25 日－27 日 BIOFACH CHINA 中国国际有机食品博览会（上海世博展览馆），禾然有机食养艺术坊等您来，让我们共同引领饮食生态系统的改善，让越来越多的人实践可持续的健康生活方式，支持友善环境、减少食物浪费，世界将会变得更加美好。\r\n',NULL,'','','',''),
	(286,2,'','2003 年，六月鲜品牌诞生，六月鲜命名源于酱油发酵的周期，6 个月。从味达美味极鲜酱油到欣和味极鲜，欣和立足于鲜味酱油领域，一直在不断进步。03 年基于对市场进行整体规划，将鲜味酱油品牌进行升级，将高品质鲜味酱油市场起点定于上海市场，从此开启六月鲜酱油上海市场的征程。\n',NULL,'','','','news_1.jpg'),
	(287,2,'','作为市场上第一家运用自动化生产设备生产的酱油酿造企业，欣和率先引进世界上先进的高盐稀态酿造工艺，更好的保留原材料的营养成分的同时，做到了更安全健康的生产工艺。欣和也率先运用了生产工艺透明化的理念，邀请消费者来参观我们的生产产线。优质的酿造原料，透明的酿造工艺。让消费者更加了解酱油从哪里来，因为了解，也更加信赖欣和。欣和像孕育生命般酿造每一瓶酱油，为消费者提供健康安全的专业酱油。',NULL,'','','','news_2.jpg'),
	(290,3,'','健康私房菜，是欣和六月鲜不同于其他品牌的消费者沟通方式，六月鲜不仅只是一款酱油，更是一种生活方式的代表。六月鲜将健康、快乐、便利的饮食文化理念，带给每一位上海消费者。走进家庭，一起分享健康的饮食，是六月鲜健康私房菜创办的初衷。\n',NULL,'','','','news_3.jpg'),
	(291,3,'','从 2005 年到 2010 年，6 届健康私房菜大赛一路走来，六月鲜品牌不仅将健康的生活方式带给上海的消费者，赢得上海消费者的信任，更把“六月鲜”- 鲜酱油，这款来自山东烟台的酱油品牌深深种入上海消费者心里。“六月xi，蛮灵哦”。一时间，六月鲜成为上海鲜味酱油的第一品牌。',NULL,'','','',''),
	(292,4,'','在品尝过人生五味之后，你还期待什么味道？作为高端酱油的领导品牌，六月鲜不仅在品质上追求卓越，同样也引领着时尚健康的新生活状态，倡导着一种生活哲学。基于对于生活品质的领悟与倡导，六月鲜提出五味之上的概念。\n「在品尝过人生五味之后，你还期待什么味道？六月鲜，每一滴都经历了六个月足期酿造，是值得期待的五味之上」。这种健康乐活积极的生活态度，也正是五味之上的六月鲜所倡导的品牌态度。\n',NULL,'','','','news_5.jpg'),
	(293,4,'','五味之上的理念提出伊始，借助广大的媒体推动，与消费者形成了非常高的互动以及反响。作为民生的调味品品牌，六月鲜已逐步表现出不同于传统企业的时尚、创新的独特个性，五味之上开启了六月鲜时尚创新的品牌传播之路。\n',NULL,'','','',''),
	(299,5,'','自六月鲜产品上市以来，六月鲜优美的瓶体曲线，成为六月鲜标志的形象代表。六月鲜的瓶体设计，不仅从人体力学的角度，更适合烹饪的家庭主妇握拿产品，更代表了女性优美腰身曲线。精致生活，是她们所追求的生活方式。内心的坚韧，用心的孕育，赢得成功的同时，又收获了满满的幸福。经历了五味之上的生活阅历，更能品得淡然而来的幸福。幸福就是，一把青菜，几下料理，换来一份鲜美。',NULL,'','','','news_7.jpg'),
	(300,5,'','幸福就是，用一道红烧肉，轻易俘获所有人的筷子。',NULL,'','','','news_8.jpg'),
	(301,5,'','幸福就是，吃面条的时候，发出的哧溜哧溜的声音。',NULL,'','','','news_9.jpg'),
	(302,5,'','每一个都市人，追求幸福，渴望成功。成功需要步步积累，幸福却是只要用心生活，即刻发生，瞬间拥有。六月鲜，坚持 6 个月足期恒温酿造，像孕育生命一样酿造每一瓶酱油；富含多种氨基酸，酯香丰沛，萃炼食材的本味；让每一口入嘴的食物不仅美味，更能将点滴的用心融入滋味；让味蕾，品尝到幸福。',NULL,'','','',''),
	(304,10,'','2012 年中秋节，六月鲜，继续延续精致生活的态度主张，让幸福变简单。中秋是家人团圆的日子，中秋是阖家赏月的日子。中秋，家人团聚在一起，享受相聚的时光。\n六月鲜，精选优质的原料，坚持六个月足期发酵，不添加防腐剂，在这阖家团圆的日子里，为每个家庭送上幸福的味道。\n六月鲜，让幸福变简单。幸福就是，这个中秋有两个月亮，一个是月圆，一个是团圆。月圆，看着，圆满；团圆，吃着，美满。',NULL,'','','',''),
	(305,12,'','每年的农历八月十五，对于全球华人来说，不仅仅是一个时间的概念，更是对于阖家团圆的一贯向往和期盼。13 年的中秋之夜，欣和六月鲜，号召大家#一起酱油吧#，将大家对于中秋祝福的力量汇聚，一起点亮上海外滩的震旦大厦和花旗银行大厦。2013 年的中秋之夜，上海滩这两栋标志性的建筑物瞬间变身巨型的“六月鲜”酱油瓶。',NULL,'','','',''),
	(306,12,'','',NULL,'2013年的中秋之夜，上海外滩的震旦大厦和花旗银行大厦','','','news_16.jpg'),
	(307,12,'','六月鲜每一滴酱油都是经过六个月的孕育而成，就像藏在我们心中的心意与情感，一点一滴积累成爱。六月鲜相信用心用情的酿造，就是让生活更有美味的秘诀。凡是用心付出，持之以恒，一定会让每个人充满正能量，创造更美好的生活。六月，不只是时间，更是用心凝聚的团圆和欢庆。',NULL,'','v.youku.comv_showid_XMTU5OTc3MjIwNA==.html','',''),
	(313,14,'','2013 年度春节，欣和以其独特的创新能力以及对中国传统节日理解力，开创了别具声色的新春篇章，装满幸福“欣”年味。欣，是迎春的喜悦，是美好的祝福。欣，是繁荣，是团圆。欣，是欣和带来的满满的幸福味。',NULL,'','','','news_18.jpg'),
	(314,14,'','欣年味，是一种幸福的味道。欣和将传统的原酿工艺和现代科技相结合，让每个家庭在大年团聚之夜，可以享用高品质的调味品带来的幸福年味。',NULL,'','','','news_19.jpg'),
	(315,14,'','欣年味，是一种特殊的容器。它包裹着浓浓的幸福，洋溢在每个日子里。欣和，在这个春节，每个春节包装瓶里面，装满的不只是调味品，更是每家每户浓浓的幸福新年味。',NULL,'','','','news_20.jpg'),
	(316,14,'','欣年味，是一种祝福，是欣和旗下的每款产品给每个家庭带来的欣欣向荣，家和万事兴的新年祝福。',NULL,'','','','news_21.jpg'),
	(317,14,'','欣年味，更是欣和 20 年的坚持的精神，不断钻研美味的境界，酿造让家人感动的味道。同年，欣和也推出了新春贺岁装产品-蛇年装六月鲜，预祝大家新春愉快。',NULL,'2013 春节纪念装六月鲜-蛇年装','','','news_22.jpg'),
	(320,15,'','六月的儿童节，是孩子们欢乐的等待；六月的端午节，是一家人共聚一堂的期待；六月的父亲节，是儿女们对父母感恩的翘首以待；六月的六月鲜，坚持六个月足期发酵，六个月的静待，不只是时间，更是每一份的用心和坚持。六月鲜香，亲情季，不论多忙，在这个充满亲情的季节里，记得回家和家人一起吃饭。',NULL,'','','','news_23.jpg'),
	(321,15,'','「你还记得最幸福的事情是什么么？」\n「最幸福的事情就是一家人一起吃饭。」\n「你还记得最好吃的菜是什么么？」\n「妈妈做的每一道菜都好吃。」\n六月，记得回家和家人一起吃饭',NULL,'','v.youku.comv_showid_XMTYwNTIxNzI0OA==.html','欣和六月鲜，幸福每一天',''),
	(322,16,'','六月鲜是国内第一个坚持六个月发酵的酱油品牌，六月鲜也是唯一专注于酱油品类的酱油品牌，六月鲜是旗下所有产品均不添加防腐剂的酱油品牌，六月鲜历经 20 个六个月，只为一瓶好酱油。六月鲜，以六个月的轮回孕育每一瓶酱油，在接下来的每一个六个月里。',NULL,'','','','news_25.jpg'),
	(323,16,'','精选优质的东北非转基因大豆，200 天以上成长期的山东冬小麦，历经 20 年用爱心呵护成长起来的菌种，只为酿造出滴滴特级的品质酱油；六个月，不仅仅是对消费者的时间承诺，更是六月鲜对酿造过程的用心坚持。',NULL,'','','','news_26.jpg'),
	(324,16,'','六月鲜细心呵护每一个家庭的母亲，用心孕育健康安全的产品。发酵的过程，如同孕育的过程，期间充满了希望和美好，同样也会有担心和焦虑，我们像孕育生命一样酿造每一瓶酱油，用心去呵护每一个细节，只为一瓶好酱油。\n六月鲜的瓶身，如同女性优美的曲线，六月鲜的标签如同女性身前的围裙，通过围裙，我们能看到她们对于生活点滴用心的孕育。',NULL,'','','','news_27.jpg'),
	(325,16,'','六月不只是时间，更是用心孕育的过程。',NULL,'','v.youku.comv_showid_XMTYwNDE2MTA5Ng==.html','六月鲜四季篇',''),
	(328,17,'','每年的六月，是六月鲜的品牌月。六月鲜是国内第一款完全不添加防腐剂的自然发酵酱油，从产品生产之日起，原料就严选东北非转基因大豆，200 天生长期的山东冬小麦，坚持六个月的足期发酵，像孕育生命一样酿造每一瓶酱油。\n酱油是属于天然发酵的产物，对于发酵的产物来说，发酵菌是尤为重要，快乐的发酵菌，活力更足，可以将原料分解出更多的风味产物，口味更加鲜美。因此，保持菌种的快乐，也是六月鲜的六个月里要认真做的一件事情。\n六月鲜的菌种是国内第一家听上音乐的菌种，欢快的音乐让菌种更加的快乐，会让六月鲜更加的自然鲜美。',NULL,'','','','news_29.jpg'),
	(329,17,'','2014 年度六月，六月鲜与北京民谣乐队「小娟与山谷里的居民」合作，打造了一首专属于六月鲜的音乐——《六月》。\n「整个音乐中，我们以六拍为节奏反复，把自然大调揉进了明亮的色彩，加入吉他、钢琴、鼓、口琴、长笛、打击乐和人声，利用不同的声音层次来丰富音调，将大豆和冬小麦生长以及酱油酿造的声音点缀其中，用交错起伏的音调表达酱油在时间齿轮中酝酿的画面，从中还加入了水、以及风吹麦浪的声音，让听者可以从音乐中感受自然之美。」\n六月，不只是时间，更是用心孕育的自然鲜美之声。\n让我们一起聆听六月的声音。',NULL,'','v.youku.comv_showid_XMTYwNjQwNTUyMA==.html','为六月鲜菌种打造的专属音乐，听音乐的菌种是快乐的菌种。',''),
	(330,18,'','2014 年春节主题，欣和六月鲜，延续了去年的年画风格，和六月鲜标志性的窗口形状，从窗口望过去，妈妈手中的菜肴散发出来的香气，和春节氛围的场景融合在一起，烘托出了浓浓的新年的气氛，每次热闹的大年三十，都是妈妈用心盛满的幸福欣年味。',NULL,'','','','news_31.jpg'),
	(331,18,'','我们知道，幸福满满，不只是年夜饭的美味，更是您在厨房里，为家里每个人用心盛满的欣年味，我们用心酿造每一瓶酱油，为每个用心关爱家人的您。',NULL,'','','',''),
	(332,18,'','2014 年春节，也是中国农历的传统马年，带着对千家万户的祝福，欣和六月鲜也推出了新年纪念装－马年装六月鲜，奔腾的骏马，带着新春的祝福，奔向千家万户。',NULL,'','','','news_33.jpg'),
	(333,18,'','六月，不只是时间，更是用心盛满的幸福欣年味。',NULL,'','v.youku.comv_showid_XMTYwNDA4MjAyMA==.html','2014 年春节六月鲜广告片',''),
	(352,20,'','六月鲜代表着用心孕育，六月鲜也同样代表精致生活。\n六月鲜为美丽的女人代言，美丽女人用心去经营属于自己的美丽幸福。\n2015 年度春节，六月鲜携手欧阳应霁、唐彦、文昊天三位不同领域的时尚设计师，打造专属于美丽女人的美丽厨装。\n美丽的女人心怀真性情，不论身在何地，对美丽都有着自己独到的见解，美丽女人坚持属于自己的那份美丽。',NULL,'','','','news_41.jpg'),
	(353,20,'','有一种女人是，即便赢得对手的 1000 个赞，也不如厨房里面小公主的 1 个赞。\n如珠宝般天生璀璨，大手牵小手，尽享点滴珍味。\n这款公主装围裙的设计师是欧阳应霁，他的设计理念是：「每个女人都应该是懂得宠爱自己的公主，每个女人都如同上天赐予的璀璨珠宝。大手牵小手，畅游在美丽的厨房城堡，尽享幸福亲子时光中的点点滴滴。」',NULL,'','','','news_42.jpg'),
	(354,20,'','有一种女人是，即使美貌惊艳了 1000 个陌生人，也不如用厨艺打动 1 个深爱的人\n如星球般低调自转，却在不经意间高调出味！\n这款星球装围裙的设计师是唐彦，他的设计理念是：「在设计中，我将女人比作一个星球的主体。她们不停自转，用自己独到的美形成吸引力，身边很多人也围绕着她转。宇宙浩翰，星空瑰麗，每个女人都是一个星球的主体。」',NULL,'','','','news_43.jpg'),
	(355,20,'','有一种女人是，既能做 1000 个人眼中的女汉子，也能成为 1 个人心中的美厨娘。\n如傲雪寒梅，美与坚毅并存，简约中绽出真味。\n这款女汉子装围裙的设计师是文昊天，他的设计理念是：「一个对自己有自信的美丽女人，无需太多外在的修饰，自有发自内在的韵味。就像一道美味的菜，不一定需要各种调料一应俱全，也许只是几滴鲜美的酱油，就是能简约中绽出真味。」',NULL,'','','','news_44.jpg'),
	(356,20,'','众人瞩目的女高管都有各自的美丽之道，用味道诠释自己对于美丽的理解，也是这次六月鲜号召女高管下厨的活动初衷。下厨也要美美的，看这些女高管的美丽人生之道。',NULL,'','','','news_45.jpg'),
	(357,20,'','六月鲜，如同美丽女人一般，始终坚持用一颗真心，一种真性情，做真正的好酱油。\n六月鲜，六月，不只是时间。',NULL,'','','',''),
	(358,21,'','六月，是六月鲜的品牌月。\n因为六月鲜的「六」代表六个月的足期发酵，六月又同样是孕育的月份，有快乐的六一儿童节，有感恩的父亲节，有合家团圆的端午节。\n六月，同样是欣和另外一款核心品牌-葱伴侣六月香的生日，历经 90 天足期发酵的葱伴侣六月香原酿酱系列，香气十足。\n葱伴侣原酿酱，坚持原酿，就是这么香。\n不管是六个月足期发酵的六月鲜，还是诞生于六月的六月香。\n六月都值得被记忆的：自然是醇香，岁月慢慢酿。',NULL,'','','',''),
	(407,96,'','有着食品行业「晴雨表」之称的成都糖酒会将于 2017 年 3 月 18 号 - 3 月 25 号期间在成都开展。作为中国调味品行业领导企业欣和集团本次将在成都友源假日酒店一楼 A6 号区域设展，欢迎来自五湖四海的朋友前来参观和洽谈。',NULL,'','','','news_274.jpg'),
	(408,96,'','欣和企业创立于 1992 年，在二十多年的发展历程中，先后创立了十余个消费者喜爱的品牌，其中包括风靡全球的休闲零食品牌黄飞红。',NULL,'','','','news_275.jpg'),
	(409,96,'','中国高端酱油领导品牌，坚持只做六个月发酵的特级酱油品牌六月鲜。',NULL,'','','','news_276.jpg'),
	(410,96,'','厨师推荐使用，专业级调味品品牌味达美。',NULL,'','','','news_277.jpg'),
	(411,96,'','中国有机调味品第一品牌禾然有机；遵循自然之道，原料讲究，坚持不添加的调味品品牌遵循自然。',NULL,'','','','news_278.jpg'),
	(412,96,'','专业的酿造酱品牌葱伴侣。',NULL,'','','','news_279.jpg'),
	(413,96,'','年轻人喜欢的酱有所思。',NULL,'','','','news_280.jpg'),
	(414,96,'','推崇「美无添加，泡醋喝吧」的泡醋专用原浆醋品牌醯官醋。',NULL,'','','','news_281.jpg'),
	(415,96,'','本次成都糖酒会，欣和集团除携带旗下所有品牌参展之外，还邀请了成都当地的川菜大师，以及来自山东的鲁菜大师，共同使用欣和的调味品，演绎不同地域的美食。\n食物是我们赖以生存的本源，食物也是链接情感的桥梁，欣和集团致力于从食物出发，引领饮食生态系统的改善，让家人们可以安心享用每一餐，乐活健康每一天。\n在欣和，我们待世界如家人，我们以最真挚的心，欢迎各位合作伙伴的到来。',NULL,'','','',''),
	(416,22,'','执着的人，会用一生坚守一个承诺，无论世界多么纷繁，始终会坚持自己的真心信念，守护一份真心滋味。\n六月鲜的真心信念是做最好的酱油，坚定拥抱这份最初的信念，才能在二十年的岁月里，不为浮躁的外界所影响，坚定不移的坚持酿造高品质的好酱油。',NULL,'','','',''),
	(417,22,'#为真心守真味：一个人的坚持#','梅子茶泡饭，酸甜，微苦，带着回甘，这就是梦想的味道。\n对待最初的梦想不能凑合，当你为了最初的梦想走过不同的路，尝遍不同的滋味，你才能找到最初梦想的味道-酸甜，带着微苦，还有之后的回甘。',NULL,'','','','news_49.jpg'),
	(418,22,'#为真心守真味：两个人坚守真爱#','长长久久鸡汤，要经得起等待，还要守得住坚持，这不仅是煲汤的秘诀，也是爱情的秘方。\n爱情是最难跑的长跑，不能靠一时兴起的加速度，而是要一步一步认真坚守，在时间里发酵，持续到永恒。用时间发酵出爱是最香浓的味道。',NULL,'','','','news_50.jpg'),
	(419,22,'#为真心守真味：坚守生活原味#','原味白灼芦笋，清新的食材本味，最接近自然，也最贴近生活的初心。\n都市的生活，会让我们逐渐厌倦，厌倦一成不变的世俗，厌倦失去最初的自我，复原生活本来的样子，无需多余装饰，平淡的家是最不平常的地方。平淡的天然食材原味，才是我们每日微小而平凡的幸福。',NULL,'','','','news_51.jpg'),
	(420,22,'#为真心守真味：六月鲜，做最好的酱油#','最好的酱油，守护天然食材的本味。为了这份共同的真心，有一群人在背后默默的守候。他们不仅是六月鲜的员工，更是六月鲜真心的守护者。六月鲜，不忘初心，坚持做健康、高品质的酱油，为真心，守真味。',NULL,'','','','news_52.jpg'),
	(421,26,'','传统的厨房是女人的空间，新时代的厨房，也是男人表达情感的战场。食物是一种情感传递的媒介，厨房一个用食物讲述情感的空间，看不同 Style 男神们如何用他们独特的味道去讲述属于他们的情感料理。',NULL,'','','',''),
	(422,26,'「小鲜肉的双鲜美味」','新鲜食材佐以俊俏容颜，这道双鲜合并的美味，定让她大快朵颐。和我在一起的每一天，都给你新鲜。',NULL,'','','','news_69.jpg'),
	(423,26,'「贴心暖男的暖心料理」','用温情为食物加温，奉上一份暖心料理，暖到她心窝去。如果你愿意，我愿意就这样一直暖下去。',NULL,'','','','news_70.jpg'),
	(424,26,'「欧巴大叔的深度料理」','在油盐酱醋的世界展现成熟稳重，跟我一样有深度的味道，一定是她的菜，让我一直守护你。',NULL,'','','','news_71.jpg'),
	(425,26,'','下厨的男人真的很 Sexy，因为他们用真心烹饪，用美味示爱，守护属于他们内心的真味。\n六月鲜，用真心守真味。六月，不只是时间。',NULL,'','','',''),
	(428,27,'','可口可乐可以做纪念装，为什么酱油不可以做纪念装。因为调味品没有人做过吗？\n不，时尚就是为时尚早。六月鲜先天就具备「时尚」的基因。六月鲜是国内第一款用先进的高盐稀态现代工艺发酵的酱油。六个月的足期发酵，听着音乐成长的快乐菌种。六月鲜，开创了酱油行业一个又一个时尚的先驱。为时尚早，才是时尚。\n新年欣禧，味聚欣和。2012 年的春节，大街小巷，多了一款别具风格的六月鲜酱油——龙年装六月鲜酱油。',NULL,'','','','news_73.jpg'),
	(429,27,'','六月鲜，用为时尚早的精神，用创新时尚元素，为传统的调味品行业带来了一股时尚之风。',NULL,'','','',''),
	(430,28,'','午餐是支撑城市白领「朝九晚五」的「核心」能量，古语有「早吃好、中吃饱、晚吃少」的说法，如今快节奏的生活，完全打乱了节奏，尤其是身在职场的你，为了一份企划案、一个设计稿、约定的交货期……伏案工作，竟全然忘记午餐时间已经到了，一份盒饭、甚至一桶泡面就打发了自己，你知道吗？午饭是不能「掉链子」的。\n可是午餐吃什么？这也成了你头疼的问题，大负荷的工作量让你没有时间来思考午餐吃什么就已到了 12 点，即便如此，也请你正视自己的午餐。\n黄飞红联合百度外卖发起「你知道我在关心你吗？」白领关爱行动，50000 包麻辣花生空降京城，让白领告别乏味的生活以及单调午餐，功夫美味，对味更对「胃」。\n',NULL,'','','','news_75.jpg'),
	(431,29,'','有个爱你、甘愿陪你在家看电视的人，虽不能说是完美情人，但他一定是无可取代的；吃货的你总是在下班的路上盘算着，晚上的小零食和小亲密，为他下的功夫；这一刻，只有黄飞红的经典才配记得；\n两个人窝在沙发里，那些偶尔亲密的动作都记忆犹新，这一刻，你会永远记得；偶尔也会因看球赛、没有爱吃的黄飞红而吵到脸红，但是你始终坚信，你们是彼此无可取代的对方；\n是的，无可取代，正如黄飞红。\n',NULL,'','','','news_76.jpg'),
	(432,30,'','过去都说读万卷书行万里路，今天应该是行万里路读万卷书；自己去感受……\n那旅行的意义何在呢？\n有人说：\n「你可以在旅行中看到很多前所未见的东西，那些曾经只在电视上出现的动物，非洲草原上优雅的长颈鹿，熊孩子式的小狮子。他们很漂亮，拥有远超你想象的活力，仅此而已，谈不上有何意义。」但是，这个世界如此的丰富和多元，请你一定要走出去，去发现不同，去感受自己的渺小，去寻找某种只有自己才能捕捉的信号——这是上帝给我们的，相信我，这会受益终生！一包黄飞红绝不是旅行中不能缺少的，但是它会给你的旅行生活留下不同的色彩，就像生活中每个一闪而过的镜头一样，不是刺激了你的大脑，就是刺激了你的味蕾，功夫与美味同行，出游吧，就现在！\n',NULL,'','http://v.youku.com/v_show/id_XMTY3NzU0OTU5Mg==.html','',''),
	(433,31,'','醯官醋泡制柠檬，里面藏着的是一罐让人变白的小秘密；醯官醋泡制葡萄，惹人欢喜的不仅是晶莹剔透的葡萄粒，还有抗衰老抗氧化的神奇功效；\n醯官醋遇上水果，美丽故事就开始了。\n',NULL,'','','','news_78.jpg'),
	(434,31,'','醋泡黑豆，都说是长辈的养生秘方；无添加未过滤的醯官醋遇上黑豆，让滋补更多一分安心。',NULL,'','','','news_79.jpg'),
	(435,31,'','醯官醋泡制玫瑰花，听起来都有爱情的味道，其实每天一杯醯官玫瑰醋不仅可以舒缓压力还有助于睡眠。',NULL,'','','','news_80.jpg'),
	(436,31,'','美丽的人儿啊，跟我们一起吃醋吧。',NULL,'','','',''),
	(456,32,'','2012 年，「醯官」品牌诞生了。醯官，是古代专门负责酿醋的官员。醯官，一生只做一件事情，酿好一瓶醋。最初，我们怀着一颗酿造一瓶好醋的初衷创办了这个品牌。\n因为在这个行业，有太多不法的商家，只为赚取利润，而泯灭了良知。\n我们为什么不可以，本本分分，真心真意，去做一瓶最纯粹的好醋呢？\n醋为什么不能就是他们原来的样子，只是安静的发酵，静静的沉淀，慢慢的成熟\n我们以「醯官」之名，用心酿醋。\n我们只做一件最简单的事情，做一瓶纯粹的好醋。\n',NULL,'','','','news_82.jpg'),
	(457,32,'','在做醋的过程中，我们惊奇的发现，醋凝结了太多人类的智慧。\n但却因为种种的原因，如今，它仅被单纯的当成了一味调味品。\n醋有太多神奇的功效，不仅是中国历史上的醋，还有世界各地的名醋，都是非常健康的饮品，可以让人变得健康，美丽，自信。\n醯官，应运而生，为了一辈子的美丽。',NULL,'','','',''),
	(458,33,'','只有懒女人，没有丑女人。女人爱美的方式有很多种，内外皆养，才是上上策。',NULL,'','','','news_83.jpg'),
	(459,33,'','「醋」是天然的良药，可以很好地平衡身体内的酸碱值。从有关醋的记载开始，醋就不单单只是一款调味品，历代的医书里都有关于「醋疗」的记载。到了现代，醋却一直被单纯的用作厨房调味品，着实浪费。\n其实，「吃醋」是一种很好的食疗方法。\n「泡醋」，使原本很酸的醋，摇身变成了美味的健康饮品。100% 大米酿造的原浆米醋，能很好的萃取水果中天然的营养成分和香气。加上清香顺滑的蜂蜜，还有一份对生活的用心和热爱，一定会让您变得更加的自信和美丽。\n',NULL,'','http://v.youku.com/v_show/id_XMTY4MTY0NjU0MA==.html','',''),
	(460,33,'','做个美丽女人，从泡醋开始。醯官原浆醋，喝出最美的自己。',NULL,'','','',''),
	(466,34,'','火龙果的热情加上柠檬的清新，是这个夏天必备的醯官消暑醋饮。',NULL,'','','','news_85.jpg'),
	(467,34,'','醯官泡制出的青柠和薄荷醋饮，只是说出来就已经感受到丝丝凉意，谁说夏天一定要冰镇？',NULL,'','','','news_86.jpg'),
	(468,34,'','万能的醯官米醋撞上浓郁的蓝色浆果，少了一分清新的颜色，倒是多了几分娓娓道来的故事。\n调一杯醯官果醋，我们坐下来好好聊。\n',NULL,'','','','news_87.jpg'),
	(469,35,'','',NULL,'','','','news_89.jpg'),
	(470,35,'','醯官用发酵的方式，收纳了最好的原产地的原料。云南墨江的紫米，紫红醇厚浓香，静静的发酵成为酒红色的原浆紫米醋。东北黑土地的大米，米香四溢，天然的发酵，原浆的酸，保留了最原始的味道。烟台的苹果，四海扬名，不添加任何香料，就那样的等待，变成酒，再变成醋。醯官，用最简单的发酵方式，保留了最真的味道。用他们来泡制当季的水果、花草，气味的融合，也是智慧的绽放。这种智慧属于美丽的女人。美丽的女人不只是她容颜上的美丽，而是她更懂得如何去美丽的生活。好物好事要和朋友一起分享，醯官的美丽秘密更要去跟闺蜜分享。\n',NULL,'','','','news_90.jpg'),
	(471,35,'','美食，美景，美饮，美丽的秘密，都要与她分享，才更快乐。\n醯官醋，与闺蜜分享美丽的秘密。\n\n',NULL,'','','',''),
	(477,36,'','静待着一罐山楂醋的成熟，仔细观察你会惊奇的发现最开始的泡制山楂和醋是上下分开的，随着时间的流逝，慢慢的变成粉色，而后浅红色再到醯官醋和山楂融合在一起的大红色。我们用心酿醋，也用最真的米醋感悟秋天的成熟。',NULL,'','','','news_88.jpg'),
	(478,37,'','「原浆」只与时间合作，重现醋的本来滋味。无添加，无过滤，无勾兑。\n成就一瓶原浆，靠的不仅是时间，精选优质可靠原料，拒绝任何调和工艺与额外添加，以简单的步骤工，完成从原料到成品的蜕变，这是时间与精力的投入，但我们宁愿这样，必须这样，也会一直坚持这样，只为每一口，都能感念纯粹的味道。\n「泡醋」，使原本很酸的醋，摇身变成了美味的健康饮品。当醯官原浆醋系列，遇上当季的水果、花草，迸发出奇妙的美味灵感，加上清香顺滑的蜂蜜，还有一份用心和热爱，幸福扑面而来。\n\n',NULL,'','','','news_92.jpg'),
	(479,37,'','用心生活，才是保持一生美丽的奥秘。\n当下厨房不再是劳作，而成为享受，当醋不再是简单调味，而是实现创意料理的小秘密，\n当静下心，把对生活的爱注入到用醯官精心制作的美味之中，\n当美丽不只有清新脱俗，也略微沾染了人间烟火，\n生活里那些久违的温馨与美好，就此出现。\n\n爱无添加，\n三月女人节，喝出无添加的美。\n',NULL,'','','',''),
	(483,38,'','夏天，本该人美衣靓，守着 Wifi，抱着西瓜，无奈温度节节攀升，叫人昏昏欲睡，不思饮食。如果又担心一杯饮料下去，热量太多？那醯官泡醋绝对是让你最舒服的选择。\n当片片的绿色柠檬与醯官米醋融合，释放出的舒爽味道相信会让你展露笑颜。',NULL,'','','','news_94.jpg'),
	(484,38,'','想要更快感受？那醯官醋原浆苹果醋是你不二选择。纯果汁发酵，富含维 C，为你补充能量，想你所想，再告诉你一个不会皱眉的调制比例，让你知道醯官与夏天是多么相配。\n醯官苹果醋：蜂蜜：水=1：2：16\n',NULL,'','','','news_95.jpg'),
	(485,38,'','请相信，果醋+冰块，才是舒爽夏日的标配！\n这个夏天，跟朋友一起，泡醋喝吧！\n',NULL,'','','',''),
	(491,91,'','欣和味达美「知味之旅」创办的初衷是要助力中餐厨师成长为人人尊重的星厨，同时通过「创新菜、潮流菜、健康菜、环保菜」的研发和推广，让更多的人可以吃得健康，和欣和一起推动健康生活新浪潮。2016 年 11 月 6 日，知味之旅第二站山东站鸣笛起航，「鲁菜创新」则是本轮「知味之旅」所推动的健康饮食的核心内容。\n厨师，是一个讲究厨德和功力的行当，中餐行业内每一位导师级的厨师，不仅厨艺出众，厨德也让人敬佩。为了激发本次「知味之旅」的鲁菜创新的灵感，欣和味达美特邀庞大的导师团队，其中有来自上海浦东假日酒店中餐总厨邵长远、就职于北京聚宝渔港行政总厨黄浩新、天津赶集啦妈妈菜创始人赵健平、以及济南颜氏私房菜传承者董事长颜卫星等。厨师大咖导师们的独到见解，以及从厨经历的分享，让每一位身穿厨师服的年轻厨师们都感受自己肩上的责任重大。厨师的确就是这样一个行业，用良心做菜，用真诚做菜，用创新做菜，才能让食物，变得更加健康，更加与众不同。',NULL,'','','','news_254.jpg'),
	(492,91,'','本次对于星厨选拔赛，除前台的菜品呈现之外，全程记录的后厨操作过程，也是考评内容之一。是不是可以合理的利用食材，做到不浪费食物。是不是做到每个步骤都严谨，是不是可以保持案面的干净整洁，都会被纳入考评的内容，因为这些代表着厨师心目中对于这份职业的态度。这些，都是知味达美衡量未来星厨的标准，同样，能做到这些的厨师，也才能代表中餐厨师的未来。',NULL,'','','','news_255.jpg'),
	(493,91,'','拥有厨艺、具备厨德、尊重食客、热爱职业、走出后厨、走上舞台、传播健康的饮食、分享烹饪的快乐，每位星厨都在成长和蜕变，同时，每位厨师的成长和蜕变，也深深影响着周围的食客。一份职业的成就感来自于这份职业可以给别人带来价值，一位厨师的成就感，来自于他可以让更多的人吃得健康，健康地吃。当每位星厨走上舞台，自信而骄傲的讲述自己的饮食态度和烹饪理念，健康生活新浪潮正在被这样一群有意念的厨师所推动着。',NULL,'','','','news_256.jpg'),
	(494,91,'','「每走过一个地方，我们都记录下当地厨师的故事，也会记录下当地厨师的味道，当我们走过 100 个，1000 个地方，这些就会成为中餐厨师的故事，这些都会汇集成中国味道」这就是知味之旅。当自己对于饮食的理解以及毕生的厨艺，凝聚成一瓶产品，这的确是值得自豪和骄傲的时刻。欣和味达美是一个与厨师息息相关的品牌，不仅为他们提供展示的舞台，提供不同的食材，激发厨师的灵感，满足厨师对于味道的挑剔。还用健康、便捷，快乐的理念，去打造每一款专属于厨师的产品。',NULL,'','','','news_257.jpg'),
	(495,91,'','味达美，知味达美。',NULL,'','','',''),
	(497,40,'','食物是传递爱的工具，人生很多美妙的事情发生的时候，都会有食物同在，爱与进食是最美妙的链接，亲手制作的养生醋方让食物多了一份私藏的情愫，包含了制作者的用心，甚至情谊，多做一些还可以分赠亲友。当装着满满心意的瓶瓶罐罐从自己家离开，又装满了别人的手作心意回来，感受如此的奇妙和慷慨。',NULL,'','','','news_121.jpg'),
	(500,41,'','「禾然有机」创立于 2002 年，作为中国第一个有机调味品品牌，秉持一份善待自然的信念与责任，践行有机，倡导有爱有心意的品牌主张；10 余年来，坚持用最好的有机原料让更多东北黑土地免受化学物质的伤害；10 余年来，坚持用最先进的酿造工艺为更多家庭提供安全营养的美味；10 余年来。坚持用最真挚的心意亲身实践并推广有机天然的生活方式。 \n',NULL,'','','','news_99.jpg'),
	(501,41,'','历经 10 余年的发展，「禾然有机」已经成为了中国有机调味品市场的第一品牌，产品涵盖有机酱油、有机糙米醋、有机豆瓣酱、有机淡盐酱油、有机儿童酱油以及有机山茶油、有机橄榄油、蜂蜜等多系列产品。我们始终秉承，以孕育生命的爱意酿造每一滴产品，以描绘艺术品的快乐传播每一个品牌。这就是一直在努力的禾然有机——HONA ORGANIC  \n\n',NULL,'','','','news_100.jpg'),
	(506,42,'春始生机勃发','有机，即遵循自然规律，是与自然万物和谐共处的种植方式。有机将土壤、植物、动物和人类重新安置在生物链的本来位置，我们的责任是使土地孕育出比原来更多的生命，而不做破坏，不妄为，这也是我们要对土地的承诺。坚持以人为本，遵循自然，通过科技创新为消费者提供天然、健康、美味的有机食品，并不断传播和倡导全球领先的有机生活理念，这是我们对客户承诺的真心意。\n\n',NULL,'','','','news_101.jpg'),
	(507,42,'夏盛自然郁郁葱葱','',NULL,'','','','news_102.jpg'),
	(508,42,'秋实大地的馈赠','',NULL,'','','','news_103.jpg'),
	(509,42,'冬蕴万物收敛蛰藏','',NULL,'','','','news_104.jpg'),
	(510,43,'','自 2011 年起，禾然有机联手「中国有机第一人」胡删老师发起的「有机日」，至今已经五年了，现已有千余家企业加入到有机事业中，国内有机产业蓬勃发展。禾然有机一直秉持一份善待自然的信念与责任，践行有机，倡导乐活自然生活。\n\n过一天有机生活，让我们与地球共同健康。（2012年）',NULL,'','','','news_105.jpg'),
	(511,43,'','过一天有机生活，疼惜地球母亲（2013年）',NULL,'','','','news_106.jpg'),
	(512,43,'','用消费的力量，支持有机农业的发展（2014年）',NULL,'','','','news_107.jpg'),
	(513,43,'','消费有机保护地球—我们在行动（2015）',NULL,'','','','news_108.jpg'),
	(514,44,'','从 2013 年开始，禾然通过上海纽伦堡国际有机食品展会募集公益基金，发起享心意美食，圆云南哈尼族小朋友艺术梦想的活动！我们汇聚大家的心意，为云南哈尼族的小朋友们添置书桌、板凳、绘本，圆孩子们艺术梦想！',NULL,'','','','news_109.jpg'),
	(515,44,'','2014 年我们一起圆了哈尼族小朋友的艺术梦，为他们置办了桌子、板凳和种类丰富的绘本。在整齐干净的桌子上，坐着稳定的板凳，看着美好的绘本，描画着心中的艺术画，你看他们画的多美！',NULL,'','','','news_110.jpg'),
	(516,44,'','2015 年禾然有机发起，BIOFACH CHINA 提供平台，各大爱心品牌联合赞助心意食诚有机餐厅，我们一起圆了哈尼族小朋友的图书馆梦，与碧溪绘本图书馆联合发起“田间乡里图书馆”系列乡村阅读公益项目，将馆内阅读延伸为户外阅读、乡寨里的阅读乃至田间林下的阅读，让书香溢满乡寨、洒向田间，让读书声回荡在哈尼族小乡！',NULL,'','','','news_111.jpg'),
	(517,44,'','2016 年，随着孩子们年龄的增长，已经不止于绘本了，想更多地学习知识，因此，这次我们圆他们的知识梦！',NULL,'','','','news_112.jpg'),
	(518,46,'','自 2011年起，禾然有机联手「中国有机第一人」胡删老师发起的「有机日」，至今已经五年了，现已有千余家企业加入到有机事业中，国内有机产业蓬勃发展。禾然有机一直秉持一份善待自然的信念与责任，践行有机，倡导乐活自然生活。\n\n过一天有机生活，让我们与地球共同健康（2012年）\n',NULL,'','','','news_113.jpg'),
	(519,46,'','过一天有机生活，疼惜地球母亲（2013年）',NULL,'','','','news_114.jpg'),
	(520,46,'','用消费的力量，支持有机农业的发展（2014年）',NULL,'','','','news_115.jpg'),
	(521,46,'','消费有机保护地球—我们在行动（2015）',NULL,'','','','news_116.jpg'),
	(528,48,'旅行是一个自我发现的过程。','旅行不仅让我们看到世界，也能让我们审视到自己的心灵生命本身就是一场旅行，让我们遵循心灵的归属，引领我们去往前方。\n\n',NULL,'','','','news_122.jpg'),
	(533,88,'','围裙到底对于六月鲜意味着什么，对于这个问题，我们思考了好久。\n追溯围裙最早的概念，是从六月鲜身前的标签衍生而来。六月鲜的瓶子犹如女性优美的曲线，六月鲜像孕育生命一样的酿造每一瓶酱油，身前的这个盾形的标签，就像是一条守护女性的围裙，保护着她微微隆起的腹部，也流露出女性坚韧中的温情。',NULL,'','','','news_245.jpg'),
	(534,88,'','从 2003 创建六月鲜品牌，六月鲜就专注于只做六个月发酵的特级酱油，13个六个月的轮回，用心孕育着每一瓶六个月发酵的酱油。围裙伴随着六月鲜，犹如她的战袍，记录下她一路的艰辛和挑战，同时也见证着她无数的自豪和喜悦。\n专注，不仅需要信念，更需要坚持。只有专注，才造就六月鲜今天独特的味道。「围」有一心，才有这一味。如六月鲜，如每一位专注的你。\n生活中的围裙，往往会有留下烹饪时的污渍，它可能是你第一次烹饪时不小心撒上的酱油，也可能是喂宝宝吃饭时溅出的残渣，它也许曾记录过您沉浸于一人食中的专注，也许记载着您第一次为心爱的人下厨时的紧张。围裙上留下了许多的污渍，但是这些污渍也正是我们专注对待生活的佐证。',NULL,'','','','news_246.jpg'),
	(535,88,'','2016 / 2017 年春节，六月鲜穿上了属于她自己的战袍，一个个晕染开的污渍，源自在专注的路上的我们遇到的挑战，但是专注又让我们华丽转身。六月鲜，专注只做六个月发酵的特级酱油，穿上她的围裙，炫彩夺目。',NULL,'','','',''),
	(536,49,'「简」不是省略，而是经过思考的设计。','「简烹」是在烹饪过程中不使用非天然、不安全的添加剂，而改用天然食材、调味品制作色、香、味俱全且营养健康的菜肴，在 0 添加的安全基础上，要求更符合快节奏都市人的便捷性和享受食物带给我们的愉悦感。\n遵循自然倡导「简烹」理念，即利用无添加的天然调味品通过简约的烹饪方式，烹制天然食材，以享受食物的本源真味。我们在快与质的平衡中享受简单真实的生活，烹饪亦如此，新鲜能量食材搭配无添加优质调味品，只用最简单的烹饪方式，即可享受真正食物真实味道。\n\n',NULL,'','','','news_123.jpg'),
	(537,51,'','擦肩而过的姑娘在台上尽情舞蹈，隔壁班帅哥的钢琴曲让人魂牵梦绕，一万人在广场齐声高唱，比我曾经无数次的想象还要躁！你以为这就是活动的全部？那你想象的还太少！\n整车的美食早已经备好，没想到一辆卡车还可以改装的这么潮！我分明看到车上的美女在朝我微笑，等等……酱油还能做冰淇淋？你确定这道菜的名字叫恋爱甜蜜鸡腿堡？ 再也忍不住往朋友圈来上一条：「大学，你好！」\n ',NULL,'','','','news_127.jpg'),
	(538,51,'','有所思冠名山东工商学院第十届相声小品脱口秀大赛。用简单的调调吐槽这复杂的社会，让大学生们感受这世界的美妙和新奇。\n「说着玩的」，说好玩的！\n',NULL,'','','',''),
	(545,87,'','「侨梦苑」项目旨在为侨商企业和海归人士打造全链条事业发展和生活综合服务体系，助力广大侨商和专业人士回国投资创业。从 2014 年底起，国务院侨办会协同部分地方政府，在中国重大发展战略布局中选择精华地带，逐步建立了 13 个「侨梦苑」。「侨梦苑」是华侨华人回国创业的载体，是侨胞「圆梦」的地方，所建之地，即具备从国家到地方的政策优势，又汇聚侨资侨智资源，充分发挥华侨华人协同创新作用。\n2016 年 10 月 19 日，国务院侨办经科司司长左志强、山东省侨办主任刘方会、烟台市政府副市长张代令、烟台市外事侨务办主任尹国文、烟台开发区管委副主任杨林盛等多位领导参观考察多家烟台侨资企业，欣和集团作为优秀侨资企业代表，接受了考察团考察。',NULL,'','','','news_242.jpg'),
	(546,87,'','2011 年 8 月国务院侨办中国华文教育基金会方文国副秘书长一行就曾来烟考察，参观过欣和企业。此次在欣和集团副总姜军武陪同下，考察团一行参观了欣和集团体验馆，在这里可以看到欣和自 1992 年创立，经过 20 余年发展，发展成为旗下拥有 11 个产品品牌，10 家专业化生产基地的国内知名调味品企业；可以看到在 7000 多名欣和人的坚守与承诺下，确保每瓶产品安全，以统一的质量标准进入千家万户；可以看到欣和凭借品牌美誉和专业实力，荣获的多项荣誉奖项。在了解欣和发展历程后，烟台市政府副市长张代令对欣和企业和孙德善董事长给予高度评价。',NULL,'','','','news_243.jpg'),
	(547,87,'','20 多年来，欣和秉承初心，坚持自己不吃的食物，就不卖给消费者，更不会生产产品，赢得越来越多的家庭信赖。欣和在做事业的同时，不忘以村企共建、捐赠弱势群体、资助贫困大学生、赈灾捐款等多种形式的公益活动回馈社会。作为「桥梦苑」优秀企业代表，欣和会继续用对待家人的心去生产我们的产品，让每个家庭可以安心享用每一餐，乐活健康每一天。',NULL,'','','',''),
	(555,86,'','2016 年 11 月 2 日，第二十一届中国国际渔业博览会将继续在青岛隆重举办，将有来自 96\n 个国家和地区的 27934 名采购商和供应商聚集到 2015 中国国际渔业博览会。欣和，作为行业内较早与大型食品加工企业及连锁餐饮企业合作的服务型企业，连续 10 年参加中国国际渔业博览会，本次博览会欣和集团的展位将出现在 S3 馆 0101-122。\n在过去七年里，中国国际渔业博览会的规模逐年扩大，发展成为全球第二大水产贸易展览会，表明全球水产品生产贸易商更加重视中国市场，直接反应出中国作为全球第一大水产品贸易国和最为活跃水产品市场的重要地位，促进了全球水产贸易的发展。2015 年的渔博会吸引了全球大型连锁采购商、餐饮服务商、进口商、加工商、分销商、 零售商、航空公司、银行和服务提供商等前来交流、合作。',NULL,'','','','news_240.jpg'),
	(556,86,'','2016 年对于欣和有着特别意义，1 月份欣和公布了新 LOGO 及企业品牌标识系统，欣和从更广阔的视角出发，引领饮食系统的改善，从原料的选择，到家庭餐桌的每一个过程，我们始终秉承最初的承诺和愿景，立志让每一个家庭安心享用每一餐，乐活健康每一天。本次中国国际渔博会，欣和将展示食品工业部餐饮服务的新产品，还将全面介绍欣和企业的使命和愿景。在这里，欣和带着诚信和责任去结识更多志同道合的食品行业朋友，共同引领饮食生态系统的改善，推动健康生活新浪潮。',NULL,'','','',''),
	(569,85,'','六月，是六月鲜的品牌月， 2016 年六月，在六月鲜品牌诞生的第 13 个年头，在天津、杭州、深圳、成都、北京、上海、南京、武汉八大城市街头，我们带着本次品牌推出的倡议「把简单的事情用心做好」，上演了一场从原料产地到家庭餐桌的酱油体验之旅。\n这次体验设计的出发点是让消费者感受酱油由一颗黄豆发酵开始一直到厨房餐桌的全过程，因此在现场您可以看到，酱油原料产地介绍、酱油实验室展示及家庭厨房三个部分，现场的观众在我们工作人员的带领下，可以从酱油原料-非转基因大豆的产地开始了解，了解酱油发酵的全过程，以及如何判断一瓶酱油的好坏，一直到走进厨房，用健康鲜美的六月鲜烹饪出美味佳肴的全过程。',NULL,'','','','news_236.jpg'),
	(570,85,'','在以美食闻名的成都，我们还特别邀请到了网络上很有影响力的民间大厨－小宝君，请小宝君现场用六月鲜酱油烹制多道创新菜，有美味新奇的咸戚风蛋糕、经典的深夜食堂酱油面、风味独特的土豆培根烤肉和黑蒜牛肉粒等，这一用心的准备吸引到很多行人驻足参观、品尝，让大家品尝美味的同时学习烹饪的小技巧。',NULL,'','','','news_237.jpg'),
	(571,85,'','在临近帝都的现代化城市天津，我们推出了六月鲜的超酷神秘美食－酱油冰淇淋。很多人听到酱油冰淇淋都会不解，酱油也可以做冰淇淋吗？不要惊讶，我们的神秘美食就是酱油冰淇淋。我们自制的酱油冰激凌，吸引了很多年轻朋友前来品尝，尤其受到小朋友们喜爱，从这经过的外国友人也对美味的酱油冰淇淋赞不绝口。  ',NULL,'','','','news_238.jpg'),
	(572,85,'','十三年来，六月鲜专注只做六个月发酵的特级酱油。酱油，这个看起来非常简单的调味品，实则不简单。从原料的选择，到菌种的呵护，全程的监控，食用方法的研究，如何吃，如何吃得健康，六月鲜，用信念和坚持，在践行，把简单的事情用心做好。',NULL,'','','',''),
	(602,81,'','提到外交官，脑海中浮现的画像多是：西装革履、处变不惊、日理万机、国与国间的重要纽带。当外交官要回归柴米油盐，做起烹饪会是怎样的景象呢？\n12 月 2 日，由欣和企业参与主办的第九届驻华外交官烹饪赛在古色古香的乙十六会所举行。',NULL,'','','','news_221.jpg'),
	(603,81,'','俄罗斯参赞发言说：每个国家都有自己的饮食文化，我们通过饮食大赛了解彼此，通过食物建立和世界的关系。',NULL,'','','','news_222.jpg'),
	(604,81,'','今年的主题是一带一路，十八个国家的外交官共聚在此，参与烹饪，分享世界的味道。',NULL,'','','','news_223.jpg'),
	(605,81,'','这与欣和的理念不谋而合，欣和待世界如家人。欣和自今年 11 月起，启用新的企业标识，标识外面圆圈代表全世界，交织曲线勾勒出自豪的携手并肩的一家人。新标识同时演绎着植物花苞的形状，植物的花苞体现着自然新生的活力，放置于标识中间的位置，传达出优质食材是任何一个强大、健康家庭的根本。（来源：中国新闻网）',NULL,'','','',''),
	(614,55,'','2016 年春节，六月鲜和上海本土设计师 HELEN LEE 合作，设计了三款「新年围裙」。由此打响了「新年，一起下厨吧」社交营销战役。搜狐网、界面分别对这次跨界营销进行了报道。',NULL,'别人把厨房列为孩子的禁地，我陪她把厨房变成挥洒好奇心的天地','','','news_133.jpg'),
	(615,55,'','',NULL,'从前只懂得坐等妈妈的味道，现在想要亲手做出妈妈的味道','','','news_134.jpg'),
	(616,55,'','',NULL,'太多次约会是陪她下馆子，这一次约会是陪她下厨','','','news_135.jpg'),
	(617,55,'','和设计师品牌合作，这在朴实无华的调料界可不常见。印象中，大多数酱油广告都在强调产品质量、加工工艺，面向的也都是妈妈级人群。 \n这个有点「出格」的跨界和六月鲜的市场定位有关。六月鲜是烟台欣和企业旗下的酱油品牌，目标人群以中产阶级为主，定位偏中高端。根据六月鲜提供的消费者调查数据，他们的消费者中 60% 是 25-35 岁的年轻高学历女性。 \n目前国内市场上主流酱油的价格在 8 元左右，而六月鲜的产品定价在 12-28 元。从市场份额上看，六月鲜还比不上海天这种酱油大户，但它在高端酱油市场的占有率排在第一。 \n所以你会看到，六月鲜这次营销没有把重点放在产品本身，而是强调设计感和情感连接，面向的也是年轻女性群体。在「为真心，守真味」的主题下，三款围裙对应的场景分别是：80 后三口之家、母女两代人一起下厨、未婚的年轻白领和爱的人一起下厨。',NULL,'','','',''),
	(618,55,'','「厨房已经不再只是传统意义上烹饪食物、妈妈一个人辛苦做家务的地方，而更多是家人、朋友情感交流的空间。而围裙与调味品一样都是下厨房的代表性物品，传统的围裙无论款式与图案都更像工作装，让人一看就联想到油烟、各种辛苦，无法让人联想到「情感交流」的美好愉悦感。」六月鲜公关经理李玮向《好奇心日报》阐述了这次的营销创意。  ',NULL,'','','',''),
	(619,55,'','实际上从去年春节开始，六月鲜就做过关于围裙的营销，请来美食家欧阳应霁等人设计围裙。当时，在社会化媒体上的总曝光量达到 6.9 亿次，话题阅读量 1.7 亿，互动参与量达 132 万次。不过去年是从女性的角度出发，喊出「下厨也可以美美的」口号，今年主打的是「家」的概念。除了在几个主要城市的地铁、公交站亭投放了线下广告，六月鲜将传播渠道重点放在了微信、微博、美食 app 等社会化媒体上。在线下卖场，春节也是酱油购买的高峰，六月鲜会在全国 50 个城市近千家超市里给六月鲜酱油瓶穿上围裙装，并组织手机摇一摇得 HELEN LEE 限量款围裙装的活动。 （来源：搜狐、界面）',NULL,'','','',''),
	(624,80,'','欣和企业食品有限公司副总经理姜军武在近日召开的第七届中国食品安全论坛上，接受中国经济网记者专访时表示，「尚德守法」其实是对一个企业比较好的约束，一个是德，一个是法。众所周知，法律对于一个社会的繁荣和公平的竞争环境是至关重要的，事实上，食品安全领域的法律法规也在不断完善，法治可以说是底线和基石，要求企业和个人依法履行自己的责任。　',NULL,'','','','news_219.jpg'),
	(625,80,'','「另外一方面来说，实际上对一个企业来说，他真正的成功不仅仅是盈利，而是为这个社会做出更多的贡献，为消费者提供更好的有价值的健康的产品和服务，也就是说一个真正好的企业，应该是有益于行业和社会的」，姜军武表示，其实企业应该不仅仅遵守法律，更主要的是主动为消费者提供更有价值的东西，然后承担起社会责任的主体义务，这是道德在基本层面的体现。　\n同时，姜军武也表示，当前食品安全环境稳中向好，但也还存在各种各样的风险，不管是发达国家还是发展中国家，也不管是什么时代，都会存在各种各样的风险，即使是再优秀的企业也会有各种风险，我们应该不断认识风险并防范风险。　\n他表示，「消费者的需求在不断变化，健康的生活理念正在渗透，这对于企业来说也是一个发展机遇，需要社会各界支持，在保证安全的同时，更加健康与美味」。此外，他认为，食品安全知识的科普工作也是重中之重，只有消费者具备一定知识判断水平，才能让很多谣言问题迎刃而解。（来源：中国新闻网）',NULL,'','','',''),
	(632,60,'','2016 年 9 月 8-9 日，由中国食品科学技术学会主办的“第十六届中国方便食品大会暨方便食品展”将如期在北京国家会议中心隆重召开。作为多次参与方便食品展会的烟台欣和企业食品有限公司，做为调味品行业的领导企业将再次亮相方便食品展，本次欣和集团展位将出现在主会场的特 10 号区域。',NULL,'2015 年方便食品展现场图片','','','news_147.jpg'),
	(633,60,'','对于方便食品产业而言，2016 年是非常关键的一年，本次会议将在继承往届主旨的同时，在内容和形势上力争创新和突破。在内容方面，将从权威的报告、专业的分析出发，更加市场化的对接行业发展需求。在形式上，除专业报告、创新产品评审，更多将以业内交流形式呈现。本次方便食品会汇聚了行业权威专家，给参会企业提供更加广阔的平台，使参会的企业能够对行业的发展进行更深入了解。本次主要展示区域将划分为：方便面、挂面与风味面食、冷冻调理食品、机械设备与包材、东方风味与天然配料、冷链装备等六大展示区域。',NULL,'2015 年欣和展位图片','','','news_148.jpg'),
	(634,60,'','2016 年对于欣和同样是关键的一年，今年 1 月，欣和企业公布了新 Logo 及企业品牌标识系统。新的标识，新的征程，欣和将从更广阔的视觉出发，引领改善饮食生态系统，让家人安心享用每一餐，乐活健康每一天。本次展会，欣和企业除了一如既往的展示最新的产品之外，还将全面介绍欣和集团的使命和愿景。推动健康生活新浪潮，树立行业新标杆，赢得全球家庭的信赖，这美好的期望离不开与合作伙伴的携手共进，期待与您一起探讨行业发展的前景，建立值得信赖的中国食品品牌。',NULL,'欣和企业新LOGO','','','news_149.jpg'),
	(641,78,'','从 2015 年开始，六月鲜品牌联手欧阳应霁、文昊天和唐彦三位艺术家，共同打造了三款围裙及酱油瓶身围裙。通过一系列动作，六月鲜悄然在社会化媒体中刷出了存在感。\n初识：「别怕厨房」一语道破，打醒传统下厨观。\n当新京报连版刊登这样的大字问句「女人三十一枝花，天天下厨全白瞎？」、「婚后做饭少不了，少女一夜变大嫂？」、「厨房里面有老虎，女神累成垃圾股？」恐怕有不少年轻人已经举起了双手准备鼓掌：这不就是我们的心声？ \n媒体的意义早已不再局限于传统的展示功能，从传统媒体收获的新媒体讨论量，比任何营销账号的效果要大得多。六月鲜利用新京报发布的「别怕厨房」打响「抽脸」第一枪，直戳受众心中的恐惧和厨房在人们心中的刻板印象，夸张喜剧的病毒化海报在被分享到社会化媒体后，迅速引发网友的关注及热议，特别是在年轻群体中。随后「别怕别怕体」从单打独斗发展成了一场品牌大联欢。打油诗式的幽默文案配上经典打脸画面，从相亲到春运，从《武媚娘传奇》到「国民老公」，时下热门话题被调侃个遍，毫不客气地在微博和微信朋友圈中流传开来。',NULL,'','','','news_212.jpg'),
	(642,78,'','「抽脸」海报占领观众眼球，颠覆受众传统印象中的厨房旧观念，但六月鲜的野心不止于此。紧接着，继续围绕六月鲜品牌的欣厨主义下厨观－「下厨也可以美美的」，一场场运用情感营销的「厨房战役」开始赢取更多年轻受众的青睐，倡导革新厨房品质生活的新观念也在不断深入人心。\n趁热：H5 小游戏为品牌注活力，做真正有产出的互动营销。\n去年起，各种 H5 互动页借由微信平台崭露头角，走进更多人的视野。六月鲜在打破厨房旧观念之后马上通过「为厨房正名」的互动页面向网友传达欣厨主义理念。',NULL,'','','','news_213.jpg'),
	(643,78,'','这种方式吸引了许多人的注意，虽然是简单的海报生成，但网友脑洞大开，电影版、明星版、职业版、作家版等千奇百怪的海报层出不穷，大量的 UGC 内容在网络中传播。品牌不再自说自话，由单向的社会化广告发布，升格为主角大众参与的互动，六月鲜的品牌理念也渐入人心。（来源：搜狐网）',NULL,'','','',''),
	(649,61,'','FDA 是美国食品药品监督管理局（Food and Drug Administration）的简称，它是由美国国会即联邦政府直接授权，专门从事食品与药品管理的最高执法机关。FDA 职责是确保美国生产的或者进口的化妆品、药物、生物制剂、医疗设备和放射产品的安全。它是最早以保护消费者为主要职能的联邦机构之一。FDA 由于其认证的严苛性，已经成为全球最大的食品和药物的管理机构之一。\n本次欣和企业作为 FDA 审核企业，其旗下三家工厂神州、烟台味达美、山东欣和工厂分别在 1 月 26 日、8 月 24 日、8 月 25 日接受了 FDA 审核。三家工厂均顺利通过美国\n FDA 审核，其中山东欣和创造出了 2 个小时通过 FDA 审核的奇迹。对比同行业的其它企业接近一天的检测时间，欣和又一次的创造了奇迹。同行的 SGS 检测中心，烟台商检局，对欣和企业的表现都给予了高度的评价，欣和这次的表现，给整个烟台市的食品企业，乃至为整个食品行业都树立了标杆。\n',NULL,'','','','news_150.jpg'),
	(650,61,'','能取得这样成就，与欣和人「诚相待」的价值观是密不可分，我们自己不吃的，就绝对不卖给消费者。这句看起来平实的话语，道出的正是欣和坦诚以待的做事准则，我们用对待家人的心去生产我们的产品。我们生产的产品，是为了让每个家庭可以安心享用每一餐，乐活健康每一天。这就是欣和创业的初衷，也是欣和二十多年来从业的准则。价值观是我们做事的态度和准则，有了态度和准则，还需要的是不断进步的技能，除了先进的生产设备和管理系统，专业的培训和学习也是至关重要的。欣和先后多次组织员工参与 FDA 法规、HACCP、食品安全防护、中美食品安全等相关培训，全面提高全员的安全意识和日常管理水平，确保生产流程的各个环节合理以及规范。',NULL,'','','','news_151.jpg'),
	(651,61,'','两个小时的检查过程，是欣和人二十四年的坚持取得的成就。欣和从成立之初，就立志要做一个值得尊重，值得信赖的品牌，今天，在全球最严苛的审核体系下，欣和赢得了信赖。推动健康生活新浪潮，树立行业新标杆，赢得全球家庭的信赖，是欣和对于未来的承诺。',NULL,'','','',''),
	(660,77,'','从 2012 年感恩节起，欣和携手各位厨界泰斗及其弟子、亲朋在全国开展感恩节活动，不断履行品牌「尊重 关爱 感恩厨师」的承诺，并帮助提升厨师职业的社会价值。时值 2015 年11 月 26 日，欣和味达美再次携手各地大师及其弟子亲朋参与感恩行动，从沈阳、北京到郑州、上海、成都，感恩的脚步踏过千山万水，美学的传递到达大江南北，不曾停歇。中国新闻网、新浪新闻均对欣和感恩节活动进行了报道。\n我们始终坚信，感恩存在于生活中的每个细节，我们身体力行地帮助需要帮助的人，以此完整的演绎着中国味道本有的灵魂与内涵，并努力推动中餐中国梦的向前一步！\n在北京，欣和企业餐饮服务品牌经理张勇先生与亚洲大厨屈浩大师、玉林烤鸭店总经理霍成先生及玉林烤鸭店多位大师，带着满满的爱意如约抵达蒲公英中学。蒲公英中学是北京市第一所专门为农民工子女创办的中学，是目前唯一一所非营利性的民办公益中学，所有学生均为家境贫寒的农民工子女。欣和在了解到校方的需求后，除捐赠一年使用量的调味品外，还向孩子们制作爱心午餐。屈浩大师则从食材搭配、口味调和、制作技法等角度为校厨提供膳食改善建议，帮助学校食堂用最普通的食材也能做出健康美味的菜肴。',NULL,'','','','news_207.jpg'),
	(661,77,'','在沈阳，欣和携手刘敬贤，北京屈浩，郑州吕长海、禹建海、陈进长，上海顾明钟、胡丽妹、姜介福，成都王开发、缪青元等三十多位全国厨界大师及其弟子们，前往当地儿童福利院和敬老院，为特殊儿童和老人捐赠酱油和保暖物资。',NULL,'','','','news_208.jpg'),
	(662,77,'','在郑州，欣和走进了社会福利院。带着保暖衣、围巾、棉马甲、欣和调味料、裕丰源滋补烩面，给孩子和老人送去了温暖和爱心。',NULL,'','','','news_209.jpg'),
	(663,77,'','在上海，我们带着充满爱心的欣和健康调味品、可口美味的饺子，走进了上海长宁区华阳街道敬老院。大厨们和爷爷奶奶现场包饺子互动，更是让活动现场气氛热烈……欣和会持续把关爱社会、继承敬老美德传承下去！',NULL,'','','','news_210.jpg'),
	(664,77,'','在这天，欣和携手有爱的人们，共同把更多爱给社会，传递爱，待世界如家人。（来源：中国新闻网、新浪网）',NULL,'','','',''),
	(665,63,'','烹饪是让人为之热血沸腾的事业！而果实成熟的颜色——橘红，兼具美观和营养，是最具张力，最富有激情，最让人欲罢不能的颜色！打破传统厨师服单调的黑白，成为后厨中成熟、责任的代表！欣和首款私人订制厨师服已经上线启动！\n传承中国工匠精神，精益求精，严谨专注！绣上独一无二的姓名和工匠 Logo，成为每位厨者都渴求的新战衣！\n2016 年 3 月 9 日，北京、天津、济南、大连、上海、无锡 6 城市共 16 位厨务专家齐聚欣和名厨菜品交流会，成为全国第一批拥有橘色欣战衣的烹饪者！创新融合现场 1+2。全天，16 位厨务专家，现场演示 1 道菜，展台同步展示 2 道菜，实现 1+2 的操作模式，涵盖京鲁淮川等多个菜系。',NULL,'','','','news_155.jpg'),
	(666,63,'','从早上 8 点到下午 5 点，来参观的厨师络绎不绝，几度把会场堵得水泄不通，专家们全天候场，上台认真实操每道菜品，下台更是走进人群互动，对于大家提出的问题耐心解答，涉及到的调料和汁酱现场演示调配，得到现场观众的阵阵掌声和认可！\n旭耕展位和黄飞红展位分别展出试吃了有机蔬菜和香脆椒，吸引了大批观众围观驻足，随着越来越多人重视健康饮食，酒店对于有机健康的食材的采购格外上心。\n',NULL,'','','','news_156.jpg'),
	(667,63,'','此次活动拉开了 2016 年全国厨师交流活动的帷幕，现场直接影响烟台酒店老板、厨师共\n 300 余人，线上传播影响全国餐饮人 26279 人次，不仅为当地餐饮人带去了新的烹饪思路和创意，更树立了欣和专业、健康的品牌形象，厨务顾问们身体力行地诠释着待世界如家人的欣和信念，自己不吃的菜就不要卖给消费者，真正从健康出发，专注烹饪事业，不遗余力地为中餐味道美学贡献力量！',NULL,'','','',''),
	(676,64,'','欣和从创建之初，就与「家」这个主题紧密相连，我们用对待家人的爱，生产每一款爱心产品。我们用爱心的产品，提升每个家庭的生活品质。2015 年 11 月份，欣和发布新的企业标识，新的标识代表新的责任，但仍与「家」密不可分，待世界如家人，让每个家庭健康的吃，吃得健康是欣和永恒不变的初衷。2016 年春节，我们用家的方程式作为企业新标识上市后的第一次传播主题推出，希望可以通过欣和的产品家族，激发大家重新思考自己对于家的理解。只有建筑的房子不叫家，每天陪伴家人吃饭和生活的房子才是家。欣和希望可以成为这个让房子变成家的元素。',NULL,'','','','news_158.jpg'),
	(677,64,'','家有大家，也有小家，欣和希望为千千万万的小家提供健康、快乐和便捷。欣和也希望为社会这个大家贡献自己的一份力量。公益红包项目，就是在这样一个想法上诞生的。红包，通常是我们在春节的时候包给家人的爱，但是在社会这个大家庭里，还有很多人需要关爱。因此，欣和从家的方程式出发，希望可以聚集更多的爱，传递给更多需要帮助的人。2016 年春节，我们从更多爱等于传递爱的角度，去重新思考这个年年都会有的红包设计，每个红包都设计成了家的形状，扫描红包上的二维码，欣和就会以消费者的名义捐赠 2 元的爱心基金给贵州毕节的留守儿童打造阳光少年之家。更多更多的爱，就这样一点一点的被传递出去了。',NULL,'','','','news_159.jpg'),
	(678,64,'','整个活动过程，总计有 1854 名爱心消费者参加公益红包活动，欣和又补足其他的金额，总计 20 万，用于贵州毕节四所阳光少年之家的建立，阳光少年之家是针对留守儿童的教育问题，而专项打造的公益项目，是为了给留守儿童提供课后教育的活动场地。',NULL,'','','','news_160.jpg'),
	(679,64,'','2016 年 9 月 2 日，欣和企业的小伙伴们带着浓浓的爱意，和我们的爱心消费者一起踏上前往毕节的旅途，9 月 5 号，将为这四所阳光儿童之家举行挂牌仪式。',NULL,'','','','news_161.jpg'),
	(680,64,'','蓝天白云下的毕节，希望我们的爱心可以在这里扎根发芽，希望我们的大家和所有的小家都健康和快乐。更多爱等于传递爱，欣和，待世界如家人，我们一直在路上。',NULL,'','','',''),
	(687,73,'','2016 年 3 月 12 日，第 38 个植树节。烟台大众网发起全民植树公益活动，欣和企业积极参与，在植树节当天，前往牟平龙泉共植绿色生态屏障。早在 2015 年的植树节，欣和企业食品有限公司就有 35 名志愿者积极参与到「践行蓝天责任，共建绿色烟台」植树活动中，用实际行动践行绿色公益。 \n从 2012 年至今，烟台大众网携手中国农业银行烟台分行连续 5 年开展公益植树活动，活动先后在鲁东大学、牟平区高岭镇、高陵水库、牟平区龙泉镇等地展开。据不完全统计，过去\n 4 年期间，活动累计植树 3 万多棵。\n烟台欣和企业食品有限公司志愿者告诉记者，烟台欣和企业致力于人们生活品质的改善，在提供优质的产品和服务，丰富人们健康快乐的饮食文化生活的同时，公司还积极参与植树造林，用更好的生活环境提升人们生活品质。',NULL,'','','','news_193.jpg'),
	(688,73,'','此外，记者在现场看到，烟台欣和企业还安排了厨演车，为参与植树的网友免费提供食品和饮品。来自烟台欣和企业食品有限公司的志愿者修娟带孩子参与了此次活动，她告诉记者，当知道公司参与大众网烟台频道此次植树活动后，她第一时间报名，并带孩子一同参与植树。教育要从小抓起，她希望通过此次活动，让孩子亲近大自然，懂得保护环境、爱护环境。',NULL,'','','','news_194.jpg'),
	(689,73,'','烟台欣和企业食品有限公司热心公益，成立欣和慈善公益基金，帮扶家庭贫困的大学生；开展关爱残障儿童活动，走进烟台辅读学校，关爱残障儿童；以书架桥，传递爱心，为山区捐献书本以及学习工具，为山区教育事业贡献力量；作为烟台市青企协的企业志愿者之一，每逢佳节，走访失独老人家庭，让他们在本该团聚的节日里，感受社会的温暖；除此之外，欣和每年会举办各种义工、政府捐助、SOS 慰问等活动，在员工内部开展「让爱驻我家」、「环保—从我做起」、「安全牵动你我」、「感恩有你」等宣导主题类活动。（来源：烟台大众网）',NULL,'','','',''),
	(690,67,'','知名调味品企业欣和近日携手专注于厨师上门垂直领域的 O2O 品牌爱大厨，在中秋和国庆期间联合开展了一次大型中秋家宴福利活动。此次活动是爱大厨首度与传统线下零售企业开展的合作，意在通过不同行业的跨界合作寻求更多的合作模式。对于这次合作，网易新闻、飞象网均有报道。\n此次活动以「买酱油送家宴」为主题，在中秋节及国庆节期间，欣和集团在全国重点城市的零售渠道，为部分欣和调味品添加爱大厨活动挂签，用户通过扫描挂签上的二维码了解欣和爱大厨的中秋活动，参与赢取中秋家宴免单资格，享用由爱大厨免费提供的中秋上门家宴服务。',NULL,'中奖用户在享用爱大厨中秋家宴','','','news_169.jpg'),
	(691,67,'','在此次跨界合作中，双方不仅在线下推广中相互分享优质资源，在线上也展开紧密合作。合作期间，欣和企业在微信公众号中开展了「聊聊#我家中秋那些事#赢私厨上门中秋家宴」互动活动，让用户参与讨论，为节日的到来及中秋家宴活动进行预热。据统计，欣和企业在全国重点城市的数百家零售门店提供了近 20 万瓶酱油挂签，微信公众号也在活动期间收到大量的用户互动留言，并从中整理出了不少动人的中秋故事。',NULL,'','','','news_170.jpg'),
	(692,67,'','在合作方的选择上，欣和企业作为专注研发酿造高品质调味品的知名企业，其产品贴近老百姓的厨房生活，线下市场的覆盖面广，拥有丰富的线下资源。爱大厨则拥有优秀的厨师团队与优质的上门餐饮服务，两家企业的联手，既可以让更多的用户了解厨师上门这一新的吃饭模式，为爱大厨带来用户的转化，也能通过丰厚的礼品回馈为欣和吸引更多的消费者，达到互惠互利的作用。\n中秋，欣和企业与爱大厨共同为用户送上贴心小礼品。（来源：网易新闻、飞象网）',NULL,'','','',''),
	(702,71,'','5 月 30 日，本年度中国厨师节在烟台开幕，作为本届厨师节协办单位的欣和企业参与了最大规模春饼吉尼斯世界纪录挑战。在此次传统美食春饼挑战新吉尼斯世界纪录过程中，有来自全国各大地方菜系的近百位大师进行馅料烹制及表演超大春饼的制作。现场也迎来了当地市民和大学生将近千人的队伍共同参与，大家共同为传统美食申吉助威。而葱伴侣六月香原酿酱作为大葱蘸酱不可或缺的最佳伴侣，为好吃的春饼增加了一道美味。网易新闻、信息时报、齐鲁晚报等多家媒体对本次春饼吉尼斯纪录挑战进行了报道。',NULL,'','','','news_188.jpg'),
	(703,71,'','作为本次春饼申吉活动的参与者之一，欣和企业负责人表示，美食申遗，成为当今的潮流，它不仅仅是一道美食，更是一种民族饮食文化的代表。酱在中国传承了 3000 余年，大葱蘸酱饮食文化也在山东传承了 3000 余年，绵延几千年的这么简朴的饮食，被人们喜爱的根源，在于它承载了人与自然和谐生活的印迹，饱含了人类饮食文化的智慧！今天春饼成功列入了世界吉尼斯纪录，是将中国这一简单又营养美味的饮食文化推向世界的桥梁，是我们对珍贵的世界酱文化的历史性记载，更是我们进一步创新发扬酱文化的新起点！春饼申吉也得到了烟台市政府、烟台市商务局的大力支持和指导，这也是欣和响应烟台打造鲁菜之都计划的行动之一。\n吉尼斯世界纪录为此次活动指派的认证官 Lisa Hoffman 女士在采访中说道：「春饼是山东的代表饮食，也是中国的传统美食。每种食物既展示了各地风土人情，也折射出人文价值观。相信中国的美食一定会走向全球，得到更多人的喜欢。」',NULL,'','','','news_189.jpg'),
	(704,71,'','春饼申吉作为第二十四届厨师节中人气环节之一，吸引了全国美食爱好者的关注与参与。现场观众不仅观赏到数百款春饼共同拼造而成的中国春饼全景图盛景，还能免费享用全国各式美味的春饼大餐。（来源：网易新闻）',NULL,'','','',''),
	(795,97,'','2017年,欣和公益走进菏泽市定陶区留守儿童学校\n\n五月的天，正是春末夏初。\n\n 5月19日，天空碧蓝，满目阳光。欣和公益 2017—— “童欣圆” 留守儿童关爱行动在菏泽市定陶区留守儿童学校正式启动,烟台欣和企业食品有限公司欣和公益项目组成员携手中国心理学会心理学普及工作委员会的专家和青岛职业技术学院“小马支教”的志愿者团队共同为“童欣圆”留守儿童关爱行动揭牌。启动仪式后，中国心理学会的心理专家和小马支教菏泽支教点顺利开课。',NULL,'','','',''),
	(796,97,'','',NULL,'','','','19480170476.jpg'),
	(797,97,'','菏泽市定陶区留守儿童学校是山东省创办的首家公立性留守儿童封闭学校，全校 353 名学生，近 300 名是留守儿童，其中包含十余名孤儿。',NULL,'','','',''),
	(798,97,'','',NULL,'','','','19480170931.jpg'),
	(799,97,'','通过与留守儿童接触发现，这些可爱的孩子们缺少关爱、性格自闭，与物质援助相比，孩子们的心灵更需要被温暖呵护。鉴于这样的情况，我们邀请到中国心理学会心理学普及工作委员会的专家加入，根据留守儿童的身心发展特点，开发针对性的儿童团体辅导课程，我们希望从普及心理健康课开始，逐步深入地运用心理学专业知识，激发儿童的力量，引导留守儿童建立乐观向上的心态,让他们更加积极地生活和成长。\n\n乡村小学受办学条件制约，亟需艺术启蒙教育师资支持。了解到这样的情况，我们联系到青岛职业技术学院小马支教团队，邀请他们同赴菏泽开展支教活动，他们将组织艺术类志愿者对学生进行艺术辅导,利用游戏、绘画、音乐等艺术活动,引导儿童释放负面情绪,培养兴趣爱好,丰富留守儿童的文化生活。',NULL,'','','',''),
	(800,97,'','',NULL,'','','','19480171386.jpg'),
	(801,97,'','从 2016 年春节开始，欣和公益红包开始启动，欣和消费者每扫一个公益红包二维码，欣和就会以 “消费者” 名义捐赠爱心基金用于欣和公益项目，2016 年共计捐赠爱心款 20 万，用于贵州毕节七星关区四所留守儿童“阳光少年之家”的建设，为留守儿童提供课外知识学习场所。\n\n  2017 年，欣和公益红包再次启动，截止 2 月底活动结束，共计有 1 万名爱心消费者参加活动，今年的欣和公益基金会用于留守儿童心理教育普及和流动艺术课堂，帮助孩子们身心健康发展。',NULL,'','','',''),
	(802,97,'','2017 年，欣和公益红包再次启动，截止2月底活动结束，共计有 1 万名爱心消费者参加活动，今年的欣和公益基金会用于留守儿童心理教育普及和流动艺术课堂，帮助孩子们身心健康发展。',NULL,'','','',''),
	(803,97,'','',NULL,'','','','19484673741.jpg'),
	(804,97,'','欣和一直秉承着待世界如家人，我们以对待家人的态度对待我们的消费者，关爱每一个家庭。心理普及教育并非一蹴而就，但孩子们的一点改变就会对未来的人生带来很大的影响。我们希望每一个欣和人、每一个欣和产品的消费者都能够参与进来，让我们益起来待世界如家人。',NULL,'','','',''),
	(811,90,'','「我们自己不吃的东西，就不要卖给消费者。」20 多年前，当多年生活在海外的孙德善回到烟台、一手创建欣和企业时，这句话就深深印在每一位欣和人的心中，成为企业持续发展的不竭精神动力。从当初的一袋酱，发展成为如今领先烟台、乃至全国的食品界翘楚，欣和正在引领着整个中国调味品行业的升级换代。\n\n撑起食品安全保护伞。\n\n上个世纪 90 年代，中国经济在慢慢复苏，吃饱，对于当时大部分的中国家庭来说已不是问题。但在那个刚刚摆脱物资贫乏的年代，大多数老百姓对于吃的是不是安全健康，是不是有营养品质，完全没有概念。\n\n「安全的饮食应该是每个家庭最基本的保障」，刚刚回国寻找商机的孙德善深深忧虑于当时的饮食现状。「可不可以从最简单的事情开始，让中国人的生活开始有所改观？」在孙德善看来，吃，涉及到一个人、一个家庭的健康问题，吃的安全，更是关乎整个社会的稳定。于是，酱，这个家家餐桌上都离不开的调味品，孙德善决定就从这里开始。\n\n「民以食为天，食以安为先。」从古至今，「食品安全大于天，食品安全重于山」一直是我们永恒的话题。欣和成立之初，原材料的短缺、设备的落后、老百姓对产品的不理解……种种困难没有阻挡他前进的步伐。为了让企业走的更远，欣和企业派最专业的团队远赴日本，学习领先的酱油酿造技术，并团结有想法的供应商、行业专家和观念超前的消费者逐步打破了酱油领域内日本品牌独树一帜的局面。\n\n在采访中，记者了解到，欣和多年来一直积极参与食品安全的活动，并且在国内食品企业中走在前列。欣和构建了专业、科学的食品安全保障体系，不但拥有业内首家通过 CNAS 认可的实验室，更实现了对「从农场到餐桌」TQM（全面质量管理）的现代食品安全化管理。',NULL,'','','','news_251.jpg'),
	(812,90,'# 慈善路上坚定前行 #','\n「海纳百川，有容乃大。」自企业成立以来，欣和就积极投身各种社会公益活动，带领公司员工回馈社会。「待世界如家人」，无论是对员工、消费者，亦或困难群体，欣和一直推己及人，为构建和谐社会贡献着自己的力量。\n\n2011 年，欣和投资 300 万，用于烟台市开发区校舍的改建。为了表彰欣和为教育事业所做的贡献，开发区政府在 2014 年特将「捐资助学先进单位」的称号颁发给了欣和。\n对贫困大学生的捐助，也是企业长期以来坚持的一项工作。2012 年，欣和成立「慈善公益基金」，在成立仪式上，欣和现场捐赠 35 万元，并当场资助 13 名贫困大学生。该项基金为教育慈善专项基金，专门用于帮扶家庭贫困的大学生。帮扶对象由烟台市慈善总会进行征集，欣和企业根据其家庭困难情况及学习成绩进行筛选。\n自 2012 年，欣和持续五年开展感恩节活动，走进烟台、东营、济宁、菏泽等地的孤儿院、聋哑学校，传递爱的关怀。在刚刚过去的感恩节，欣和联合来自北京、天津的餐饮大师，多家东营餐饮酒店和企业，走进东营启蒙儿童康复中心，关爱自闭症儿童，让他们感受到来自社会的温暖。\n\n与国家发展基金会实行对口援助，帮助新疆、西藏等老少边穷地区；与联合国食物营养强化联盟、国际疾控中心食物营养强化办公室合作，解决不同年龄段膳食平衡问题；与全国 20 多个城市，50 多个定点机构结盟，直接帮扶弱势群体……谈及企业的慈善事业，欣和企业副总经理姜军武谦逊地表示，真正的慈善不是捐多少钱，而是给别人一次重新出发的机会。',NULL,'','','','news_252.jpg'),
	(813,90,'# 民族味道发扬世界 #','\n随着社会经济的发展，老百姓对饮食的诉求从单纯的「吃得饱」、「吃得好」，转变为「吃得放心」、「吃得健康」，欣和也在这种变化中，敏锐地寻求到了企业的发展新机遇：从更广泛的饮食生态入手，改善食物从源头到餐桌的过程中的每一个环节，包括可持续的农业种植、可靠的饮食供应链、创新的产品研发、高标准的生产制造、便捷的零售渠道、极致的饮食体验以及全方位的食物教育。\n\n「我们希望通过持续的饮食体验和知识传播，引导人们做出对自己和环境负责的食物选择。我们期许能够通过饮食生态的推动，提升人们的生活品质，改善生态环境，为我们的子孙后代留下一片可持续的沃土。\n\n姜军武表示，风雨历程 20 载，欣和秉承初心、历久弥香，致力于成为百姓信赖的百年企业。从单纯酿造调味品，到关注消费者的餐桌，从满足不同消费者需求的多品牌策略，到打造饮食生态系统、推动食物教育，欣和的愿景是关注家庭、环境和社会，推动健康生活新浪潮，树立行业新标杆，赢得全球家庭的信赖。\n',NULL,'','','',''),
	(852,104,'','今日（ 7 月 4 日）在上海召开的米其林指南与 IDEO 联合举办的「食想」峰会，把美食与匠心两种文化进行碰撞。在这两者的背后，还有着中国餐饮文化与世界先锋标准的结合。在场包括米其林餐厅厨师、饮食文化研究者、设计师、美食与媒体行业领袖、记者等数百名现场来宾。大家围绕食之未来发展，尝试各种创意理念形式，共同打造了一场无与伦比的沉浸式美食体验。除了活动主办方的米其林指南和 IDEO 外，作为合作伙伴的欣和引起了大家的注意。',NULL,'','','','19563145056.jpg'),
	(853,104,'','成立于 1992 年的欣和是国内领先的调味品企业，遵循着「待世界如家人」的信念，一直致力于引领饮食生态的改善和中国餐饮的整体水平。20 年来，欣和当初的一袋酱，发展成了如今多品类的食品企业，欣和业务遍及国内大规模的原酿酱、顶级的高盐稀态酱油、美味方便的花生、辣椒制品、有机食品、味噌等产品的生产销售及餐饮整体解决方案和服务，建立了高效的物流销售服务体系，坚持用最高标准打造涉及饮食生态各个环节的产品和服务。\n',NULL,'','','','19563145368.jpg'),
	(854,104,'','虽然如此，但是米其林指南为了保持自己客观中立的地位，长久以来都只有诸如麦德龙、马爹利这样的固定合作伙伴，刻意避免过度商业化，而这次选择一家中国食品企业作为合作伙伴的原因则令人感到好奇。',NULL,'','','','19563181391.jpg'),
	(855,104,'','谈及促成此次合作的原动力，欣和的董事长孙德善先生说：「从微观层面上讲，每个人都有自己的一个饮食生态，我们早中晚吃什么，就只有两个地方，一个是家，一个是餐厅。总之一个是家人或者自己做，另外一个就是厨师。所以，最后到吃的瞬间就只有两个人来把关：家人与厨师。其实，很多时候，我们甚至于一天都有两餐在外面吃，因此厨师是控制饮食生态很关键的一点。如何帮助厨师对食物做出对的选择，进而提升中餐在国际的地位，这是也是欣和加入的初衷。\n\n再从广义上看，从食物源头到餐桌过程中的每一个环节，构成了宏观意义上的饮食生态系统。现在，我们明白坚持信念做一道菜，对所触及的人、环境和其他所有事物带来正面影响并不容易，因此我们鼓励尝试以更多元、开放、创新、包容的态度，学习以米其林的标准来看中国，并尊重地按照这个标准将其融入，将可信赖的中国美食带给全世界。这是我们加入这次合作的重要意义。」\n',NULL,'','','','19563146408.jpg'),
	(856,104,'','作为一家食品企业，欣和希望做到的是为人们提供更为健康的生态环境。而作为整个生态环境中的一环，厨师们的层次就变得非常重要。只有厨师们意识到自己的工作是神圣的，才能形成一个更为良好的饮食文化，最终这一切，都会提升中国餐饮的整体素质水平，形成一个更好的饮食生态。\n',NULL,'','','','19563147357.jpg'),
	(857,104,'','如果一次合作仅仅停留在利益层面，相信结果并不会多好，至少很难想象这样的合作会产生什么深远的影响。而理念上的契合，才有可能形成一个具有长久影响力的结果。',NULL,'','','','19563147695.jpg'),
	(858,104,'','正如米其林的诞生，初衷也是为了人们提供一份足够客观准确的「美食攻略」一样，足够纯粹的想法，才有了今天如此的地位。而欣和想做的，就是把这种足够单纯足够好的理念传达出来，让更多的人知道，改变我们的饮食生态，是一件多么重要的事情。带着这样的「重任」，最终才有了这次食想峰会。\n',NULL,'','','',''),
	(859,99,'','6 月 17 日和 18 日，「童欣圆」 留守儿童关爱行动的心理老师和流动艺术课堂的志愿者再次来到菏泽市定陶区留守儿童学校为全校师生开展心理辅导和艺术课堂。\n\n  6 月 17 日，「童欣圆」留守儿童关爱行动的心理老师再次来到菏泽市定陶区留守儿童学校为全校老师开展心理辅导活动，首先通过欢乐记名字的热身活动让大家彼此认识，然后将全校老师分为五组，各小组之间再互相介绍、给小组起名字和口号，然后集体亮相，增进彼此的熟悉感。',NULL,'','','','19480232265.jpg'),
	(860,99,'','在心理老师的音乐引导下，老师们把听到音乐之后脑海里面的画面感用沙具呈现出来，小组内分享，然后组长把组内成员的故事串成一个自己的故事分享给别组成员。老师们通过沙盘呈现的画面畅谈了自己对从事教师行业的自豪感，也体会到体验式沙盘游戏在挖掘自身潜能、缓解压力等方面很有效果，今后想尽可能把沙盘运用到教学中去。',NULL,'','','','19480232447.jpg'),
	(861,99,'','18 日，把关注的重点放在了孩子们身上，本次课程还是以沙盘为主要手段，以「快乐的一天」为主题，通过选取自己喜欢的沙具来完成系列任务。因为学校环境教室紧张，没有大的合适的活动教室摆的开十组沙盘，所以把活动场所选在了餐厅。\n',NULL,'','','','19480232629.jpg'),
	(862,99,'','与第一次活动不同，同学们知道「童欣圆」的老师们来了，就牺牲课间休息时间，提前布置好场地，把沙具摆好，排队在餐厅门口等待上课。尽管孩子们不善于表达，但他们用实际行动表示对「童欣圆」心理普及课程的认可。可喜的是，同学们的眼神中慢慢充满了对未知的好奇的探索，有的同学课前都会围着老师好奇的问这次课讲什么。',NULL,'','','','19480232889.jpg'),
	(863,99,'','在「童欣圆」心理老师的带领下，同学们马上投入到沙盘课程中。与上一次课程中认识自我完全不同，本期的主题就是让同学们将目光聚焦在团队精神方面，认识自己与团队的关系，亲自感受信任与被信任的成就感，在体验的过程中发现温暖自己的小细节。',NULL,'','','','19480233058.jpg'),
	(864,99,'','上午带着一二三四年级的同学们体验了团体沙盘课，下午给五六年级的三个班进行了团体辅导，通过活动，孩子们最大的感受就是开心，孩子们的开心就是我们最大的动力和追求。课程让孩子们都感受到了团队中合作的重要，促进团队成员相互之间的沟通，增进团队成员之间默契，增强团队成员之间信任。相信无论是在以后的课程里，还是在今后的生活中，孩子们都会以更好的状态去面对生活中大大小小的难题。',NULL,'','','','19484671934.jpg'),
	(865,99,'','餐厅里进行着沙盘课的同时，有的班级也迎来了孩子们期盼已久的音乐课，时不时传来同学们高低起伏的唱歌声，音乐老师先是带着孩子们回顾了一下上次课程所学歌曲《我们都一样》，然后借着父亲节的契机，跟同学们聊了一下孩子们内心比较柔软的话题，由于大部分的孩子都是留守儿童，父母常年在外打工，所以聊到父亲的时候孩子们很伤感，其实心里很思念，但是很少表达。\n\n尽管孩子们不愿早早下课，但是他们依然盼望下次课程的到来。当中午放学的铃声响起后，很多孩子追问老师：「老师你们下次还来么？」志愿者老师的回答让孩子们欣喜异常：「太好了，下学期你们还来。」看到孩子开心的笑脸，志愿者们欣慰的笑脸，更加坚定的走在公益的的路上。“\n',NULL,'','','',''),
	(866,98,'','5 月19 日「童欣圆」留守儿童关爱行动启动仪式后，中国心理学会的心理专家们和青岛职业技术学院流动艺术课堂的志愿者们就紧锣密鼓的投入到了课程之中。\n\n中国心理学会心理学普及工作委员会高文斌主任就结合地方特点开展心理健康教育给全校老师做了讲座，首先讲了青少年心理活动的一些共性例如两个逆反期、母子关系、父子关系、师生关系、同伴关系对于青少年的心理发展都具有重要作用，其次讲在这种共性之上，需要结合当地具体情况来促进青少年心理健康。\n',NULL,'','','','19480226233.jpg'),
	(867,98,'','国际沙盘心理技术应用研究院总教务长、应用心理学博士于晶老师给留守儿童学校的教师们做了体验式团体沙盘心理技术的讲解，从沙盘心理技术的历史到技术再到实际操作，将心理学知识普及到学校，为教师们提供更为便捷的心理健康与心灵成长的技能，真正发挥沙盘心理技术应有的功能，以推动沙盘心理技术在学校发挥更多、更大的实际作用。\n',NULL,'','','','19480226441.jpg'),
	(868,98,'','因为学校教学环境比较简陋，没有大的活动教室，而每个班的学生又很多，只能选在学校食堂开展体验式团体沙盘课，但这丝毫没有削减孩子们的热情，好奇的孩子们被各种各样的模具吸引住了，很快就进入了状态。在心理老师的带领下，第一堂沙盘课让他们在轻松的游戏中认识到守规则、团队意识的重要性，认识自己与团队的关系，亲自感受信任与被信任的成就感，在体验的过程中发现温暖自己的小细节。\n\n作为一种启发心智的心理技术，体验式团体沙盘心理技术更注重回归“游戏”特性，可以让师生们在专业“玩”的过程中释放压力，以积极快乐的心态来生活、工作、学习。  \n\n流动艺术课堂的志愿者们给孩子们送去音乐体验及培训课程，从音乐游戏《抢凳子》入手，调动孩子们参与音乐活动的积极性，然后带着孩子们唱《明天会更好》，激发孩子们对音乐的喜爱和对美的感受和体验。',NULL,'','','','19480226779.jpg'),
	(869,98,'','在接下来的 6 月 9 号和 6 月 30 号，「童欣圆」 留守儿童关爱行动的心理专家和志愿者们会准时出现在菏泽市定陶区留守儿童学校的课堂上，流动艺术课堂和体验式团体沙盘课会准时开讲。孩子们，我们下次见咯。\n',NULL,'','','',''),
	(896,107,'','',NULL,'','','','19578603616.jpg'),
	(897,107,'','9月20日，米其林正式发布第二版上海米其林指南，“感味米道”是此次发布会的活动主题，寓意舌尖品味的酸甜苦辣咸与人生的感受相通。上海美食的多样性和高品质在今年的米其林指南再次得到验证，共计129家餐厅成功入围榜单，其中30家餐厅荣获米其林星级餐厅，三星餐厅2家（唐阁、Ultra Violet），二星餐厅6家，一星餐厅增至22家，新入围一星的餐厅仅有4家，分别为Bo Shanghai（创意菜）、甬府（宁波菜）、大蔬无界（素食）、Jean Georges（法餐）。',NULL,'','','','19578604812.jpg'),
	(898,107,'','欣和作为“2018年米其林指南发布会”的官方合作伙伴之一，除了与米其林餐厅共襄盛举外，也期望透过这次的活动，让参与的来宾对欣和有更深一层的认识。除了生产高品质的调味品以外，欣和的事业版图还涉足零食、饮品、生鲜以及餐饮等等。而在多元化的事业版图中，此次米其林指南发布会我们希望通过“酱油”来传达欣和的价值与理念。',NULL,'','','','19578605293.jpg'),
	(899,107,'','因此，这次活动的展台设计以发酵罐里“绽放的生命力”作为整个展台设计的核心精神，通过别出心裁的展台设计让大家感受隐形的“食材”、看见时间的颜色、聆听生命的活力、触摸光阴的流逝，借由趣味的方式让大家感受到发酵罐里绽放的生命力，呈现酱油在每个阶段酿造过程中的变化，寓意时间的流逝与匠心造物的精神，以此传达欣和的价值与理念。',NULL,'','','','19578605852.jpg'),
	(900,107,'','在设计上欣和第一个想要传达的就是“时间”概念，十二角形展台上依序排列的数字是欣和的酿味者们经过无数次实验得来的完美酿造时间——六个月，参观者绕行展台，如时针摆动。为了让参观者能与欣和的设计产生互动，把时间这个概念更清楚的融入展台设计中，欣和特别将展台设计为日历的形态，每撕掉一张就代表着一天的流逝。这也如同酱油的酿造过程一样，每三十天日历就会有不同的颜色变化，这也给展览增加了些许不同的互动性与趣味性。',NULL,'','','','19578606372.jpg'),
	(901,107,'','除了视觉的盛宴以外，陈列于展台上的物品能让大家能感受到欣和创新的实验精神。尤其是欣和在酿造过程中给菌种听音乐便是一个完美的例子，音乐的激发与滋润提升了菌种的活力及生长潜力，使发酵过程达到更好的效果。此时萦绕耳边的发布会现场灵动的音乐，仿佛是寄语这一创新手法最好的共鸣。',NULL,'','','','19578610480.jpg'),
	(902,107,'','想要获得米其林指南的肯定，每间成功餐厅背后的厨师养成、食材取得、服务训练与经营哲学势必经过了反复的测验。例如在能游刃有余的将食材变化成不可思议的料理之前，基本的厨艺技术和基本的刀功不可或缺。如同一瓶酱油要达到色香味俱全的最高品质，酿造的过程绝无捷径。欣和在食品领域始终没有停下前行的脚步，放眼世界，从食物在生活中扮演的角色出发，去找寻食物创新的灵感，精进工艺、持续创新、永不止步。',NULL,'','','','19578611013.jpg'),
	(903,107,'','未来，欣和将持续传承酿造精神，不断绽放生命力，让美食成为文化的使者，透过饮食转化为令人感动的文化。',NULL,'','','',''),
	(1065,100,'',' 2017年9月14-16日，由中国食品科学技术学会主办的“第十七届中国方便食品大会暨方便食品展”将在北京国际会议中心隆重召开。多次参与方便食品展会的烟台欣和企业食品有限公司，作为调味品行业的领导企业将再次亮相方便食品展，本次欣和展位将出现在北京国际会议中心一层——特装06号。',NULL,'第十六届中国方便食品大会图片','','','19582320446.jpg'),
	(1066,100,'',' 中国方便食品大会， 已成为方便面（米粉、粉丝）、挂面、速冻米面食品、调味面制食品等产业以及加工设备、配料、冷链装备等方便食品行业的年度盛会，成为优秀企业新品发布及品牌宣传的国家级平台，是方便食品行业内的权威会议。',NULL,'第十六届中国方便食品展现场图片','','','19554389179.jpg'),
	(1067,100,'','伴随着中国经济的转型，方便食品行业也正在发生快速的格局调整。而互联网经济的强势介入，则完全改变了食品行业作为传统行业生存和竞争的法则。2017年对于方便食品行业而言，变革与创新是推动行业增长的重要动力。本次大会也将在继承往届精华的同时，在内容和形势上取得创新。以“创新与变革，让方便食品融入百姓生活”作为大会主题，吸纳和融合更多业界代表所关注的议题，为方便食品产业从源头到终端的全产业链呈现一场探讨与思考的饕餮盛宴，以权威的报告、专业的分析、更市场化的参与形式对接行业需求。会议汇聚了业内诸多权威专家的热情参与，同时也吸引了众多业内知名企业家的积极支持。与会专家和企业家将对行业的发展进行深入剖析，共同探讨我国方便食品产业发展所面临的机遇与挑战，以促进未来行业的发展与提升。',NULL,'','','',''),
	(1068,100,'','同时，与大会同期举办的方便食品展也伴随着行业的快速成长，获得了越来越多的业内关注。2017年的展示也将更加精准化对接企业需求，为企业新品发布与品牌展示提供一个良好的舞台，全方位展现方便食品领域所取得的成就，促进行业的发展与创新。也为中国方便食品新一轮的发展创造新的发展思路与新机遇。',NULL,'第十六届方便食品展会现场图片','','','19554390518.jpg'),
	(1069,100,'','本次展会欣和应邀参加，以致力于人类生活品质的改善和提升为己任，我们希望与各位饮食行业的伙伴，共同推进健康饮食新浪潮，期许通过饮食生态的推动，让消费者掌握更多关于健康生活的知识，帮助他们吃得更好，提升人们生活品质，改善生态环境。',NULL,'第十七届方便食品展会欣和展位图','','','19554391194.jpg'),
	(1070,100,'','为了您的到来，我们特别准备了特色饮食，味噌卤蛋、酱油曲奇饼干、沙茶海鲜面和一果泡醋饮品，我们带着对家人的诚恳，在这等您，期待大家关注欣和！',NULL,'','','',''),
	(1119,112,'','2017年9月26日，好食材探索之旅暨旭耕有机食材代言发布会在位于山东海阳留格庄的旭耕有机农场里隆重举行，活动特邀来自国内烹饪行业的4位泰斗级贵宾，其中包括陈学真教授、郭延祥大师、翟振光大师和范维泉大师，以及9位来自烟台各知名酒店的名厨作为代言人，更有众多行业相关人士、烟台多家知名媒体等近80位嘉宾出席。',NULL,'','','','19586791822.jpg'),
	(1120,112,'','在本次活动中，旭耕重磅推出有机农业第一阶段研究报告成果，展示了详见直观的有机种植数据。其次，旭耕也希望借助“好食材探索之旅”活动建立起一个良性的饮食沟通平台，提供烟台烹饪界了解有机好食材的机会，将饮食理念提升至健康安全的新高度。',NULL,'','','','19586792810.jpg'),
	(1121,112,'重磅推出有机农业研究成果','旭耕在此次的发布会上，为我们带来了最新的旭耕有机农业研究成果报告。研究主要围绕土壤改良与有机产品营养含量两大块进行数据分析与研究。',NULL,'芝士焗香芒贝贝南瓜','','','19586793395.jpg'),
	(1122,112,'','首先，在土壤改良方面，旭耕从2014年到2017年，持续进行土壤改良，使得大棚内的土壤有机质由2.13%大幅提高到5.67%，已经达到了土壤有机质分级里的1-2级标准（数字越小，土壤品质越高），且有机质含量还在不断增加。而在土壤微生物方面，旭耕棚区土样中也有多种菌群的含量远高于常规棚区土样。',NULL,'','','',''),
	(1123,112,'','其次，旭耕就有机蔬果的酸碱性与营养成分做了全面研究。研究中，旭耕以有机小黄瓜为检测样本，显示其钾、钙、镁含量平均值都比常规的高，可以得出有机小黄瓜较常规产品更偏碱性，而碱性食物对人体的益处也相当大。在有机蔬果的营养元素研究方面，旭耕以樱桃番茄为例，将有机栽培与常规栽培的产品作对比，结果发现，包括镁、锌、铜、铁、钾、钙、钠元素含量比常规栽培品种有明显增多，且大部分元素的含量较高。最后，在农残研究上，有机栽培较常规栽培在安全性上具有绝对优势。旭耕表示将长期继续坚持有机种植，为消费者带来更多营养健康的有机蔬果。',NULL,'','','','19586793213.jpg'),
	(1124,112,'特色有机食材成为主厨新宠','对于每一位优秀的名厨来说，食材是决定菜肴品质最关键的因素。因此，寻找好食材，了解和发现好食材背后的价值，并针对性的开发营养与安全兼具的菜肴，让饮食品质有质的改变，是这次活动中名厨们都极力支持与热情参与的关键所在。而旭耕有机农场为此提供了一个专业的行业平台，让每位厨师真正找到那份有机好食材。',NULL,'天然香薯冰湖黑糙米泡饭','','','19586793512.jpg'),
	(1125,112,'','首先，到场嘉宾们在参观旭耕自然生活馆的过程中，就开始了好食材的探索体验，一整面以有机知识为主题内容的土壤展示台吸引了众多嘉宾驻足，工作人员介绍说，旭耕通过近四年的时间坚持对土壤进行改良，通过全面的有机耕作，焕发出土壤中更多的生命活力，而有机蔬果必须要在肥沃优质的土壤里生长，才能称得上是好食材。',NULL,'','','',''),
	(1126,112,'','从有机种植上的阐述到实地的探索，名厨们走进农田与大棚，通过与种植者们的面对面交流，每个人都感受到有机蔬果在种植上的艰辛与不易，现场采摘更是最大程度地保留了食材的营养与自然本味。而农场里有机蔬果的丰富品种，也让大家惊喜连连大开眼界，比如黄瓜花、黄西葫芦、甜菜根、黑糙饭、贝贝南瓜、黄金南瓜、天目山小香薯、各类香草盆栽等，同时也激发了名厨们的创作灵感。',NULL,'','','',''),
	(1127,112,'','在之后的烹饪秀中，每位名厨结合旭耕时令蔬果、五谷杂粮等食材，从颜色搭配、营养价值、食材多样性、烹饪方式等多方面进行设计，制作出例如轻食沙拉、蔬食甜点、杂粮小食等首次亮相的9道特色菜肴，多位大师在现场对每一道菜肴进行了专业点评，更加提升了这些有机菜肴的品质。',NULL,'南瓜饭配田园沙拉','','','19586788910.jpg'),
	(1128,112,'','',NULL,'吞拿鱼沙拉','','','19586789274.jpg'),
	(1129,112,'','',NULL,'小金瓜配蜂窝米墩','','','19586789586.jpg'),
	(1130,112,'','',NULL,'中国饭店协会名厨委员会副主席翟振光先生在现场做精彩专业点评','','','19586789898.jpg'),
	(1131,112,'代言好食材 做有机饮食先锋','鲁菜泰斗郭延祥大师在活动现场曾说过：“民以食为天，食以安为先。随着各种环境污染与食品安全问题的频发，人们越来越关注有机食材。而厨师的职责就是为每个人的健康负责，为大家造福。所以，厨师必需要用好食材为顾客烹饪高品质的菜肴以保证顾客的健康。” ',NULL,'','','',''),
	(1132,112,'','中国饭店协会名厨委员会副主席翟振光先生在活动现场发言表示，选择无农残和无化肥的有机食材，是为食客做出高品质佳肴的第一步。厨师是拿着锅铲的医生，要为食客的健康负责，为食客把关和选择最好的食材！',NULL,'','','',''),
	(1133,112,'','旭耕正是意识到厨师与民众的健康饮食息息相关，所以特邀厨师作为代言人。在旭耕看来，厨师与健康饮食之间的关系密不可分。因为菜肴的品质高低主要就是来自于厨师对食材的选择，而食材品质的高低更与其源头和种植过程息息相关。长期坚持有机，并且拥有烟台和上海自有有机农场的旭耕品牌，希望通过此次活动，从烟台的烹饪界开始，让名厨们对有机有更全面的认识，对食材的挑选更为谨慎严苛，这也意味着每一道菜肴将从营养和搭配上有更好的提升，而消费者在美食的享受中也将获得更佳的体验和满足感。',NULL,'','','',''),
	(1134,112,'','因为，当掌握着饮食主导权的厨师将食材品质放在了第一位，才能让每一位顾客获得更健康的每一餐。旭耕也将在今后持续性地为烹饪界搭建一个多元化的沟通平台，将社会各界的优秀厨师聚集到一起，相互交流、分享和共勉。',NULL,'','','',''),
	(1234,113,'','',NULL,'','','','19597651671.jpg'),
	(1235,113,'','金秋送爽，9月29日，“童欣圆”留守儿童关爱行动的心理老师再次来到菏泽市定陶区的留守儿童学校，第三次为全校师生开展体验式团体沙盘心理辅导课程。欣和公益团队刚进入校园，孩子们就积极的跑过来问什么时候上沙盘课，学生们都十分欢迎“童欣圆”老师的到来。',NULL,'','','','19597653283.jpg'),
	(1236,113,'','一盘细沙，一个沙箱，惟妙惟肖的沙具，加上心理老师的引导与投入，让孩子们表达出平时深藏在内心深处的情感，心灵得到慰藉。',NULL,'','','','19597655025.jpg'),
	(1237,113,'','下午首先给一、二年级的孩子们进行了团体沙盘课程，孩子们在老师清脆的口哨声中开始了这次的探索发现之旅。针对低年级学生刚升入小学，注意力差、调皮等特点，老师首先通过欢乐的拍手小活动把孩子们的集中起来，“听到我的声音拍一下。”啪！“听到我的声音拍两下。”啪！啪！伴随着老师的指挥，孩子们有节奏地拍着小手，逐渐融入了沙盘课程之中。',NULL,'','','','19597657963.jpg'),
	(1238,113,'','沙具的吸引力真是无穷大，孩子们马上就投入到了沙盘课程之中，根据老师的指导用手心手背的方式决定选择沙具的顺序，依次地选取自己喜欢的沙具，拿到沙具之后按照自己内心的想法摆放到沙盘上，完成一系列任务的孩子们充满成就感，感受到了与学习不同的乐趣。',NULL,'','','','19597660758.jpg'),
	(1239,113,'','',NULL,'','','','19597660836.jpg'),
	(1240,113,'','高年级的同学们已经不是第一次上“童欣圆”老师的沙盘课，低年级上课的时候，其他年级的孩子们一下课就跑来食堂问什么时候轮到他们上课，知道老师来了就提前在场地外排好队列，依照秩序依次坐下将低年级没有摆好的沙盘和凳子摆好，用实际行动表示对“童欣圆”心理普及课程的认可，在小组交流的过程中也更加热烈。\n当老师问到上完今天的沙盘课有什么感觉时，孩子们高呼“开心”。各式各样的沙具不仅迅速唤起同学们的童心，也在沙盘中展现着同学们奇妙的心理世界，把无形的内心世界用适当的方式表达出来，让同学们今后用更好的状态来面对学习与生活上的问题。',NULL,'','','','19597663826.jpg'),
	(1241,113,'','9月30日，针对教师团体，“童欣圆”的心理老师继续在留守学校开展主题为“我眼中的你”体验式团体沙盘课程。老师们平时工作十分繁忙，像这种活动不多，心理老师首先准备了一个热身活动调节气氛，老师们先拉起手站成一个圆圈，通过互相捶背、揉肩做小游戏的方式拉近了彼此之间的距离。',NULL,'','','','19597666361.jpg'),
	(1242,113,'','',NULL,'','','','19597671691.jpg'),
	(1243,113,'','通过游戏环节，将老师们分为三组，每人按照对其他组员的印象来选取沙具，你看到的你的工作伙伴是什么样子的？老师们根据自己的想法挑选了沙具。选择完毕之后大家互相说对方的三个优点，这让平时忙于教学工作的老师们都十分害羞，在心理老师的诱导下，老师们逐渐放开，根据沙具袒露自己对对方的想法。组内分享完毕，小组选出一个庄家留守，其他成员换到别的组去听取别组成员的优点，通过一系列交流，放松了心情，促进了彼此间的感情。授人以鱼不如授人以渔，通过对老师的心理培训，使老师把教育方法运用到教学之中，代代传承来改变学生的未来。用心理课程的方式，我们慢慢看到了改变，欣和公益也会继续努力。',NULL,'','','','19597673147.jpg'),
	(1244,113,'','儿童是祖国的花朵，是未来的希望，单单对学生进行心理辅导只能帮助这一批学生，但是对老师们进行沙盘课程培训，就可以影响进入留守儿童学校的每一位学子。授人以鱼不如授人以渔，老师对孩子的影响潜移默化，“童欣圆”让我们慢慢看到了改变。',NULL,'','','','19597676345.jpg'),
	(1245,113,'','为了孩子们的灿烂笑容，我们一直在路上……',NULL,'','','','19597677632.jpg'),
	(1275,115,'','夏去秋来,欣和一年一度的中秋主题活动开始了, 中秋家节有欣和,每道菜都是爸妈对家人团聚的期盼,家节是家人团聚的节日,承载着家人对团圆的美好愿望.。',NULL,'','','','19599992880.jpg'),
	(1276,115,'','家节，是家人团聚的节日。家人团聚的节日，就一定会有欣和，一个待世界如家人的品牌。',NULL,'','','','19599997378.jpg'),
	(1277,115,'','欣和成立的初衷是让所有家庭吃得放心，我们坚信食物对于每个家庭的重要性。因此我们秉持着“我们自己不吃的，就不会卖给消费者，用良心做产品，欣和问心无愧”。',NULL,'','','','19599995883.jpg'),
	(1278,115,'','值此中秋家节来临之际，欣和在全国各地各大卖场、CS店、社区有着不同形式的活动来回馈消费者。',NULL,'','','','19599996624.jpg'),
	(1279,115,'','',NULL,'','','','19599997859.jpg'),
	(1280,115,'','味达美、六月鲜、葱伴侣、黄飞红等不同产品的促销，我们在促销同时进行产品组合销售，让新老顾客不仅仅品尝到我们的老产品更能品尝到我们的现产品。',NULL,'','','','19600000966.jpg'),
	(1281,115,'','2017年中秋，我们在卖场、社区邀请星级酒店厨师进入卖场、社区现场教授消费者做团圆家宴，一道道团圆家宴，每道菜使用的不同欣和产品，代表欣和对于家人团聚的期盼。',NULL,'星级主厨进社区','','','19600001304.jpg'),
	(1282,115,'','',NULL,'星级主厨在卖场','','','19600003462.jpg'),
	(1283,115,'','欣和在线下推动多品牌的联动活动，将所有品牌齐聚中秋档,并且利用母子品牌之间的关系，逐出带出欣和品牌,让消费者真正的了解欣和,了解欣和为改善饮食生态正在做的伟大事业。',NULL,'','','','19600006725.jpg'),
	(1284,115,'','',NULL,'','','','19600007193.jpg'),
	(1285,115,'','中秋家节有欣和，我们希望从更多的消费者口中听到，有欣和我们吃的放心，为此我们一直在努力，一直在前进，只为做的更好。',NULL,'','','',''),
	(1295,106,'','',NULL,'','','','19578593229.jpg'),
	(1296,106,'',' “感味米道”是今年米其林在上海举办的“2018年米其林指南发布会”的活动主题，寓意舌尖品味的酸甜苦辣咸与人生的感受相通，而米其林指南总是可以给你最佳的选择。欣和很荣幸成为米其林的官方合作伙伴之一，无论是在追求极致的饮食体验、全方位的食物教育、引领饮食生态的改善还是在多元的饮食文化创新与探索上，欣和与米其林都拥有许多共同之处。\n',NULL,'','','','19578607867.jpg'),
	(1297,106,'','虽然如此，但是米其林指南为了保持自己客观中立的地位，长久以来都只有诸如麦德龙、马爹利这样的固定合作伙伴，刻意避免过度商业化，而这次选择欣和这样一家中国食品企业作为合作伙伴的原因则令人感到好奇。\n谈及促成此次合作的原动力，欣和的董事长孙德善先生说：“从微观层面上讲，每个人都有自己的一个饮食生态，我们早中晚吃什么，就只有两个地方，一个是家，一个是餐厅。所以，最后到吃的瞬间就只有两个人来把关：家人与厨师。其实，很多时候，我们甚至于一天都有两餐在外面吃，因此厨师是控制饮食生态很关键的一点。如何帮助厨师对食物做出对的选择，进而提升中餐在国际的地位，这是也是欣和加入的初衷。\n',NULL,'','','','19578608192.jpg'),
	(1298,106,'','再从广义上看，从食物源头到餐桌过程中的每一个环节，构成了宏观意义上的饮食生态系统。现在，我们明白坚持信念做一道菜，对所触及的人、环境和其他所有事物带来正面影响并不容易，因此我们鼓励尝试以更多元、开放、创新、包容的态度，学习以米其林的标准来看中国，并尊重地按照这个标准将其融入，将可信赖的中国美食带给全世界。这是我们加入这次合作的重要意义。”',NULL,'','','','19578608595.jpg'),
	(1299,106,'','',NULL,'','','','19578608764.jpg'),
	(1300,106,'','欣和与米其林的合作开始于7月4日在上海召开的米其林指南与IDEO联合举办的“FoodForward食想”峰会，欣和作为合作伙伴出席峰会，米其林希望通过搭建一个多元化的沟通平台，推动饮食文化的不断发展。作为一家食品企业，欣和希望做到的是为人们提供更为健康的生态环境。而作为整个生态环境中的一环，厨师们的层次就变得非常重要。只有厨师们意识到自己的工作是神圣的，才能形成一个更为良好的饮食文化，最终这一切，都会提升中国餐饮的整体素质水平，形成一个更好的饮食生态。',NULL,'','http://v.youku.com/v_show/id_XMzA4MDA3MDgxNg==.html?spm=a2h3j.8428770.3416059.1','',''),
	(1301,106,'','如果一次合作仅仅停留在利益层面，相信结果并不会多好，至少很难想象这样的合作会产生什么深远的影响。而理念上的契合，才有可能形成一个具有长久影响力的结果。',NULL,'','','','19601235433.jpg'),
	(1302,106,'','正如米其林的诞生，初衷也是为了人们提供一份足够客观准确的“美食攻略”一样，足够纯粹的想法，才有了今天如此的地位。而欣和想做的，就是把这种足够单纯足够好的理念传达出来，让更多的人知道，改变我们的饮食生态，是一件多么重要的事情。带着这样的“重任”，最终才有了这次合作。',NULL,'','','','19578610740.jpg'),
	(1303,106,'','9月20日，欣和会作为 “2018年米其林指南发布会”的官方合作伙伴参与发布会，除了与米其林餐厅共襄盛举外，也期望透过这次的活动，让参与的来宾对欣和有更深一层的认识。除了生产高品质的调味品以外，欣和的事业版图还涉足零食、饮品、生鲜以及餐饮等等。而在多元化的事业版图中，此次米其林指南发布会我们希望通过“酱油”来传达欣和的价值与理念，一瓶每天每个人都用得到的酱油，背后却蕴藏着不可思议的知识量与精密工艺。因此，这次活动的展台设计以发酵罐里“绽放的生命力”作为整个展台设计的核心精神，我们期望透过这个展台的呈现，用趣味的方式让大家感受到发酵罐里绽放的生命力，敬请期待。',NULL,'','','',''),
	(1391,110,'','禾然有机品牌创立于2002年，专注有机调味的研发与创新，秉持一份善待自然的信念与责任。在品牌成立15年之际，禾然有机线上、线下联动，将有机有心意的品牌主张深深印在大家脑海中。',NULL,'','','','19608040881.jpg'),
	(1392,110,'','感恩季期间，欣和共执行372场高端卖场活动，以健康烹饪料理让顾客直接体验产品，产生购买；与新浪美食、下厨房进行线上媒体传播，共产生3326件美食作品，传播数达521万；LOHAS乐活杂志随刊禾然有机心意15年别册，全国各地共52万册；与Bottle Dream、联合国粮农组织合办520#不浪费 好食光#专案活动，引领有机生活新一代的健康生活方式，影响人数共1551万人次；每年一次的BIOFACH CHINA上海有机展以特有的“有机有心意15年 四季飨宴”的设计亮相，现场别具特色的春夏秋冬陈列设计，有机四季飨宴食单八道菜品的呈现，使得展位人气十足。',NULL,'','','','19608041752.jpg'),
	(1393,110,'#米其林三星主厨演绎有机食养艺术#','食物是人类与外界进行物质交换最主要的渠道，也是我们感知自然世界的方式。禾然有机专注有机调味品15年，提倡味之乐、食之艺、养之道的食养艺术，让有机的生活理念和方式浸润从饮食到生活的每一个方面。在高端卖场，米其林三星厨师现场演绎有机食养艺术，让顾客亲身体验食材的本味，调味品的真正滋味，学习新的使用方法，做出更美味的料理。感恩季期间，欣和在上海、广州、深圳、青岛、北京、杭州等地安排了近372场厨演活动，用有机调味品烹饪每一道菜肴，让顾客来享受美好的食物，感知有机食材带来的神奇力量，并感受15年坚持有机信念的力量。',NULL,'','','','19608042415.jpg'),
	(1394,110,'#剩食变美食 有机爱地球#','有机是对地球的温暖呵护，选择食用有机的食物，能够给地球带来更多的好处。4月地球日，欣和便联合新浪美食频道发起#剩食变美食 有机爱地球#的活动。剩食，是因购买过量、临近保质期、遗忘等各原因而随时打算丢弃的食物，但是这些食物还是能够安全食用。将剩食变成美食，节约珍惜每一份食物，将给世界带来更多的美好。活动中，各路美食家大显身手，做了鱼鳞冻、榴莲壳排骨汤、剩饭蔬菜饼、火龙果皮慕斯冰淇淋等美味，让人垂涎欲滴。',NULL,'','','','19608042961.jpg'),
	(1395,110,'#520人共聚一堂享剩食 引领新有机生活一代#','禾然有机一直在做饮食的引领者，欣和也希望引领80、90后有机生活新一代，让他们崇尚友好、乐于创享食物，珍惜食物，感恩食物。在5月20日，这样一个有爱的日子里，欣和联合Bottle Dream、联合国粮农组织在上海西岸艺术中心举办了520人的剩食派对。从几十家农场、食材供应商那里，搜寻了近千斤食物，邀请素食小白设计出全素餐单，让大家共聚一堂安静地品味食材，吃出剩食的美味。许久没有安安静静地与陌生人一起用餐，但是却在餐食的体验中品味出恋爱的味道、灵魂的感觉。专心享用，吃光盘中餐，是对食物的尊重。这样的美好行动，是在引领有机生活新一代去关注食物，不再对食物浪费熟视无睹。',NULL,'','','','19608043520.jpg'),
	(1396,110,'#BIOFACH CHINA上海有机展 品有机四季飨宴#','一年一度的BIOFACH CHINA上海有机展于2017年5月26日-27日在上海世博展览中心举行，禾然有机以“有机有心意15年•四季飨宴”的设计隆重亮相。今年的展位以“四季”为主线，春机、夏悦，秋实、冬藏，展现“四季循环，生生不息”的有机哲学。以象征四季的花草绿植进行装饰，并用木箱来呈现禾然有机传达的自然简洁的健康生活方式，用食用方法来传递产品，减少沟通成本。此外，还精心设计八道展会食单，甄选近50种食材，以健康的方式烹饪料理，遵循食物原本的味道，让大家感受四季的天时变换，品味四季的飨宴好食。食单的精致丰富，让众多观众停留展位深入了解禾然有机。欣和用顺应季节的食养艺术，来传递遵循自然的健康生活方式。',NULL,'','','','19608044144.jpg'),
	(1397,110,'#心意变绿意 毛乌素白芨滩沙地终将成绿洲#','从植树节开始，禾然有机、上海根与芽、素食星球共同发起的“画一棵树 共种一片林”互动H5活动一上线，便得到了大家的心意支持。历经三个月，在5月26日-29日，禾然有机市场部经理康女士、素食星球上海粉丝团团长郑女士、此次心意种绿代表李先生带着所有参与者的心意，一起到宁夏毛乌素白芨滩沙地种绿。共同践行持续共生的有机理念。',NULL,'','','','19608044651.jpg'),
	(1398,110,'','禾然有机市场部康女士表示，未来欣和将继续通过自身和有机心意伙伴们的品牌影响力，让更多的人在享受健康美味的有机食物的同时，也能够关心真正的有机生活方式，让更多的有机心意伙伴参与“百万植树”计划，让更多的绿色在毛乌素白芨滩沙地上延续。',NULL,'','','','19608045210.jpg'),
	(1399,110,'','禾然有机有心意15年，自然生生不息。欣和用行动来感恩大家的长期支持，在践行倡导有机健康生活方式的同时，引领可持续食尚新态度。',NULL,'','','','19608045418.jpg'),
	(1401,111,'','2017年7月13日-20日，知味•达美第二季星厨发布会陆续在石家庄、德州、泰安、沧州、郑州、淄博、大连、潍坊开展，本次发布会开展城市之多、影响餐饮圈和消费者范围之广创下史上之最。',NULL,'','','','19608068636.jpg'),
	(1402,111,'#向导师们致敬#','从4月11日导师团齐聚烟台参加餐饮创新趋势研讨会暨知味•达美第二季启动仪式开始，从9场海选到2场星厨集训，再到8场发布会，导师们努力播种餐饮未来的希望之种，倾洒谦卑的大义之心。\n流光易转，恩情难忘，导师们的殷切教导照亮了31位星厨的漫漫厨涯和似锦前程，更让全国的年轻厨师看到了作为厨师的希望与自信！',NULL,'','','','19608069286.jpg'),
	(1403,111,'','地里生长的食材是酿造调味的来源，食材与调味品经过经销商、商超来到每个酒店后厨的手中。在后厨，厨师利用食材和调味品，烹饪出美轮美奂的菜品。服务员把菜品端上餐桌呈现在消费者面前的时候，便完成了一个生态的循环。在这个过程中，厨师是承上启下的重要一环。从选料的追溯开始，他们决定了每一位消费者的健康与营养。',NULL,'','','','19608069611.jpg'),
	(1404,111,'#名厨新秀诞生#','“一路走来，是导师们的悉心教导和厨师兄弟们的陪伴，让我们在从厨之路上少走了许多弯路！也让从厨之路变得更加精彩！感谢这一路走来所有帮助我们的人！” 潍坊星厨李宁说道。',NULL,'','','','19608070066.jpg'),
	(1405,111,'','星厨们感慨，从未想过自己在饮食中的价值，更没有想到可以站上这样的舞台，在今后的烹饪中一定身体力行推行健康的饮食知识，为消费者把好原料入口第一关，让店内的消费者吃得放心，放心得吃！',NULL,'','','','19608070339.jpg'),
	(1406,111,'#本地味道厨师“造”#','饮食最能反映当地文化和特色的一种表现，在中国“一座城市，一种味道”的描述，一点都不夸张，而从当地成长起来的厨师是最能把握当地口味趋势和风向标的人。',NULL,'','','','19608070807.jpg'),
	(1407,111,'','导师与星厨共同助力地方餐饮发展，在发布会现场揭晓五汁四酱：锅包肉汁、黑胡椒汁、糖醋风味汁、藤椒捞汁、宫保汁、鱼头酱、海皇爆炒酱、飘香干锅酱、风味炒鸡酱。为地方厨师带去风味特色、便捷健康的专属调味汁。',NULL,'','','','19608071106.jpg'),
	(1408,111,'','为实现让更多中国厨师站上世界舞台这个梦醒，欣和在更多城市挖掘有潜力的年轻厨师。这个梦想并不简单，需要更多厨师的加入和努力，星厨的成长也由此开始，知味•达美将持续助力星厨成长。',NULL,'','','',''),
	(1445,117,'','为进一步增进两岸交流，同抒海峡同胞情，山东省台办组织的两岸新闻交流项目“鲁台情 一家亲”海峡两岸媒体山东行联合采风行动启动。采访团主要由台湾中评社、工商时报、联合报、旺报、新生报、台中广播6家岛内媒体和大众日报、鲁网等省级媒体组成。参访团在省、市台办工作人员的陪同下，深入济南、潍坊、烟台、威海、青岛等地采风。',NULL,'','','','19615609143.jpg'),
	(1446,117,'','10月21日上午，由烟台市台办和烟台市开发区组织部相关负责人带队的参访团抵达烟台欣和企业食品有限公司参观，参访团得到了欣和总经理——姜军武的亲切接待。',NULL,'参访团得到了欣和总经理姜军武的亲切接待','','','19614519366.jpg'),
	(1447,117,'','欣和是烟台参访活动的首站，也是参访团特别点名要求参访的企业，因为欣和子品牌——黄飞红在台湾享有极高的知名度，是台湾人民最喜爱的零食之一，从被海协会会长从大陆带回台湾赠送朋友的伴手礼，到梁静茹配图发文说明对黄飞红花生的热爱后，这股麻辣旋风一发不可收拾，一度成为返台侨胞必备伴手礼。',NULL,'参访团的台湾记者看到黄飞红产品很兴奋','','','19614519626.jpg'),
	(1448,117,'','在讲解员的讲解下，参访团参观了欣和食育体验馆，从未到过酱油工厂的参访团记者十分兴奋，对欣和的产品和欣和酱油的生产工艺表现出了极大的兴趣，一路上都在提问。',NULL,'欣和酱油的生产工艺引起参访团极大兴趣','','','19614519886.jpg'),
	(1449,117,'','在生产车间内，参访团感受到了欣和对品质的“执念”。从原料大豆开始到成品酱油生产的全过程，布控500多个管控点，保证产品的工艺和质量。在欣和长达3年的产品开发期间，多次的入户调研及数十轮消费者口味测试，已经在众多消费者心目中埋下了种子。欣和还拥有亚洲最大的高盐稀态发酵基地，以及完善的酶系研究平台、生物发酵平台及产品应用平台，而“自己不吃，就不要卖给消费者”更是欣和对每一款产品的严格要求。中国调味品行业首金-“全球食品工业奖”、全球食品科技大会给予的“主席特别奖“、亚沙会指定调味品、金砖五国会议选用调味品……一系列荣誉便是对欣和最好的认可。',NULL,'','','','19614520627.jpg'),
	(1450,117,'','',NULL,'','','','19614520731.jpg'),
	(1451,117,'','随后，参访团成员在美食体验教室品尝到了欣和自制的脱脂豆腐、酱油口味的冰激凌、醯官醋和黄飞红系列产品等。尤其是黄飞红的麻辣小鱼干花生和麻辣小虾花生获得了参访团队的热烈点赞和追捧。海鲜和花生看似陌路的两种食材，经过料理之后的完美碰撞，才有了味蕾上的绝佳体验。参访记者们对黄飞红赞不绝口，希望两种新品能尽快推广到台湾。',NULL,'','','','19614521238.jpg'),
	(1452,117,'','姜军武总经理指出：“欣和能生产如此有创意的产品，很多时候是依靠消费者的参与。在欣和，消费者不仅是产品的体验者，更是研发者，他们将需求和想法说出来，欣和为他们完美呈现，所以消费者的支持才有了欣和的今天。”所以，欣和打破传统企业和消费者“闭门锁户”的关系，大开厂门邀请消费者到厂参观指导和体验。通过一系列互动，消费者不仅了解了酱油的制作过程，而且提出中肯的改善建议，对欣和的品质也更加信赖。',NULL,'','','','19614521654.jpg'),
	(1453,117,'','欣和作为两岸交流合作的受益者，努力发挥自身优势，争取成为烟台对外交流的城市名片之一，也希望以这次活动为平台，推介山东的经济文化发展现状，加深台湾同胞对山东的了解，促进两岸更好的交流，扩大双方的交流合作。',NULL,'','','',''),
	(1460,118,'','十年躁动青春，十年风雨陪伴。黄飞红见证了你从青涩到历练、从年少向成熟的华丽蜕变。',NULL,'十年麻辣传 青春不散场','','','19619027493.jpg'),
	(1461,118,'','为庆祝麻辣花生面世10周年，欣和为黄飞红的众多粉丝带来了一场 “十年麻辣传，青春不散场”的主题庆典活动。',NULL,'重温快乐无限的青春故事','','','19619027740.jpg'),
	(1462,118,'','活动期间，精彩纷呈的线上活动让我们重温快乐无限的青春故事，追剧、翘课、通宵、游戏，肆意胡霍的青春。线下，黄飞红带领家族所有产品走进了各大城市楼宇、校园、超市、店铺，和所有黄飞红的铁粉们共度麻辣时光。',NULL,'黄飞红陪伴左右','','','19619028078.jpg'),
	(1463,118,'','十年时光成就了非凡的你——解的了函数，搞的定方案；穿得了运动鞋，hold住恨天高；秀得了街舞，谈得来商务；追得了言情，看得了财经。十年的肆意时光，一直都有黄飞红陪伴左右。',NULL,'麻辣主义的引领者','','','19619028455.jpg'),
	(1464,118,'','十年麻辣，黄飞红坚持每一袋产品的真材实料干脆劲爽。至2017年，黄飞红已走进40多个国家和地区，将我们所专注的麻辣功夫美味带给全世界的美食爱好者。作为麻辣主义的引领者，我们希望每个人都可以吃的放心、吃的爽、吃的有活力！',NULL,'','','','19619028741.jpg'),
	(1465,118,'','你走过十年青春，黄飞红走过十年麻辣，让青春与麻辣再延续下个十年！',NULL,'','','',''),
	(1466,108,'','2017年6月2日，欣和葱伴侣品牌代表、研发部代表、酱工厂代表齐聚山东章丘共同庆祝葱伴侣23岁生日。本次生日会还有幸邀请到同是6月生日的消费者、20名与欣和信念一致的厨师朋友和欣和的合作伙伴——济南章丘市双山味达美商店经理万光先生，共同见证葱伴侣23年的成长。',NULL,'葱伴侣23年了','','','19606869672.jpg'),
	(1467,108,'','上午十时，葱伴侣生日会在品牌经理董涵中女士饱含深情的故事分享中徐徐拉开帷幕：“葱伴侣是欣和旗下第一个品牌，创建于1994年，它伴随欣和发展，始终坚守‘我们自己不吃的东西，就不要卖给消费者’的信念，与时俱进，开拓创新，成长为深受大众喜爱的、最专业的原酿酱品牌。葱伴侣6月香诞生于6月，因此每年的六月欣和家人都会为葱伴侣庆祝生日，今年葱伴侣成功推出了900+新品，希望给本次生日会带来不同的意义。”',NULL,'葱伴侣6月香诞生于6月','','','19606870114.jpg'),
	(1468,108,'','葱伴侣之所以能成为原酿酱专家品牌，背后离不开强大的研发团队，本次生日会他们首次走到向台前，现场讲述从原料到原酿酱心路历程。23年来，葱伴侣由一袋酱开始，逐步发展到拥有6月香系列、黄豆酱系列、袋装酱系列的酱家族，逐步成为中国原酿酱的代名词。',NULL,'同是6月生日的朋友们在烛光中许下美好愿望','','','19606870400.jpg'),
	(1469,108,'','本次生日会的亮点是花式炸酱面比赛的举办，到场来宾各显身手，秀出不一样的炸酱面，将本次生日会推向了高潮。生日颂的悠扬旋律轻轻伴唱，葱伴侣23岁生日会已接近尾声，印有“葱伴侣23岁生日快乐“字样的生日蛋糕被工作人员推上舞台，同是6月生日的朋友们在烛光中许下美好愿望，在欢快的歌声中庆祝葱伴侣生辰，在热烈掌声中接受来自台下朋友的祝福。',NULL,'葱伴侣生辰在欢快的歌声中完美落幕','','','19606870777.jpg'),
	(1470,108,'','2017年，对于葱伴侣是意义非凡的一年，这一年葱伴侣先后推出了900+黄豆酱、718+200G系列，以崭新的形象进入大众视线。23年，足以让一颗小树苗成长为枝繁叶茂的参天大树；23年，葱伴侣的足迹遍布祖国大江南北，成为中国百姓饭桌上的放心选择。23年，见证了太多欣和人的成长与蜕变，23岁的生日对于葱伴侣来讲，有着不同寻常的意义。欣和会秉承初心，让葱伴侣原酿酱的健康理念走进更多家庭。',NULL,'','','',''),
	(1479,114,'','',NULL,'','','','19599977332.jpg'),
	(1480,114,'','近日，备受世界瞩目的金砖国家领导人第九次会晤在厦门开幕，1200多位嘉宾围绕“深化金砖伙伴关系，开辟更加光明未来”这一主题深入交流探讨，凝聚共识，共促金砖国家经贸交流与合作。作为金砖国家领导人厦门会晤招待用调味品，欣和生产的豆瓣酱、豆酱、六月鲜、有机糙米醋、黄飞红脆椒等八款产品齐齐亮相国宴餐桌，为各国政要和嘉宾们带去健康、口感纯正的中国美味。',NULL,'会议食品供应方验收产品','','','19599977579.jpg'),
	(1481,114,'#品质是最好的敲门砖#',' 欣和产品如何能登上金砖国家领导人厦门会晤的餐桌？是因为我们立志从更广泛的饮食生态入手，改善食物从源头到餐桌过程中的每一个环节，包括食物的来源、生产加工的方式，以及所有与饮食相关的体验。',NULL,'','','',''),
	(1482,114,'','2017年六月初，离金砖国家领导人第九次会晤开幕还有三个月的时间，会议食品供应方找到我们，透露此次金砖五国领导人国宴需要用到高质量的调味品，对食品使用及流通环节提出极高要求，供应方通过内部严格筛选，选定欣和生产的葱伴侣300g豆瓣酱、500g豆瓣酱、500g黄豆酱、六月鲜500ml特级、500ml红烧、380蒸鱼、500ml有机糙米醋、308g黄飞红脆椒共八个产品做为此次会议的使用产品，为各国领导人和嘉宾提供纯正的“中国味道”。',NULL,'产品整装待发运往厦门','','','19598815574.jpg'),
	(1483,114,'','我们接到通知后，深感责任重大，为确保产品绝对安全，供应的商品从原材料到生产环节进行全程监控，并指定专门负责人跟进该生产过程。八月下旬，将峰会需要的产品交接给食品供应负责单位，圆满完成任务。此次负责供应金砖国家领导人厦门会晤国宴调味品，对欣和来说是一份荣誉，也是一份考验，烟台的欣和用品质证明自己具备承接国宴的实力！',NULL,'','','',''),
	(1484,114,'','欣和产品是许多重要国际级会议餐桌的“常客”。无论亚沙会，还是上合组织系列活动以及本次金砖国家领导人会晤，欣和都用品质收获了海内外宾客的一致称赞。',NULL,'','','',''),
	(1485,114,'#欣和致力于推动食品安全#','“民者，国之根也，诚宜重其食，爱其命。”从古至今，民以食为天，食以安为先。食品安全大于天，食品安全重于山。欣和从1992年创建之初开始，就把产品质量看做是命根，秉承着“我们自己不吃的东西，就不要卖给消费者”的理念，严格践行绝对产品质量标准。',NULL,'','','',''),
	(1486,114,'','20年来，欣和从当初的一袋酱，发展成了如今多品类的食品企业，建立了高效的物流销售服务体系，坚持用最高标准打造涉及饮食生态各个环节的产品和服务。正是这一系列的标准和要求，让欣和一直“不忘初心、继续前进”，欣和产品亮相金砖国家领导人厦门会晤也并非偶然。',NULL,'','','',''),
	(1487,114,'','目前，欣和已经拥有十家先进的食品酿造工厂，11个产品品牌，其中包括以发酵为核心工艺的调味品品牌，专注有机的有机食品品牌以及新推出的健康饮用醋品牌，另外还拥有休闲零食品牌。不仅如此，2013年欣和还创建了自有有机农场品牌和电商平台。从烟台走向了全国，又走向了全世界。',NULL,'','','',''),
	(1488,109,'','在如今快节奏的社会生活里，外出就餐已经成为一种新的生活常态，在每日高达1/3的外食比例中，执掌食客每一餐的厨师的责任感变得尤为重要。如何让消费者吃得健康，如何让消费者吃地有新意，已经成为每一名餐饮从业者必须考虑的课题，也是欣和始终牵挂在心头的大事。  ',NULL,'','','','19621357015.jpg'),
	(1489,109,'','“让厨师对食客有担当，使食客对食品有信心”——很多时候，最简单的道理，需要最多的努力才能完成，欣和从未放弃这种努力。基于这样的考量，欣和迫切地希望厨师能够从后厨走向台前，能够让更多人了解他们在饮食生态中所担当的角色，能让食客在每一餐的体验中，实实在在地获得益处。在这个契机下，“使能厨师”应运而生。',NULL,'','','','19621358783.jpg'),
	(1490,109,'','Enabling Chef——为年轻的餐饮从业者们，搭建了一个自我展示的广阔舞台，同时也是一个学习如何与食客们沟通的重要途径。欣和挖掘、锻炼、提高年轻厨师的菜品创作能力、自我展示能力和感悟食客内心的能力，并将它们运用到“一箪食一豆羹”的创作当中，使厨师真正成为维系消费者健康和味觉感受的第一人。欣和对每一位富有责任感的厨师，都报以最高的期许和尊重。',NULL,'','','','19621359290.jpg'),
	(1491,109,'','作为承接2016年第一季“知味•山东”星厨选拔赛的有力续作，2017年4月13日，欣和味达美EC活动在烟台正式打响。活动由“味达美餐饮业创新趋势研讨会”和“星厨选拔”（共三阶段，全国42城市开展）两部分组成，将历时一年，旨在全面提高中国消费者的饮食生态环境，并为年轻的厨师们的成长，更添助力。',NULL,'','','','19621359186.jpg'),
	(1492,109,'','在创新论坛中，来自全国各地的70多位餐饮业大咖，一同云集到山东烟台——欣和企业的所在地，共同交流了餐饮行业的最新前沿趋势，并围绕“餐饮宏观市场、国际餐饮发展趋势、餐饮从业者谈餐饮”等主题，共同讨论分享了许多富有建设性的内容，同时对中国餐饮未来创新之路，进行了更深层次的探索和展望。',NULL,'','','','19621359420.jpg'),
	(1493,109,'','随后，“知味•达美”星厨选拔活动在郑州、泰安、石家庄等四省份九城市重装登陆，打响了2017年度欣和味达美使能厨师（Enabling Chef）活动的第一炮。最终来自九座城市的31位星厨通过层层选拔，获得了2017“知味•达美”的星厨称号，他们将面临更多的挑战，并肩负引领更多消费者共同改善中国饮食生态的光荣使命。',NULL,'','','','19582281407.jpg'),
	(1494,109,'','',NULL,'','','','19621364048.jpg'),
	(1495,109,'','欣和人恪守着“国以民为本，民以食为天，食以安为先”历史训诂，砥砺前行，不忘初心，始终将每一位消费者的三餐当做企业的生命线。生命不息，本味不改，欣和会在生命延续的旅途上，一路前进。',NULL,'','','',''),
	(1532,119,'','',NULL,'','','','19625722636.jpg'),
	(1533,119,'','',NULL,'','','','19625723585.jpg'),
	(1534,119,'','2017年8月15日，烟台蓬莱机场的欣希望游园开业了，位置在8-9号登机口前方，从2016年10月份开始筹划，从构思、设计、施工到开业，历时300天。',NULL,'','','','19625720361.jpg'),
	(1535,119,'','下一代的健康成长，是未来的希望，欣和一直关注下一代的健康成长。这个社会由很多家庭组成，有幸福的家庭，也有需要帮助的家庭，相比于用我们的爱心产品回馈幸福的家庭，我们还希望用我们的力量帮助需要帮助的家庭，特别是这些家庭中正在成长的孩子们。帮助孩子们看外面的世界，学会烹饪食物，学会如何照顾自己，照顾家人。',NULL,'','','','19625717839.jpg'),
	(1536,119,'','欣希望游园的名字是由欣和和希望组成的，以欣和的英文名字Shinho为主，在字尾加上PE组成HOPE（希望），象征孩子们不但是父母的希望，而欣和致力于改善饮食生态的使命也期望能赋予孩子们希望。',NULL,'','','','19625725964.jpg'),
	(1537,119,'','',NULL,'','','','19625721362.jpg'),
	(1538,119,'','欣希望游园的设计来自于“家”的概念， “家”是欣和的核心理念，也驱动了我们把对家人的关爱、支持和理解注入我们的产品，欣和的事业围绕家庭展开。家的形状结合微笑的线条代表欣希望游园，游乐园是一个充满欢笑的地方，每个到游乐园的小朋友都是开心和充满期待的心情。互动的玩具来自于产品的衍生形象，葱伴侣形态的地堡造型、黄飞红麻辣花生形态的攀爬造型。 ',NULL,'','','','19625719113.jpg'),
	(1539,119,'','',NULL,'','','','19625725249.jpg'),
	(1540,119,'','欣希望游园有专门的工作人员打理，每天早九点到晚九点营业，欢迎家长和小朋友们光临。希望在欣和家的游乐园里，永远是充满希望的正能量场所，让更多的爱不断的传递，让同在蓝天下的孩子们，开心的成长，健康的成长。',NULL,'','','',''),
	(1555,121,'','',NULL,'历年有机月海报','','','19630279123.jpg'),
	(1556,121,'','11.17中国有机日，意为“我要有机”，今年有机月的主题“地球的欢愉”，意喻自然万物和谐共处，共享自然。禾然有机，师法自然万物共美的品牌意涵，体现的就是一种可持续的健康生活方法，从衣食住行到心灵层面，朴素且有责任的美好生活态度。',NULL,'师法自然万物共美','','','19630279747.jpg'),
	(1557,121,'如何让地球因有机更欢愉','《杂食者的两难》说到：“亲手种植我们本身消费的食物，是我们能为环境所做的最棒的事情之一”。当我们食用有机种植或者自然农法种植的食物、绿色出行、尽量选择对环境友好的生活方式，每个人的改变都会让环境更美好。',NULL,'剩食也欢愉','','','19630280865.jpg'),
	(1558,121,'','禾然有机作为国内专业的有机调味品品牌，因为一份善待自然的心意，从一瓶有机酱油开始进入有机行业，无论是从原材料的选择还是到自我苛刻生产过程，都严格遵循有机可持续的原则，希望让消费者从全有机厨房调味品轻松开启有机生活，让自己及家人乐享食材安心本源真味，让环境也因我们的选择更永续。',NULL,'有机月海报','','','19630281619.jpg'),
	(1559,121,'','十月末的LOHAS市集开启了有机月的第一棒，让大家提前感受有机的氛围，为乐活族群传递绿色永续的生活方式。有机月，禾然有机、胡删老师（有机推广第一人）联合发起方在全国各地举办丰富多彩的庆祝活动：“剩食也欢愉”、“全国厨演秀”、“每一步•皆有机”“素食的欢愉”……通过回归自然、富有生命力的生活方式来改变我们的现状，让天空能够更蓝、水源能够更清澈、空气能够更清新。',NULL,'','','',''),
	(1560,121,'青春步履随心而动 有机生活触手可及','11月4日—11月10日，禾然有机与walkup联合推出“每一步 皆有机”的限时挑战活动，累计完成步数目标任务，将会获得不一样的目标奖励，其中最大奖是价值248元的禾然有机全有机厨房调味品礼盒一份。乐活有机生活的触手可及，就从每一步丈量开始，一起来挑战！',NULL,'','','','19630282191.jpg'),
	(1561,121,'欣和两大有机品牌 分享温暖食物料理','11月1日-11月30日，禾然有机、旭耕有机农场与新浪美食共同发起“一餐温暖欢愉 有机触手可及”的线上美食比拼活动，美食博主们通过申请禾然有机提供的亲子组、烘焙组、综合组不同组别的全有机厨房调味礼包以及旭耕有机农场提供的有机食材包，通过审核即可获得。美食博主们需要使用获得礼包进行撰写标题为“有机触手可及+菜品名称”的美食博文，分享自己心中的温暖菜，并说一说自己的有机心得。你最拿手的温暖菜是什么呢？关注新浪美食博客，不妨来参与制作，与更多的人分享温暖食物料理的爱。',NULL,'一餐温暖欢愉','','','19630282659.jpg'),
	(1562,121,'禾然有机全国厨演 美食点缀你的生活','禾然有机全有机厨房调味品已覆盖全国50多个城市几千家卖场和有机店，上海静安久光、上海国金citysuper、杭州大厦、南京金鹰国际、深圳万象天地Ole、广州太古汇Ole十一月有机月期间将在北京亚运村华堂、大连山姆会员店、烟台佳世客、青岛海信广场、等高端卖场进行厨演秀，用有机健康食养料理答谢各位新老顾客，一起让有机触手可及，从厨房的点滴开始。欢迎全国各地的HONA粉前往品尝，还有禾然有机15周年暨有机月限量版礼物赠送。\n更多活动，敬请关注禾然有机官方微信号。',NULL,'禾然美食','','','19630283374.jpg'),
	(1563,120,'',' 2017年11月10日-12日，由中国调味品协会主办的“第十三届中国（国际）调味品及食品配料博览会”（简称CFE中国调味品展）将在广州琶洲国际会展中心举办，调味品行业领军品牌企业欣和集团将参展，这也是欣和集团连续多年参与这一调味品行业年度盛会，本次参展欣和展位号是A082，欢迎业内合作伙伴莅临参观洽谈。',NULL,'CFE2017中国调味品展欣和展位效果图','','','19630261807.jpg'),
	(1564,120,'','一直以来，欣和待世界如家人，秉持“自己不吃的东西，就不要卖给消费者”的淳朴理念，精益求精不断创新发展，从最初的味达美、六月鲜、葱伴侣等畅销产品，精准延伸品牌价值，拓展可持续的农业种植，打造可靠的饮食供应链，保持创新的产品研发理念，坚持高标准的生产制造，打造更广的覆盖面，从数字平台到实体销售，从大城市到农村，从中国到国外，希望每一个家庭都能接触到欣和的产品，告诉更多的人如何去吃，如何吃得健康。本次调味品展会，欣和将携旗下黄飞红、六月鲜、味达美、禾然有机、六月香葱伴侣、有所思、醯官醋等品牌家族成员盛装亮相，产品涵盖酱油、食醋、酿造酱及有机食材，品类丰富。',NULL,'2016年欣和参加中国调味品展展位','','','19630269555.jpg'),
	(1565,120,'',' “家”是欣和的核心理念，也驱动了我们把对家人的关爱、支持和理解注入我们的产品，欣和的事业围绕家庭展开。欣和本次的展位设计以“家”为设计原型，将展区设计成了房子的形状，整体以欣和logo的颜色——橙色为主色调，给人温暖、阳光、自然的感觉，内部分为产品展示区、照片墙、操作区、体验区。',NULL,'','','','19630451217.jpg'),
	(1566,120,'','在本届展会中，欣和将联合知名星厨现场烹调，准备了美味的菜肴与饮品欢迎大家的参观时品尝，包括法式百里香红酒牛肉、蔬菜色拉、味噌南瓜汤、上海红烧汁炆猪手、曲奇饼干、百香果醋饮，适逢双十一购物节，欣和天猫官方旗舰店也将推出重磅福利，为众多到访客友精心备置的大礼即将闪耀登台！更多精彩，请持续关注欣和动态！',NULL,'','','',''),
	(1639,123,'','今天，2017年第十三届中国（国际）调味品及食品配料博览会在中国广州琶洲国际会展中心盛大开幕！此次博览会由中国调味品协会权威主办,作为调味品行业的标杆展览会，每一届都令人耳目一新、亮点纷呈。CFE2017中国调味品展展览面积突破四万平米，汇聚近两千家知名品牌加入，欣和等多家相关企业及全国调味品经销商出席了展会。',NULL,'欣和展位A082','','','19633894735.jpg'),
	(1640,123,'','',NULL,'欣和展位现场图片','','','19633895476.jpg'),
	(1641,123,'聚焦盛会•稳步攀升的CFE2017','2017年，我国调味品行业依然呈现稳步发展的态势，行业内企业在面对市场变化时，积极提高应变能力，通过供给侧结构性改革，调结构、促转型和谋发展，并在产品创新、产业链延伸、体制创新和商业模式转换方面取得新的突破，推动了调味品行业的转型升级和创新发展。\n今年的调味品展追随大环境变革做出改变，不仅为众多专业买家奉献亚洲规模最大、影响力最大的调味品展会，带来更多的产品信息和创新产品，更是组织了一系列丰富多彩的行业论坛、推广会、美味新生活新概念等特色活动。通过全景展现、生动体验、全球同步实时网络直播，帮助用户和消费者体验更具创意与品位的美味新生活服务，为走在最前沿的美味领军品牌提供更新颖的时尚秀场。\n',NULL,'','','','19633897335.jpg'),
	(1642,123,'美味体验•创新发展的欣和','欣和本次的展位设计以“家”为设计原型，将展区设计成了房子的形状，让来往客商感受到欣和“待世界如家人”的理念。体验区作为欣和特别设计的展示的区域，受到了参观者的欢迎。往来客商不仅能了解产品的特点，更有直接的品尝体验，百里香红酒牛肉、味噌南瓜汤、上海红烧汁炆猪手获得大家的一致好评。',NULL,'','','','19633898544.jpg'),
	(1643,123,'','',NULL,'上海红烧汁炆猪手','','','19633898765.jpg'),
	(1644,123,'携手未来•共同打造饮食新生态','',NULL,'','','','19633900858.jpg'),
	(1645,123,'','本次展会活动全面推广因调味带来有品位的美味新生活理念，这与欣和对未来的愿景不谋而合，为让家人安心享用每一餐，乐活健康每一天。欣和立志从更宽广的角度出发，引领饮食生态的改善，推动健康生活新浪潮，树立行业新标杆，赢得全球家庭信赖。',NULL,'','','',''),
	(1646,124,'','',NULL,'','','','19634700670.jpg'),
	(1647,124,'','11月10日，“有机主题巡讲”正式启幕，欣和旗下两大有机品牌——禾然有机、旭耕的灵感碰撞，绚烂了整个有机月。禾然有机作为国内专业的有机调味品品牌，希望让消费者从全有机厨房调味品轻松开启有机生活；旭耕农场采用可持续的有机耕种方式，摒弃任何化学农药、化肥、转基因技术等，让自己及家人乐享食材安心本源真味，让环境也因我们的选择更永续。',NULL,'','','',''),
	(1648,124,'有机巡讲，让你与有机更近一步','',NULL,'美女讲师引导我们走进有机的世界','','','19634704635.jpg'),
	(1649,124,'','何为有机？无添加、不妄为，就是有机。现场美女讲师徐徐引导我们走进有机的世界。日常生活的方方面面：衣食住行，都可以窥见有机的身影。享受明媚的阳光，呼吸新鲜的空气，饮用无污染的水，不吸烟少饮酒，适度运动，保持良好的作息、平衡的心态……',NULL,'有机佳肴','','','19634705064.jpg'),
	(1650,124,'','',NULL,'有机菜品','','','19634705194.jpg'),
	(1651,124,'','地球是我们所有福祉的源泉，是繁荣的基础。秉持\"耕耘快乐 分享爱\"的理念，我们传递“可持续的自然生活”态度。让有机的理念与方式，浸润生活的每一个方面，充分享受生活滋味的艺术。',NULL,'','','',''),
	(1652,124,'手工香皂，点亮你的有机新生活','在这个强调绿色环保的时代，手工皂蔚为风尚，今天禾然有机和旭耕的小伙伴们，给你一个装点生活的理由，手把手教你制作手工香草皂。',NULL,'制作手工香草皂','','','19634705831.jpg'),
	(1653,124,'','其实与普通香皂相比，手工香皂因含有大量的甘油，不仅有很好的保湿效果，而且对肌肤非常温和，同时手工香皂还很有利于环保。因为手工香皂与化学清洁剂不同，在与水接触后大约24小时后，会被细菌分解成水与二氧化碳。因此就算流到河川或大海，都不会造成环境的污染。',NULL,'','','',''),
	(1654,124,'有机大餐，乐享食材安心本真味','',NULL,'乐享食材本真味','','','19634706364.jpg'),
	(1655,124,'','产自旭耕农场的有机果蔬、五谷，经过禾然有机调味品的添拌和精湛厨艺的洗礼，形成佳肴挑逗你的舌尖、味蕾。现场的一位参与者在品尝有机料理后，这样说到：“有机菜从外观看没有什么特别之处，但是真正吃到嘴里就不大一样，仿佛找到了小时候的味道。”',NULL,'小时候的味道','','','19634706611.jpg'),
	(1656,124,'','也许这正是生活的本源，本真的味道，本真的回忆，让人心驰神往。',NULL,'','','',''),
	(1657,124,'下午香茶，陪你看庭前花开花落','活动尾声，主办方为各位参与者献上了有机茶叶，并举办了抽奖活动，整个活动在全体观众对茶的品味中徐徐落下帷幕。',NULL,'','','','19634707053.jpg'),
	(1658,124,'','有机生活，Organic Life，是一种能够接近自然、关爱生命、关心他人、分享快乐的生活态度，是一种关注持续健康的生活方式。有机月，共倡议，因你我的努力，让地球更欢愉！',NULL,'','','',''),
	(1671,122,'','',NULL,'','','','19630599456.jpg'),
	(1672,122,'','在这个作物丰收、蔬果飘香的金秋，旭耕迎来了第四个生日。源于一份对于土地和自然的热爱，坚持一份责任与梦想，旭耕致力于可持续发展的农业种植方式，构建科学化、规范化的农业生产体系，我们始终坚信今天的土地是从子孙后代手里借来的，只有好的土壤和水源才会有好的作物，我们与环境共存，我们的事业从自然而生。\n',NULL,'','','','19630599989.jpg'),
	(1673,122,'','欣和旭耕农场创建于2013年，位于山东海阳及上海崇明，面积各近1000亩，农场采用可持续的有机耕种方式，摒弃任何化学农药、化肥、转基因技术等，最初只是为了让员工吃到有机蔬菜，后来才发现可以帮助更多的人理解有机种植的意义，与更多的坚持有机种植的小农一起，改变我们的生存的环境、土地、水和空气。',NULL,'','http://v.youku.com/v_show/id_XMzE0MDk1NTE2OA==.html?spm=a2h3j.8428770.3416059.1','','19630600457.jpg'),
	(1674,122,'','经过4年有机农业摸索，旭耕“养活”了近2000亩土壤，产出活性食物共约793吨；经过4年蜕变与积淀，在这个11月里，旭耕把所有成长的收获，通过有机月回馈与你分享。',NULL,'','','','19630600782.jpg'),
	(1675,122,'','四年来，旭耕在可持续农业的征程中，取得了显著的成果：持续的土壤改良，有机质含量由2.13%大幅提高到5.67%；持续生产出活性食物，随机检测显示，旭耕有机蔬果的营养元素含量高于预期数值。',NULL,'','','','19630601029.jpg'),
	(1676,122,'','为感恩一直以来陪伴旭耕坚守有机事业的小伙伴们，我们精心策划了贯穿整个11月的6场主题活动（大咖请你吃有机菜、有机公益微课堂、营养师组团“食源探秘”、有机主题巡讲、旭耕4岁庆生趴、有机知识线上大挑战），4档回馈福利（买宅配蔬菜卡送宅配米券、会员专享心意礼、联动双十一 天猫折扣享到手软、全国蔬果专柜购菜送礼），共同拉开“有机生活月”序幕。\n我们将始终保持与土壤的友善关系，也希望将土地的心意带给更多人。',NULL,'','','','19636949488.jpg'),
	(1778,93,'','2016 年 11 月 24 日，欣和联动厨届大师黄浩新、赵建平等，走进山东东营、济宁、菏泽三大城市的儿童福利院、启蒙儿童康复中心等地，给这些孩子送去善款和书籍，让他们感受来自社会的温暖，欣和希望助力厨师传承恩师精神，发扬厨界美德，履行厨师的社会责任，影响更多的人加入，凝聚更多的爱，一起传递爱。',NULL,'','','','news_262.jpg'),
	(1779,93,'','从 2012 年感恩节开始，全国各地的厨界泰斗累积 20 多位，包括王义均、屈浩、周元昌、胡丽姝、刘敬贤、董长作、吕长海、杜西峰、肖见明、张献民、白庆华、卢永良、孙昌弼、韩密和、王和平、张文海、郑新民、郭延祥、董一增等携同弟子，每年坚持为残障儿童、孤寡老人、环卫工人等社会需要关爱和帮助的群体送去御寒物资和食物，用自己的方式履行社会责任，回馈社会。',NULL,'','','','news_263.jpg'),
	(1780,93,'','今年的感恩节恰逢「知味・山东」活动，所以今年的感恩活动在山东三大城市同时展开，欣和携厨师们走进启蒙儿童康复中心、儿童福利院、留守儿童学校，为这些孩子带去调味品和书籍的同时，厨师们用心为孩子们准备了健康、美味的午餐，跟孩子们坐到一起享受这些美味，让他们感受来自家庭的温暖。欣和负责人表示：孩子们的一日三餐非常重要，欣和作为一家调味品企业，我们希望孩子们吃的更营养、更健康；今天我们捐助自己生产的产品及书籍，厨师们给孩子们带来爱心午餐，希望可爱的孩子们这个感恩节过得开心，也希望更多人关注他们的成长。',NULL,'','','','news_264.jpg'),
	(1781,93,'','老吾老以及人之老，幼吾幼以及人之幼。欣和待世界如家人，在用心做产品的同时，希望履行社会责任，关爱大家庭的每一位成员，携手厨师继续与感恩同行，影响更多志同道合的人加入，凝聚更多爱，一起传递爱。',NULL,'','','',''),
	(1782,116,'','“自己不吃的东西，就不要卖给消费者”，20年来，欣和从最简单的酱开始，为了让所有家庭吃的放心，不懈努力，现已成为中国食品行业先锋企业，拥有11家工厂及超过5000名员工，目前高盐稀态酱油市占率全国排名第一。产品遍布全球60余个国家和地区，每天超过4000万家庭使用欣和的产品，并入选国家质检总局食品安全局公示审定的首批出口食品“三同示范企业”。',NULL,'','','','19605770405.jpg'),
	(1783,116,'','欣和一直以让家人安心享用每一餐，乐活健康每一天为使命，一直坚持和努力改善产品，让家人吃得更健康。欣和在中国已建立了完善的服务销售网络，在互联网潮流中打造360度产品销售网络，并在日本、韩国、东南亚、美国、欧洲部分国家和地区的服务销售网络也初具规模。欣和立志成为能代表中国的领先食品企业，为整个中国食品行业建立新标准，并将可信赖的中国美食带给世界。',NULL,'','','','19605770743.jpg'),
	(1784,116,'#创新、品质双向驱动 助力欣和健康成长#','欣和的研发中心现拥有3个大型制曲、发酵实验基地，建立了完善的酶系研究平台、生物发酵平台、产品应用平台。中心内购置了氨基酸测定仪、高分离度快速液相色谱-串联四级杆质谱联用仪、气相色谱-质谱联用仪、气相色谱仪、电子显微镜等仪器50余套，完全满足现代发酵食品研究的需求。',NULL,'','','',''),
	(1785,116,'','欣和每年投入过千万元进行产品研发，已研制新品120余项，承担国家、省市级科研项目10余项，参与、制订国家行业技术产品标准50余项，与十余所高校建立产学结合，聘请多位专家顾问。在研发创新的同时不忘营养和味道，努力开发低盐、营养、天然的产品，致力给消费者带来健康的美味。',NULL,'','','','19605771471.jpg'),
	(1786,116,'','欣和作为首批进入三同平台的标杆企业，推行更为严格的“五同”标准保障品质如一。',NULL,'','','',''),
	(1787,116,'','同理念：“欣和”两个字的涵义是“欣赏他人，和谐共事”。我们一直非常注重企业文化的建设，并长期致力于体现“以顾客为中心”的经营理念。经过20多年的快速发展，欣和已经形成自己别具特色的欣和理念：待世界如家人，出口产品和内销产品的经营理念是相同的。',NULL,'','','',''),
	(1788,116,'','同原料：不论是出口产品所用的原料还是内销产品所用的原料，来自同一个供应商。材料供应商与欣和均有长期稳定的业务和购销合同，并与供应商建立了长期的共赢关系。',NULL,'','','',''),
	(1789,116,'','同工艺：多年来，欣和坚定不移地走以高新技术改造传统产业的道路。每年投入大笔资金进行规模扩建和技术改造，从国外购进具有国际先进水平的生产、包装设备，大大提高了公司的生产能力和规模，使生产成本、劳动效率、综合竞争实力都得以进一步优化。出口产品和内销产品完全来自一条生产线，因此产品工艺相同，过程控制相同。',NULL,'','','',''),
	(1790,116,'','同标准：原料标准相同，工艺标准相同，产品标准相同，出口产品和内销产品的质量标准完全相同，这是欣和多年的经营宗旨。',NULL,'','','',''),
	(1791,116,'','同质量：原料质量相同，包材质量相同，检测质量相同，产品质量相同，过程控制质量相同。',NULL,'','','','19605772810.jpg'),
	(1792,116,'#体系护航食品安全  食品消费体验升级#','欣和产品出口60多个国家和地区，要适应不同地区的食品生产标准，生产出适合人们需求的高品质产品，研究各种法规标准显得尤其重要。为此欣和创建法规标准系统，最快获取各种国内外食品法规。通过专业人员识别按照最高标准编制统一产品标准，从原料采购、过程控制到产品出厂都是最高最严苛的标准。',NULL,'','','',''),
	(1793,116,'','先进的生产设备联合缜密的质量管理体系，为欣和食品的安全与品质保障上了双保险。严格的标准贵在执行与落地，为避免人员带来的差异，欣和从原料筛选、圆盘制曲、过滤杀菌、自动包装、机械手码垛、自动立体货仓，投入了数亿资金，打造调味品行业国内一流的自动一体化生产线。欣和自九十年代就引进先进的质量管理理念，陆续搭建了以CGMP（现行良好操作规范）为基础的SSOP卫生标准操作规程、ISO9001质量管理体系、HACCP危害分析与关键控制点体系、ISO22000食品安全管理体系、ISO14001环境管理体系以及满足不同人群需求的各种产品认证，如BRC、有机产品认证、KOSHER、HALAL、低碳认证等，从而有机结合建立系统的一体化质量管理体系：覆盖从质量到安全，从环保到宗教信仰；贯穿从农田到餐桌整个食品链环节；规范的标准要求；明确的职责分工；定期的风险评估和预防自查；为食品质量和安全打下坚实的基础。',NULL,'','','','19605775501.jpg'),
	(1794,116,'','不仅如此，早在2007年，欣和研发实验室通过CNAS认可，目前检测项目可达到300余项：涵盖添加剂、农药兽药残留、抗生素等各种食品安全指标。每一批产品出厂前，除了基本的理化出厂指标，还要进行全方位的安全指标检测，确保每一滴都是健康安全的。',NULL,'','','',''),
	(1795,116,'','此外，欣和打破传统企业和消费者“闭门锁户”的关系，大开厂门邀请消费者到厂参观指导和体验。通过一系列互动，消费者不仅了解了酱油的制作过程，而且提出中肯的改善建议，对欣和的品质也更加信赖。',NULL,'','','','19605776606.jpg'),
	(1796,116,'#欣和品质全球共享 中国食品赢得全球信赖#','欣和成立的初衷是让所有家庭吃得放心，这一直是欣和前进的动力。同时欣和坚信食物对于家庭和生活，不仅仅是物质的基础，更是维系情感、提升生活品质的根本。因此欣和立志从更广泛的饮食生态入手，改善食物从源头到餐桌过程中的每一个环节，包括食物的来源、生产加工的方式，以及所有与饮食相关的体验。为此，我们联合农业种植、原料供应、产品生产、销售通路、饮食体验、知识分享各个环节的合作伙伴一起，共同改善饮食生态系统，将食品安全切入到从农场到餐桌的每个环节中去，让所有家庭吃得放心还要吃得健康。',NULL,'','','','19605777217.jpg'),
	(1797,116,'','从欣和调味家族成为第三届亚洲沙滩运动会指定调味品，向全球展现中华美食文化；到葱伴侣六月香原酿酱获得国际食品科技联盟颁发的食品工业大奖，代表中国调味品行业实现了零的突破；黄飞红麻辣花生获得美国美食杂志Saveur世界100旅游休闲美食精典排名中名列第二十六位。全国首批食品科普教育基地、山东省工业旅游示范基地、烟台劳动关系和谐示范企业的称号，让我们惊喜的看到，消费者不仅是对欣和品质信任，更是对欣和的认可。',NULL,'','','',''),
	(1798,116,'','而这一切都是为了一个最单纯的信念，用对家人的爱、生产每一个产品，欣和待世界如家人！',NULL,'','','','19605777594.jpg'),
	(1856,126,'','十一月，天渐渐凉了起来，寒冷的天气也阻止不了“童欣圆”那颗想要温暖孩子们的心，欣和公益团队再次来到菏泽市定陶区的留守儿童学校，来到孩子们身边。',NULL,'','','','19647185246.jpg'),
	(1857,126,'','定陶区留守儿童学校是比较特殊的乡村小学，学生中留守儿童所占比例较高，教学条件有限，各种艺术类课程特别匮乏。城里的小朋友每周上着各种辅导班、特长班的时候，这里的小朋友却在家里帮着干农活、做家务。\n在欣和公益团队走访的过程中，得知学校孩子们特别缺乏艺术类的启蒙教育，所以我们特别联系到“小马支教”团队，“小马支教”是2014年成立的一支支教团队，将淘汰甄别制度贯穿于志愿者招募培训的全过程，选拔成功后还要对志愿者进行一系列的培训。此次针对定陶区留守儿童学校的情况，经过层层选拔派出了袁本润、苏卡、刘妍、苏靖雯、冯欣玉五名优秀同学作为志愿者赴菏泽开展支教活动。',NULL,'','','','19647185805.jpg'),
	(1858,126,'','虽然五名志愿者来自青岛同一所学校不同的专业，但是因共同的信念来到这里。在来之前五名志愿者对学校的情况已经大概了解，也做了详尽的课程计划，可是当火车从青岛开走的时候，却依旧十分忐忑和激动，“我们在火车上激动地都没睡着觉。”此次“小马支教”带队队长小袁老师说道。“看着孩子们投出一个个好奇的眼光，我们还是很有干劲的”，一边小刘老师补充道，“孩子们还给我们五个起了昵称：小袁老师、小刘老师、小雯老师、小卡老师、小冯老师，是不是很可爱？”看着已慢慢适应新环境的这几位95后，我们不禁开始期待他们在留守儿童学校的支教生活。',NULL,'','','','19647186260.jpg'),
	(1859,126,'','菏泽和青岛虽然同属山东省，但是经济发展水平还是有一定的差距，又是乡村小学，学校里唯一有自来水的地方是食堂，虽然条件不尽如人意，但是志愿者们没有丝毫抱怨，对于支教的工作特别热情，十分积极，很快就和孩子们打成一片。同时根据自身的特长，熟练的运用到了教学之中，用各种艺术活动为孩子们进行辅导，并带动当地老师利用粘土、绘画、音乐等让孩子们释放内心的情绪，培养各种能力，丰富课堂生活。一天的教学工作十分繁忙，但对于志愿者们来说，看到孩子们作品和笑脸的瞬间，心是甜的。',NULL,'','','','19647186949.jpg'),
	(1860,126,'','',NULL,'','','','19647187430.jpg'),
	(1861,126,'','志愿者们为了给孩子们上好每一堂课，每天没课的时候就开始精心备课，与当地老师进行交流，想方设法地让课堂更加丰富。志愿者老师的努力，孩子们其实都看在眼里，这不，小雯老师一下课就收到了孩子亲手制作的纸花篮，孩子簇拥着她七嘴八舌的表达着对老师的喜爱，一张张笑脸写满了幸福。',NULL,'','','','19647188483.jpg'),
	(1862,126,'','',NULL,'','','','19647190953.jpg'),
	(1863,126,'','原来留守学校的体育课由于师资匮乏等原因都是简单地打打篮球跳跳绳，然后就是孩子们自由活动，也没有正式的广播体操，志愿者们努力丰富课堂内容，课间操的时候教孩子们和城市学校一样的广播体操，让规范体育运动走进校园。同时小刘老师发现孩子们缺少团队精神，为了培养孩子们的整体意识，小刘老师在上体育课的时候把孩子们分成若干个小组，让孩子们手拉手，先形成一个圆圈，再记住左右手各相握的人，然后大家随意走动后拉起原来位置旁人的手来，成了一个个千千结，在不松手的前提下恢复成原来的圆圈，在解开的一瞬间，孩子们高呼“开了”，就是在这不断地沟通与协调中，孩子们知道了“我们” 是一个整体，明白了团体的意义，逐渐成长。',NULL,'','','','19647191694.jpg'),
	(1864,126,'','',NULL,'','','','19647192110.jpg'),
	(1865,126,'','留守学校的美术课原来都是临摹画作，流动艺术课堂想要带给孩子们在平常课堂上学不到的、看不到的各种课程，希望孩子们知道，美术不仅仅是画画而已。',NULL,'','','','19647192786.jpg'),
	(1866,126,'','小冯老师在美术课上，用幻灯片播放出“像艺术家一样画画”，并展示梵高的画——星空，让同学们自己感受画中的内容；用兔子和蘑菇的图片让同学们自由联想创作，并上台讲解，培养了孩子的自信心和语言表达能力，同时注重孩子们的个人感受，找到每个孩子闪光的那一面。',NULL,'','','','19647193163.jpg'),
	(1867,126,'','',NULL,'','','','19647193423.jpg'),
	(1868,126,'','作为一名合格的老师，其实不仅仅是教授学生们知识，更重要的是给孩子们陪伴与爱。小袁老师虽然是志愿者团队中唯一的男生，但是却格外的细心，当看到与同学吵架哭泣的小男孩时，袁老师主动上前询问孩子哭泣的原因并耐心开导，孩子收到老师递过的纸巾，逐渐止住了哭泣。正是在一来一往中，志愿者们与孩子们逐渐熟悉了起来，温暖逐渐传递。',NULL,'','','','19647194021.jpg'),
	(1869,126,'','',NULL,'','','','19647195100.jpg'),
	(1870,126,'','苏卡是几个志愿者里最亲切的老师之一，孩子们给她起了一个有爱的名字，小卡老师，以往老师都是只教孩子们背诵，孩子们没有积极性，小卡老师采用击鼓传花的形式，先给一段时间背诵，再通过击鼓传花决定背诵的人选，寓教于乐，孩子们背诵的热情比以前高了，当被选中的孩子没有背出课文的时候，孩子们既紧张又兴奋，担心下一个会提问到自己，所以更加努力地去背诵，大大的提高了学习效率，节省了背诵时间。',NULL,'','','','19647195711.jpg'),
	(1871,126,'','',NULL,'','','','19647195880.jpg'),
	(1872,126,'','边学边玩，边玩边学，知识就是这样快乐的游戏中慢慢积累增加，这也是欣和公益最希望看到的，我们不希望孩子的童年是被沉重的课本所压制，孩子们的童年应该是五彩斑斓的，是充满希望的，是被爱包围着的。',NULL,'','','','19647196725.jpg'),
	(1873,126,'','关爱留守儿童，这不止是一个口号，虽然乡村小学的教学水平和办学条件与发达地区的学校有一定差距，但我们希望通过欣和公益和志愿者的努力，让孩子们的学习、生活中有更多的欢笑，向着更为宽广的高空去飞翔！',NULL,'','','','19647197310.jpg'),
	(1874,126,'','',NULL,'','','','19647197882.jpg'),
	(1875,54,'','3 月 26 日上午 9 点，在开发区滨海路城市展示中心广场，随着一声发令枪响，备受各界关注的烟台市第二十届迎春长跑暨第一届「欣和杯」 金沙滩马拉松赛正式拉开帷幕。数千名跑步爱好者及机关企事业单位职工参加了本次活动，伴随着涛声和浪花快乐奔跑，体验来自沙滩运动的速度与激情。大众网、水母网以及烟台体育网均对本次活动进行报道。',NULL,'','','','news_130.jpg'),
	(1876,54,'','作为烟台市今年的全民健身开春大戏，「欣和杯」马拉松比赛自然受到了烟台各界的广泛关注，而烟台欣和企业食品有限公司作为冠名单位，欣和将健康的生活理念带到了活动现场，受到市民的广泛好评。',NULL,'','','','news_131.jpg'),
	(1877,54,'','在马拉松活动现场，欣和带来一种新的生活态度、健康的生活理念，给比赛增添了别样的色彩。作为调味品行业的佼佼者，欣和用过去的 20 年、从每个家庭餐桌上的调味品证明了自己的坚持，不仅在改变行业，更是引领着饮食生态系统的改善，成为食品行业中人人尊重的企业。「跑马拉松贵在坚持，通过参加本次马拉松活动，我们就是要把这种跑马拉松的坚持精神带到现场，坚持做自己的事业，将一种新的生活态度，一种乐观、积极、健康的姿态，一种倡导健康生活的理念，传递给烟台市民。」欣和企业相关负责人在马拉松现场介绍说。\n「我们家的调味品就一直使用欣和，欣和酿造的调味品一直在进步中，从简简单单的酱油发展到了现在，真是了不起。」参赛选手李女士说，欣和的食品吃起来放心，很健康。\n「自己不吃就不要卖给消费者」，秉承着这样的理念，欣和待消费者如家人。2016 年 1 月，欣和企业公布了最新 Logo 及品牌标识系统，作为新的出发，欣和希望改善食物从源头到餐桌过程中的每一个环节，重塑人与食物的关系，给地球多一份责任，给未来留下蓝天和净土，与志同道合的伙伴一起推动可持续的饮食新生态。（来源：大众网、水母网、烟台体育网）\n',NULL,'','','',''),
	(1878,59,'','2015 年 12 月 25 日上午，烟台市青年联合会十一届二次常委（扩大）会议召开，表彰了第十三届「烟台十大杰出青年」。烟台欣和企业食品有限公司副总经理姜军武凭借优秀的业务能力和高度的社会责任心，获得了「烟台十大杰出青年」的荣誉称号。广州日报、大众日报均有报道。',NULL,'','','','news_144.jpg'),
	(1879,59,'','自 1997 年加入欣和公司，姜军武从基层员工成长为公司副总经理，同时还担任中国调味品协会常务理事、山东省工商联常委、山东省青年企业家协会副会长、山东省烹饪协会副会长、烟台市政协委员、烟台市工商联总商会副会长等职务。由于具有丰富的领导及业务经验，较强的领导决策能力、组织协调能力和驾驭全局的能力，姜军武以开拓创新的工作思路带动烟台欣和企业有限公司快速发展。',NULL,'','','','news_145.jpg'),
	(1880,59,'','能获得这样的荣誉，在姜军武看来，这并不仅是对自己的认可，而是社会对欣和企业品质与信誉的认可。\n烟台欣和企业食品有限公司成立于 1992 年，公司成立的初衷是让所有家庭吃得放心，这也成为欣和前进的动力。食物对于家庭和生活，不仅仅是物质的基础，更是维系情感、提升生活品质的根本。因此欣和立志从更广泛的饮食生态入手，改善食物从源头到餐桌过程中的每一个环节，包括食物的来源、生产加工的方式，以及所有与饮食相关的体验。\n「我们希望为欣和事业所触及的人、环境和其他所有食物带来正面影响，让家人和子孙后代能够享用美食，乐活人生。」欣和付出的一切都是为了一个最单纯的信念，用对家人的爱生产每一个产品，欣和待世界如家人。\n欣和的每一个产品都严把质量关，要对每一位消费者的健康负责。保障食品的健康安全是一个有良知的食品企业的道德底线，欣和的员工也都是欣和的忠实客户，欣和不生产自己不吃的食品。\n二十多年来对品质的坚持，孕育了欣和真诚、进取和充满爱心的企业基因。「我们不仅满足消费者的需求，也在创造消费者的需求。」姜军武说，在根植市场的过程中，我们加大对科研的资金投入及品牌宣传力度，并且大胆利用各种先进的管理软件，在增强规范化管理的同时，节约企业成本。\n在人们的日常生活中，欣和常常扮演着「好邻居」的角色。在欣和，有 8000 多名员工，其中一半都是美食顾问，他们会到深入到商超一线，为消费者介绍欣和产品，了解消费者的饮食需求。\n欣和不仅为消费者带去专业的知识和服务，也得到消费者的需求反馈和信任。以此为动力，欣和不断钻研、创新酿造工艺，丰富营养学、食品安全等相关知识，逐渐在中国的调味品行业中成为标准的树立者及调味品的领导品牌。\n企业的发展离不开社会各界的支持和帮助，在企业发展壮大的同时，欣和企业积极投身各种社会公益活动，带领公司员工履行社会责任，关爱救助困难群体，为构建和谐社会贡献力量。\n 「我们为弱势群体做的都是应该的，这是社会赋予我们的圣神义务，成就他人的梦想，也是欣和企业文化的宗旨。」姜军武介绍，作为一家良心企业，欣和不仅积极践行社会责任，也着力提升员工的职业幸福感。「现在员工以 80 后、90 后居多，为了减少他们的生活困扰，欣和设立了洗衣房，把员工的衣服洗熨好后送回宿舍。我们还有周末幼儿园，解决加班妈妈的后顾之忧。」\n对于今后的发展，姜军武信心十足，「欣和的努力得到了消费者的认可，我们必将不负众望，以欣和之力，做人们食品安全的卫士。」（来源：大众日报）\n',NULL,'','','',''),
	(1881,105,'','',NULL,'','','','19577929917.jpg'),
	(1882,105,'','9月15日，以“创新与变革”为主题的第十七届中国方便食品大会暨方便食品展在北京国际会议中心召开。作为方便面、挂面、速冻米面食品、调味面制食品等产业专业交流以及加工设备、配料、冷链装备等方便食品企业品牌展示和新品发布的国家级平台，此次大会吸引了欣和、康师傅、统一、今麦郎、日清、金光、正大等方便食品领军企业到场。\n2017年，是中国方便食品行业形成产业规模后的第25年，也是这个行业在历经５年连续下跌后，筑底回升的关键节点。伴随着中国经济的转型，方便食品行业也正在发生快速的格局调整。而互联网经济的强势介入，则完全改变了食品行业作为传统行业生存和竞争的法则，2017年对于方便食品行业而言，变革与创新是推动行业增长的重要动力。',NULL,'','','','19577930957.jpg'),
	(1883,105,'','本次大会也在继承往届精华的同时，在内容和形势上取得创新，以权威的报告、专业的分析、更市场化的参与形式对接行业需求。大会内容分为：企业家论坛、行业分析报告、创新产品评审与发布、安全管控与健康评价、传统食品与风味创新、科企需求对接等六大板块和分行业的专业交流，欣和的黄飞红麻辣小鱼干花生和黄飞红麻辣小虾花生因为创新的独特性以及方便快捷的即食性获得了“2017年方便食品创新大奖”。',NULL,'','','','19577931282.jpg'),
	(1884,105,'','会议汇聚了业内诸多权威专家的热情参与，同时也吸引了众多业内知名企业家的积极支持。与会专家和企业家将对行业的发展进行深入剖析，共同探讨我国方便食品产业发展所面临的机遇与挑战，以促进未来行业的发展与提升。',NULL,'','','','19577931529.jpg'),
	(1885,105,'','在产业领军企业的分享中，欣和副总姜军武在大会上分享了欣和对于整个方便食品行业创新的理解，秉承着待世界如家人的责任，欣和在各个产业链环节上严格把控，确保每一个欣和的产品都能够让人吃得放心，放心得吃。',NULL,'','','','19577933401.jpg'),
	(1886,105,'','谈到今年与米其林指南的合作，姜总表示米其林指南是一个保持客观中立的态度去评价各个餐厅，在合作方面也是有相对固定的合作伙伴，而在促成这次的合作的关键点，就在于欣和与米其林都秉承着让每一个人都健康的吃的理念，米其林希望通过搭建一个多元化的沟通平台，推动饮食文化的不断发展。作为一家食品企业，欣和希望做到的是为人们提供更为健康的生态环境。',NULL,'','','','19577933791.jpg'),
	(1887,105,'','同时，与大会同期举办的方便食品展也伴随着行业的快速成长，获得了越来越多的业内关注。2017年的展示也将更加精准化对接企业需求，为企业新品发布与品牌展示提供一个良好的舞台，全方位展现方便食品领域所取得的成就，促进行业的发展与创新。',NULL,'','','','19577934051.jpg'),
	(1888,105,'','欣和此次参展的主题是食品安全营养与健康，在为期两天的展会中，欣和为参展人员准备了酱油曲奇饼干、海鲜沙茶面、一果泡醋饮品以及味噌卤蛋，试吃吸引了大批参展人员的目光。',NULL,'','','','19577934324.jpg'),
	(1889,105,'','荣誉的获得是对欣和的一种认可，但是欣和的脚步不会只停留至此，欣和将会继续以荣誉作为激励、以信赖作为动力，不断前行，促进行业的发展与创新，为中国方便食品行业新一轮的发展创造新的发展思路与新机遇。',NULL,'','','',''),
	(1890,127,'','复杂世界里 什么才是我们的追求？\n简单与真实！\n',NULL,'','','','19653797267.jpg'),
	(1891,127,'','减掉香精、减掉色素、减掉一切不必要的添加，让一点一滴都回归简单与真实。简单的鲜果，精心的配比，酿成每一天最真实的关怀。看得见的大片大片果肉，是看得见的诚意与放心。简单的兑水饮用，让忙碌的当下，真实拥有健康的陪伴。将高糖高脂的饮料交给过去，用简单真实的一果泡醋，开启全新的健康生活。',NULL,'','','','19653798008.jpg'),
	(1892,127,'','一果泡醋的坚持，只在于一心一意做好泡醋这一件事。精选新鲜水果，切成厚薄均匀的大片果肉，浸入无添加的原浆基醋之中，精心调制蜂蜜等原料比例，最后，交由时间完成剩下的步骤，酿出独特的果香与果味。在偶尔想“偷个懒”的当下，帮助我们省去亲自切泡的过程，简单兑水就好喝，每一天，带来口感与身体的轻盈体验。',NULL,'','','','19653798736.jpg'),
	(1893,127,'','一果泡醋家族四大产品：柠檬泡醋、草莓泡醋、山楂泡醋、百香果泡醋，新鲜无添加，拥有水果的甜美与原浆醋的纯粹，更耐心寻味。我们坚持真实无添加的产品理念，我们坚持将新鲜作为选材的第一标准，每一颗水果，自枝头采下便一路向前，以最快的速度处理切片泡制，在时间的酝酿下，酿出最健康可口的果醋，将所有一言难尽都一饮而尽。',NULL,'','','','19653799464.jpg'),
	(1907,128,'','2017年11月28日-29日，一场聚焦生态标签和可持续性的食品行业峰会——亚洲可持续食品峰会首次在亚洲亮相，来自全球20多个国家和地区的代表在新加坡参与了此次峰会，会议围绕“可持续性发展”“有机市场潜力”“健康影响”“食品欺诈与真实性”等方面展开了头脑风暴。 ',NULL,'','','','19660820881.jpg'),
	(1908,128,'','欣和有机调味品品牌——禾然有机很荣幸与国内最严格的有机产品认证中心——南京国环、有机食品企业——正谷有机，一起受邀参与此次盛会。',NULL,'','','','19660821219.jpg'),
	(1909,128,'','根据瑞士有机农业研究所（Fibl）发布的最新统计数据，亚洲在全球有机消费市场中仅占有不足8%的份额，但亚洲却是全球有机产品重要的生产方和出口方。亚洲有机食品及可持续食品市场的制约因素是什么？如何激发本国和本地区有机产品的消费潜力？未来的发展方向在哪里？在会议中，来自亚洲和其他区域的各相关领域的专家和学者，从有机和可持续产品的生产、加工、包装、营销、健康因素、政策影响等方面进行深入讨论。',NULL,'','','',''),
	(1910,128,'全球知名调研公司尼尔森分享全球健康趋势','',NULL,'','','','19660821648.jpg'),
	(1911,128,'','亚洲地区，29%的人体重超标，46%的人认为自己体重超标，54%的人希望减重。消费者改变自身生活习惯，选择健康食物的意愿上升，70%以上的消费者希望通过锻炼和改变饮食来减重，50%以上的消费者希望通过购买低脂、低糖和新鲜食材来减重，82%的消费者希望通过改变饮食来预防疾病发生，80%以上的消费者希望更多了解食品成分以及其对自身健康带来的影响……',NULL,'','','','19660821882.jpg'),
	(1912,128,'','如何让消费者改变生活方式来对抗健康问题？通过改变饮食习惯，调整饮食结构，选择健康新鲜的有机食材，规律生活作息，去改善过往的状态，成为乐活之人。',NULL,'','','',''),
	(1913,128,'可持续生活社区带动消费有机','新加坡本真生活社区，以可持续的生活理念，丰富多彩的社区活动，凝聚了一批忠实的消费群体；从种子到货架，全程透明可追溯，采购获得有机认证的产品，并开发更多有机认证背后的文化意义。',NULL,'','','','19660822519.jpg'),
	(1914,128,'','这与禾然用有机食养艺术的食物体验理念去践行可持续的生活理念。禾然有机15年来的有机信念的坚持，每一次的cooking show 都通过精心设计的食物体验，来呈现有机的食养艺术，让每一位顾客感受其中的爱，转变成大爱，去消费有机呵护自然。',NULL,'','','','19660822740.jpg'),
	(1915,128,'','当消费者与我们的理念达成一致，能够产生保护环境、利于身体健康的共鸣，才会成为品牌的忠实拥护者，才能去成为传播者，引来更多的用户消费。有机，需要有完善的标准体系，让消费者无信任缺失，并且无识别困难，才能够更方便带来消费。',NULL,'','','','19660822935.jpg'),
	(1916,128,'土壤培肥与可持续农业','食物是人们感知世界的一种方式，而健康可持续发展的土壤对食物生产非常重要。由于全球气候的变化，越来越多的土地不再适宜种植；秸秆还田，增加土壤有机质含量，是最简单的修复土壤的方法；在农场的经营中，在土壤改良中的投入不应是成本，而应计入农场的投资，将来会产生更多的回报。',NULL,'','','','19660823299.jpg'),
	(1917,128,'','欣和旗下有机农场品牌旭耕农场成立于2013年，致力于可持续发展的农业种植方式，在生产过程中不采用基因工程获得的生物及其产物，不用化学合成的农药、化肥、生长调节剂、饲料添加剂等物质，构建科学化、规范化的农业生产体系，既能提供我们食用需求，又能留下可持续土地。它能够通过回归自然、富有生命力的生活方式改变现状，让自然环境更欢愉，更适合人类的生存。',NULL,'','','','19660823533.jpg'),
	(1918,128,'选择真正可持续的包装材料','我们生活在一个离不开包装的时代，包装运输产品、包装保护产品、包装向消费者展示信息、包装吸引消费者，但是包装也给我们带来了不少问题：32%的塑料包装残留在环境中，每年800万吨的塑料包装被丢弃在海洋中，很多国家没有完善的垃圾管理体系，使得大多数的包装在打开后就没有了价值。',NULL,'','','','19660824092.jpg'),
	(1919,128,'','禾然有机，选择可再生纸资源做产品标签，整个产品的生产过程进行SGS碳足迹排放的检测，瓶身用轻量化改造，选择有机棉促销物料，来传递有机生活方式理念。使用可持续的产品包装，也能更多体现企业品牌所承担的社会责任和扩展品牌的价值内涵。',NULL,'','','','19660824456.jpg'),
	(1920,128,'','地球上的每个人都应该承担自己对于环境的一份责任：食品企业多采用完全可降解的生物符合包材，消费者多购买使用完全可降解包材的产品，或者更多地消费来自当地的有机和天然产品。',NULL,'','','','19660824755.jpg'),
	(1921,128,'发展当地市场 选择有机产品','',NULL,'','','','19660825444.jpg'),
	(1922,128,'','首先，市场反映了生产者、贸易商和消费者的综合需求，需要组织协调和综合规划；其次，重视对消费者的教育，细分消费者，了解消费者需求的不同，并以成本为中心，需要公共投资；再次，要统一的地区性标准，保障标识使用的完整性。强制性的认证和标识不是最重要，可以先从生产者的自我规范开始。最后，保持有机产品高品质并始终如一；供应要稳定，部分产品可以季节性供应；重点开发产品背后的故事，提供烹饪提示。',NULL,'','','','19660825678.jpg'),
	(1923,128,'','',NULL,'','','','19660825899.jpg'),
	(1924,128,'禾然有机践行可持续生活方式15年','有机有爱有心意，乐活可持续的生活方式，是禾然有机15年来一直在践行的品牌理念，希望通过全有机厨房调味品，链接每一个家庭的健康美味，进而对地球温暖呵护。',NULL,'','','','19660826211.jpg'),
	(1925,128,'','禾然有机，以全有机厨房调味品为载体，在有机月期间在全国开展近1700场次的食物试吃体验，让每一位消费者感受禾然有机的心意，并且愿意一起消费有机，践行可持续的健康生活方式，从有机调味开始。',NULL,'','','','19660826432.jpg'),
	(1926,128,'','可持续发展是关乎我们所有人的话题，我们希望通过践行的力量让更多消费者感受品牌，感受产品的魅力，去实现自然可持续、产品可持续、价值可持续， 诚邀您与我们一起感受！',NULL,'','','',''),
	(1934,125,'','11月8日上午，中国食品科学技术学会第十四届年会暨第九届中美食品业高层论坛在江苏无锡开幕，本次大会是由中国食品科学技术学会和美国食品科技学会主办，汇聚了来自200余家食品科技院所和百余家企业的1800余名代表，共议食品科技界的使命与创新，探讨促进食品产业健康发展之道。',NULL,'中国食品科学技术学会第十四届年会暨第九届中美食品业高层论坛在江苏无锡开幕','','','19644908049.jpg'),
	(1935,125,'','中国食品科学技术学会年会每年举办一次，已经成为目前国内食品科技界专业性最强、规模最大、影响力最广的学术盛会，也成为中美食品界与社会各界相互交流沟通与合作的高端平台。2017年是“十三五”规划的重要一年。面对国家一系列的重大举措和围绕“健康中国2030”规划纲要的部署，中国食品科技的未来发展将走向何方，有哪些新理念、新研究值得期待？国际食品科技发展的新趋势、新动向在哪里？',NULL,'','','','19644904383.jpg'),
	(1936,125,'','中国食品科学技术学会理事长孟素荷教授在致辞中表示，以“食品科技助力健康转型”为主题的本次年会，不仅是食品科技工作者“回家”的日子，是食品科技界与产业界思想碰撞的平台，更为中国食品科技界面对未来5年、面对“健康中国2030”的变革与创新吹响了集结号。',NULL,'','','','19642563369.jpg'),
	(1937,125,'','随后举行的中国食品科学技术学会科技创新奖颁奖典礼上，对庞国芳等11位科学家、企业家授予“突出贡献奖”称号，对欣和企业姜军武等14位青年科技工作者授予“杰出青年奖”称号。',NULL,'欣和企业姜军武等14位青年科技工作者授予“杰出青年奖”称号','','','19661944094.jpg'),
	(1938,125,'','欣和从成立之初就一直致力于人类生活品质的改善与提升，20多年来我们一直以为消费者提供安全、健康、美味的食品而努力。欣和每年投入千万元进行产品研发，与十余所高校建立产学结合，聘请多位专家顾问，在研发创新的同时不忘营养和味道，努力开发低盐、营养、有机的产品，致力给消费者带来健康的美味。',NULL,'','','','19642534223.jpg'),
	(1939,125,'','近年来，欣和将重心转移到“从农场到餐桌”的饮食生态系统的建立，打造有机农场，通过改善饮食生态，推动健康生活新浪潮，并以自己的力量来感染身边的每一位消费者、合作伙伴，为“健康饮食浪潮“的兴起，注入自己的一份力量。而正是因为这种对环境、对消费者、对产品负责的态度，欣和曾多次站在国内外领奖台上，包括中国调味品行业首金-“全球食品工业奖”、国际食品科技大会给予的“主席特别奖”等，将可信赖的中国美食带给世界。欣和还荣幸成为第一批“三同”食品企业，为金砖国家领导人厦门会晤国宴供应调味品。',NULL,'','','','19642574809.jpg'),
	(1940,125,'','未来，欣和将发挥更大的力量，从食物源头开始，打造中国饮食新生态，给所有家庭一个更健康的未来。为了让家人安心想用每一餐，乐活健康每一天，我们从更宽广的视角出发，立志引领饮食生态的改善，从食物的源头到家庭的餐桌，我们脚踏实地的改善每一个环节。',NULL,'','','','19642577487.jpg');

/*!40000 ALTER TABLE `newscontent` ENABLE KEYS */;
UNLOCK TABLES;


# Dump of table newscontent_save
# ------------------------------------------------------------

DROP TABLE IF EXISTS `newscontent_save`;

CREATE TABLE `newscontent_save` (
  `thisid` int(11) NOT NULL AUTO_INCREMENT,
  `newsid` int(11) NOT NULL,
  `thistitle` varchar(400) DEFAULT NULL,
  `text1` text,
  `thispic` varchar(200) DEFAULT NULL,
  `imglink` varchar(400) DEFAULT NULL,
  `imgdes` varchar(600) DEFAULT NULL,
  `videolink` varchar(400) DEFAULT NULL,
  `videodes` varchar(600) DEFAULT NULL,
  PRIMARY KEY (`thisid`)
) ENGINE=MyISAM DEFAULT CHARSET=utf8;



# Dump of table newslist
# ------------------------------------------------------------

DROP TABLE IF EXISTS `newslist`;

CREATE TABLE `newslist` (
  `thisid` int(11) NOT NULL AUTO_INCREMENT,
  `thisname` varchar(300) DEFAULT NULL,
  `typeid` int(11) NOT NULL,
  `thisdate` date DEFAULT NULL,
  `thisdes` varchar(300) DEFAULT NULL,
  `isopen` tinyint(1) DEFAULT '0',
  `reason` varchar(400) DEFAULT NULL,
  `clicks` int(11) NOT NULL DEFAULT '0',
  `dateadd` timestamp NULL DEFAULT CURRENT_TIMESTAMP,
  `thispic` varchar(50) DEFAULT NULL,
  `thispicp` varchar(50) DEFAULT NULL,
  `thispicm` varchar(50) DEFAULT NULL,
  `brandid` int(11) DEFAULT NULL,
  `isfront` tinyint(4) DEFAULT '0',
  PRIMARY KEY (`thisid`)
) ENGINE=InnoDB DEFAULT CHARSET=utf8 ROW_FORMAT=DYNAMIC;

LOCK TABLES `newslist` WRITE;
/*!40000 ALTER TABLE `newslist` DISABLE KEYS */;

INSERT INTO `newslist` (`thisid`, `thisname`, `typeid`, `thisdate`, `thisdes`, `isopen`, `reason`, `clicks`, `dateadd`, `thispic`, `thispicp`, `thispicm`, `brandid`, `isfront`)
VALUES
	(2,'我们像孕育生命一样酿造每一瓶酱油',2,'2003-06-01','六月鲜是在讲一瓶酱油的故事。',1,'',201,'2016-06-05 02:30:55','news2s.jpg','news2.jpg','news2m.jpg',1,1),
	(3,'六月鲜的健康私房菜大赛',2,'2005-06-01','健康私房菜，是欣和六月鲜不同于其他品牌的消费者沟通方式。',1,'',90,'2016-06-05 04:18:30','news3s.jpg','news3.jpg','news3m.jpg',1,0),
	(4,'在品尝过人生五味之后，你还期待什么味道？',2,'2010-06-01','在品尝过人生五味之后，你还期待什么味道？',1,'',109,'2016-06-05 04:39:50','news4s.jpg','news4.jpg','news4m.jpg',1,0),
	(5,'六月鲜，让幸福变简单',2,'2012-06-01','自六月鲜产品上市以来，六月鲜优美的瓶体曲线。',1,'',106,'2016-06-05 05:32:50','news5s.jpg','news5.jpg','news5m.jpg',1,0),
	(10,'月圆团圆，让幸福变简单',2,'2012-09-01','这个中秋节有两个月，一个看着，圆满；一个吃着，美满。',1,'',102,'2016-06-08 01:46:38','news10s.jpg','news10.jpg','news10m.jpg',1,0),
	(11,'八月十五，不只是时间',2,'2000-01-01','每年的农历八月十五，对于全球华人来说，不仅仅是一个时间的概念',2,'内容无法重新编辑',12,'2016-06-08 06:15:42','news11s.jpg','news11.jpg','news11m.jpg',1,0),
	(12,'八月十五，不只是时间',2,'2013-09-01','每年的农历八月十五，对于全球华人来说，不仅仅是一个时间的概念',1,'',85,'2016-06-11 22:49:17','news12s.jpg','news12.jpg','news12m.jpg',1,0),
	(14,'装满幸福「欣」年味',2,'2013-01-01','春节对中国人来说，是最重要的传统节日，阖家团圆，举杯欢庆。',1,'',65,'2016-06-12 22:15:03','news14s.jpg','news14.jpg','news14m.jpg',17,0),
	(15,'六月鲜香亲情季，记得回家吃饭',2,'2013-06-01','六月亲情季，记得回家和家人一起吃饭。',1,'',65,'2016-06-12 23:30:34','news15s.jpg','news15.jpg','news15m.jpg',1,0),
	(16,'六月鲜，六月不只是时间',2,'2013-05-01','六月，不只是时间',1,'',58,'2016-06-12 23:59:20','news16s.jpg','news16.jpg','news16m.jpg',1,1),
	(17,'六月，自然鲜美之声',2,'2014-06-01','六月，不只是是时间，更是六个月用心孕育的鲜美之声。',1,'',280,'2016-06-13 00:24:33','news17s.jpg','news17.jpg','news17m.jpg',1,0),
	(18,'大年三十，不只是时间',2,'2014-01-01','大年三十，不只是时间，更是用心盛满的幸福欣年味',1,'',104,'2016-06-13 04:53:27','news18s.jpg','news18.jpg','news18m.jpg',1,0),
	(19,'用心锋味，不只是时间',2,'2014-09-01','美食是一个载体，它可以承载亲情，友情，爱情……..',1,'',153,'2016-06-14 02:59:14','news19s.jpg','news19.jpg','news19m.jpg',1,0),
	(20,'欣年，用心绽出美一面',2,'2015-01-01','新年，换上新的厨装，用心绽出美一面',1,'',130,'2016-06-15 04:47:32','news20s.jpg','news20.jpg','news20m.jpg',1,0),
	(21,'自然是醇香，岁月慢慢酿',2,'2015-06-01','六月鲜香，在时间的等待之后，是醇香的馈赠。',1,'',161,'2016-06-15 05:46:36','news21s.jpg','news21.jpg','news21m.jpg',1,0),
	(22,'用真心，守真味',2,'2015-05-01','只有执着于内心真实的信念和理想，才能专注认真的做好每件事情。',1,'',358,'2016-06-15 07:22:29','news22s.jpg','news22.jpg','news22m.jpg',1,1),
	(23,'把简单的事情用心做好',2,'2016-06-01','把简单的事情用心做好，一点都不简单。',1,'',534,'2016-06-17 03:14:04','news23s.jpg','news23.jpg','news23m.jpg',1,0),
	(24,'新年，一起下厨吧',2,'2016-01-01','厨房，不再是辛苦劳作的地方，更是家人们情感交流的空间。',1,'',194,'2016-06-25 19:49:03','news24s.jpg','news24.jpg','news24m.jpg',1,0),
	(26,'下厨的男人很 Sexy',2,'2015-03-08','女神节，让我用一道美食来表达我的爱。',1,'',137,'2016-06-25 21:28:50','news26s.jpg','news26.jpg','news26m.jpg',1,0),
	(27,'时尚六月鲜，开创新春纪念装',2,'2012-01-01','时尚创新，就是为时尚早。六月鲜，要做最时尚的酱油。',1,'',16,'2016-06-26 01:47:01','news27s.jpg','news27.jpg','news27m.jpg',1,1),
	(28,'你知道我在关心你吗？',2,'2015-05-01','黄飞红麻辣花生,告别乏味单调午餐，功夫美味，对味更对「胃」。',1,'',42,'2016-08-10 02:17:52','news28s.jpg','news28.jpg','news28m.jpg',17,0),
	(29,'这一刻，无可取代',2,'2015-10-01','吃货的世界，没有完美，只有经典；不将就的态度，像黄飞红一样。',1,'',84,'2016-08-10 05:07:14','news29s.jpg','news29.jpg','news29m.jpg',17,1),
	(30,'生活不只有眼前的苟且，还有诗和远方',2,'2016-05-01','如果你害怕踏出第一步，将始终担惊受怕，练足功夫，走出第一步！',1,'',168,'2016-08-10 05:17:57','news30s.jpg','news30.jpg','news30m.jpg',17,1),
	(31,'泡醋，让你爱上吃醋',2,'2013-09-01','当醯官醋遇到果蔬粮食和花草，萃取营养精华，让你爱上吃醋。',1,'',11,'2016-08-12 22:39:31','news31s.jpg','news31.jpg','news31m.jpg',2,0),
	(32,'醯官醋，可以喝的原浆米醋',2,'2013-03-01','醋不只是简单的调味品，可以让你变得美丽、自信，制作美味饮品。',1,'',10,'2016-08-12 22:53:04','news32s.jpg','news32.jpg','news32m.jpg',2,0),
	(33,'醯官原浆醋，喝出最美的自己',2,'2014-03-01','醋不只是简单的调味品，可以让你变得美丽、自信，制作美味饮品。',1,'',10,'2016-08-12 23:08:33','news33s.jpg','news33.jpg','news33m.jpg',2,0),
	(34,'多彩夏日，泡醋喝吧',2,'2015-07-01','醯官和水果撞击出的缤纷果醋，才是夏天的味道。',1,'',47,'2016-08-12 23:13:21','news34s.jpg','news34.jpg','news34m.jpg',2,1),
	(35,'与闺蜜分享美丽秘密',2,'2015-03-01','闺蜜的意义大概就是所有的美好都要和彼此分享',1,'',19,'2016-08-12 23:17:52','news35s.jpg','news35.jpg','news35m.jpg',2,0),
	(36,'秋，是等待后成熟',2,'2015-09-01','我们用心酿醋，用最真的醯官醋感悟秋天的成熟。',1,'',58,'2016-08-12 23:21:21','news36s.jpg','news36.jpg','news36m.jpg',2,0),
	(37,'三月女人 喝出无添加的美',2,'2016-03-01','醯官原浆只与时间合作，重现醋的本来滋味。',1,'',97,'2016-08-12 23:26:44','news37s.jpg','news37.jpg','news37m.jpg',2,1),
	(38,'泡醋喝吧，苦夏变酷夏',2,'2016-07-01','天儿太热，没食欲。NO! 跟着醯官泡醋喝，让你苦夏变酷夏！',1,'',212,'2016-08-12 23:28:00','news38s.jpg','news38.jpg','news38m.jpg',2,0),
	(40,'醋养盛夏',2,'2016-07-01','用自然的食材，酿制盛夏的芬芳',1,'',116,'2016-08-13 05:08:44','news40s.jpg','news40.jpg','news40m.jpg',18,0),
	(41,'禾然有机，自然心意',2,'2012-07-01','地球是一个柔和的生命体。无添加，不妄为,这就是有机。',1,'',19,'2016-08-13 05:16:47','news41s.jpg','news41.jpg','news41m.jpg',18,1),
	(42,'禾然有机四季篇',2,'2013-01-01','春机、夏悦、秋实、冬蕴，四季赋予我们取之不尽的丰饶与滋养。',1,'',28,'2016-08-13 05:26:43','news42s.jpg','news42.jpg','news42m.jpg',18,0),
	(43,'有机让我们与地球共同健康',2,'2015-11-17','禾然有机践行社会责任，不断宣传和倡导全球领先的有机生活理念。',2,'图片需要重新设计',24,'2016-08-13 05:35:21','news43s.jpg','news43.jpg','news43m.jpg',1,0),
	(44,'有机、有心意',2,'2016-08-01','有机，有心意，助力哈尼族小朋友图书梦。',2,'图片需要重新设计',17,'2016-08-13 05:50:11','news44s.jpg','news44.jpg','news44m.jpg',1,0),
	(46,'有机让我们与地球共同健康',2,'2015-11-17','禾然有机践行社会责任，不断宣传和倡导全球领先的有机生活理念。',1,'',52,'2016-08-16 01:43:40','news46s.jpg','news46.jpg','news46m.jpg',18,0),
	(47,'有机、有心意',2,'2016-08-01','有机，有心意，助力哈尼族小朋友图书梦',1,'',156,'2016-08-16 01:51:18','news47s.jpg','news47.jpg','news47m.jpg',18,0),
	(48,'随心而行',2,'2015-04-01','旅行的方向是遵循心灵的归属。',1,'',19,'2016-08-20 05:17:10','news48s.jpg','news48.jpg','news48m.jpg',19,0),
	(49,'简烹生活',2,'2015-04-01','「简烹」，用简约的烹饪方式，享受食物的本源真味。',1,'',19,'2016-08-20 06:03:17','news49s.jpg','news49.jpg','news49m.jpg',19,0),
	(51,'说着玩的 Just say say',2,'2014-11-01','我喜欢这个世界的美妙，有所思「说着玩的」，说好玩的！',0,NULL,2,'2016-08-23 02:04:12','news51s.jpg','news51.jpg','news51m.jpg',1,0),
	(54,'“欣和杯”马拉松赛成功举办，欣和用行动传递健康理念',1,'2016-04-04','欣和，像跑马拉松，坚持自己的事业，传递健康的生活理念。',1,'',132,'2016-08-27 21:53:31','news54s.jpg','news54.jpg','news54m.jpg',17,0),
	(55,'六月鲜作为一瓶酱油，竟然混进了时尚圈',1,'2016-02-29','酱油穿上围裙，玩转时尚圈。',1,'',125,'2016-08-27 22:03:44','news55s.jpg','news55.jpg','news55m.jpg',1,1),
	(58,'政协委员姜军武：致力于打造欣和「食品安全的捍卫者」',1,'2016-02-19','民以食为天，食以安为先。欣和，从饮食生态入手，推动食安中国。',1,'',145,'2016-08-27 23:01:20','news58s.jpg','news58.jpg','news58m.jpg',17,0),
	(59,'欣和：改善饮食生态，勇做食品安全卫士',1,'2016-01-01','欣和严把产品质量关，勇做人们食品安全卫士。',1,'',74,'2016-08-30 21:41:40','news59s.jpg','news59.jpg','news59m.jpg',17,0),
	(60,'欣和将亮相「十六届中国方便食品大会暨方便食品展」',4,'2016-08-30','欣和企业以新形象亮相方便食品展，体现待世界如家人的理念。',1,'',212,'2016-08-30 23:11:05','news60s.jpg','news60.jpg','news60m.jpg',17,0),
	(61,'两小时通过美国 FDA 检查，欣和值得信赖',3,'2016-08-30','欣和旗下三家工厂全面通过 FDA 检查，审查结果得到专家一致好评。',1,'',373,'2016-09-01 02:06:07','news61s.jpg','news61.jpg','news61m.jpg',17,1),
	(62,'欣和企业启用全新 Logo 打造值得信赖的饮食新生态',1,'2016-03-10','欣和公布新 Logo ，传达待世界如家人的理念。',1,'',126,'2016-09-02 07:16:42','news62s.jpg','news62.jpg','news62m.jpg',17,1),
	(63,'烹饪热血 橘色欣战衣',3,'2016-03-09','欣和订制首款私人订制厨师服，打破传统厨师服单调的黑白',1,'',89,'2016-09-02 07:27:23','news63s.jpg','news63.jpg','news63m.jpg',17,0),
	(64,'用爱的方程式，搭建阳光少年之家',3,'2016-09-02','更多爱等于传递爱，是爱的方程式。',1,'',220,'2016-09-02 23:59:35','news64s.jpg','news64.jpg','news64m.jpg',17,1),
	(65,'欣和举办第一届大学生创新性研究竞赛',1,'2015-08-28','欣和举办首届大学生创新竞赛，共同探讨未来食品业的发展',1,'',59,'2016-09-05 21:29:29','news65s.jpg','news65.jpg','news65m.jpg',17,0),
	(66,'更多爱=传递爱 感恩节 欣和携厨界大师传承中国美学',1,'2015-12-02','感恩节，欣和携手各位厨届泰斗，传递爱，待世界如家人。',2,'图片需要替换',23,'2016-09-07 04:26:42','news66s.jpg','news66.jpg','news66m.jpg',1,0),
	(67,'爱大厨携调味品牌欣和玩跨界营销',1,'2015-10-12','中秋，欣和携手爱大厨，开展大型送家宴福利活动。',1,'',32,'2016-09-07 04:50:55','news67s.jpg','news67.jpg','news67m.jpg',17,0),
	(68,'欣和持续创新，获世界食品科技大会「主席特别奖」',4,'2014-09-15','欣和获 IUFoST「主席特别奖」,在创新道路上创造行业新品质',1,'',65,'2016-09-07 05:14:46','news68s.jpg','news68.jpg','news68m.jpg',17,0),
	(69,'知味・安阳，让味，达美',2,'2016-09-08','味达美开启知味之旅，第一站河南安阳',1,'',243,'2016-09-10 02:09:40','news69s.jpg','news69.jpg','news69m.jpg',16,1),
	(70,'第 24 届中国厨师节烟台举行 味道美学助力餐饮中国梦',1,'2014-06-01','第 24 届中国厨师节，欣和致力于中国味达美，启航餐饮中国梦',1,'',29,'2016-09-10 23:17:34','news70s.jpg','news70.jpg','news70m.jpg',16,0),
	(71,'各色春饼齐聚烟台，挑战全球最大春饼吉尼斯纪录',1,'2014-05-30','欣和葱伴侣原酿酱作为蘸食的最佳伴侣，参与挑战吉尼斯纪录。',1,'',34,'2016-09-11 02:15:35','news71s.jpg','news71.jpg','news71m.jpg',3,1),
	(73,'烟台欣和企业参与植树造林，改善生活品质',1,'2016-03-12','欣和致力于环境保护，用实际行动践行绿色公益。',1,'',51,'2016-09-22 06:07:19','news73s.jpg','news73.jpg','news73m.jpg',17,0),
	(74,'公益红包，让更多的爱，在毕节落地生根',3,'2016-09-21','公益红包落地生根，欣和志愿者见证了爱的传递。',1,'',160,'2016-09-23 02:45:55','news74s.jpg','news74.jpg','news74m.jpg',17,1),
	(77,'更多爱=传递爱 欣和携手厨界大师传承中国美学',1,'2015-12-02','感恩节，欣和携手各位厨届泰斗传递爱，体现待世界如家人。',1,'',28,'2016-09-24 04:01:50','news77s.jpg','news77.jpg','news77m.jpg',17,0),
	(78,'一瓶酱油的独白',1,'2015-04-18','酱油穿上围裙，变身美丽厨娘。',1,'',16,'2016-09-24 20:43:14','news78s.jpg','news78.jpg','news78m.jpg',1,0),
	(79,'到访「欣和体验馆」，融入「社会大课堂」',1,'2016-07-21','欣和爱生活体验馆，让孩子习得健康的饮食理念，并传承下去。',1,'',159,'2016-09-27 06:26:08','news79s.jpg','news79.jpg','news79m.jpg',17,0),
	(80,'第七届中国食品安全论坛举办，欣和副总姜军武发表演讲',4,'2015-06-19','第七届中国食品安全论坛召开，欣和传播健康生活理念。',1,'',46,'2016-09-28 05:02:38','news80s.jpg','news80.jpg','news80m.jpg',17,1),
	(81,'打动外交官味蕾，欣和开启舌尖上的外交',1,'2015-12-03','十八国外交官共聚烹饪大赛，分享世界的味道。',1,'',22,'2016-10-09 02:00:33','news81s.jpg','news81.jpg','news81m.jpg',17,0),
	(82,'创意美食再现江南，「欣和杯」创意软罐头大赛圆满落幕',3,'2016-09-25','欣和企业与江南大学联手，上演创意与美食的邂逅 。',1,'',331,'2016-10-12 01:45:06','news82s.jpg','news82.jpg','news82m.jpg',17,0),
	(83,'亚洲食品添加剂展览会在沪召开 欣和食品获赞',4,'2015-04-03','欣和亮相第十九届亚洲食品添加剂展，明星产品吸引各界眼球。',1,'',42,'2016-10-14 01:41:46','news83s.jpg','news83.jpg','news83m.jpg',17,0),
	(84,'群英荟萃泉城，共鉴欣和名厨菜品交流会 ',3,'2016-08-03','名厨菜品交流会隆重召开，欣和传递「健康的吃，吃的健康」的理念。',1,'',53,'2016-10-27 22:54:30','news84s.jpg','news84.jpg','news84m.jpg',16,0),
	(85,'六月鲜，八个城市上演「把简单的事情用心做好」',2,'2016-06-01','六月鲜用心酿造每瓶酱油，在八大城市开启酱油体验之旅。',1,'',69,'2016-10-28 05:15:10','news85s.jpg','news85.jpg','news85m.jpg',1,1),
	(86,'欣和诚邀您参加第二十一届中国国际渔博会',4,'2016-11-02','11 月 2 日，欣和将亮相第二十一届中国国际渔博。',1,'',116,'2016-11-05 22:19:54','news86s.jpg','news86.jpg','news86m.jpg',17,0),
	(87,'中央侨办考察「烟台侨梦苑」，欣和集团获高度好评',3,'2016-10-19','中央侨办考察烟台「桥梦苑」项目，欣和用行动荣获高度评价。',1,'',128,'2016-11-10 02:26:39','news87s.jpg','news87.jpg','news87m.jpg',17,1),
	(88,'「围」有一心，才有这一味',2,'2016-11-11','专注让围裙变成了衣裳，酱油的污渍则是用心的勋章。',1,'',300,'2016-11-11 22:38:37','news88s.jpg','news88.jpg','news88m.jpg',1,1),
	(89,'欣和亮相第十二届中国（国际）调味品及食品配料博览会',4,'2016-11-30','2016 年 11 月 30，欣和与您相约第 12 届中国调味品展。',1,'',204,'2016-11-22 05:27:12','news89s.jpg','news89.jpg','news89m.jpg',17,1),
	(90,'欣和：让世界铭记「中国味道」',1,'2016-12-17','欣和，致力引领健康饮食生态系统，推动食物教育。',1,'',164,'2016-12-18 04:04:45','news90s.jpg','news90.jpg','news90m.jpg',17,1),
	(91,'知味・山东，让味・达美',2,'2017-01-02','欣和味达美携手厨师，开启知味・山东之旅，让味，达美。',1,'',159,'2017-01-03 03:14:14','news91s.jpg','news91.jpg','news91m.jpg',16,1),
	(92,'爱心产品传递爱心 捐资助学明鉴欣和心',3,'2015-04-06','烟台开发区教育局赠欣和捐资助学锦旗，回馈社会，欣和在行动。',1,'',9,'2017-01-06 03:48:30','news92s.jpg','news92.jpg','news92m.jpg',17,0),
	(93,'感恩节，欣和携手厨师，在山东三大城市践行爱的传递',3,'2016-12-25','感恩节，欣和携手厨师，将爱带进福利院、留守儿童学校。',1,'',116,'2017-01-06 04:14:32','news93s.jpg','news93.jpg','news93m.jpg',17,0),
	(94,'欣和爱心传播，我们在行动',3,'2016-01-15','欣和携手爱心人士关爱孤寡老人，在冬日送去爱心。',1,'',15,'2017-01-13 01:25:42','news94s.jpg','news94.jpg','news94m.jpg',17,0),
	(95,'禾然有机 | 德国纽伦堡向世界分享中国有机精神',2,'2017-02-20','禾然有机在德国纽伦堡国际有机食品展向世界分享中国有机精神。',1,'',128,'2017-02-21 05:45:00','news95s.jpg','news95.jpg','news95m.jpg',18,1),
	(96,'欣和将亮相第 96 届春季糖酒会（成都）',4,'2017-03-15','2017 年 3 月 18 日，欣和将亮相 96 届成都糖酒会。',1,'',119,'2017-03-16 02:41:08','news96s.jpg','news96.jpg','news96m.jpg',17,1),
	(97,'关爱留守儿童 呵护心灵成长 「童欣圆」 关爱行动',3,'2017-05-19','2017年,欣和公益走进菏泽市定陶区留守儿童学校。五月的天，正是春末夏初。\n5月19日，天空碧蓝，满目阳光。欣和公益2017—— “童欣圆”留守儿童关爱行动在菏泽市定陶区留守儿童学校正式启动,烟台欣和企业食品有限公司欣和公益项目组成员携手中国心理学会心理学普及工作委员会的专家和青岛职业技术学院“小马支教”的志愿',1,NULL,0,'2017-06-26 18:43:16','19480157151.jpg','19480159192.jpg','19480159322.jpg',17,0),
	(98,'更多爱＝传递爱 「童欣圆」留守儿童关爱行动开课啦',3,'2017-05-19','5月19号「童欣圆」留守儿童关爱行动启动仪式后，中国心理学会的心理专家们和青岛职业技术学院流动艺术课堂的志愿者们就紧锣密鼓的投入到了课程之中。\n中国心理学会心理学普及工作委员会高文斌主任就结合地方特点开展心理健康教育给全校老师做了讲座，首先讲了青少年心理活动的一些共性例如两个逆反期、母子关系、父子关系',1,NULL,0,'2017-06-26 20:07:57','19480224634.jpg','19480224816.jpg','19480224946.jpg',17,0),
	(99,'你们的笑容是 「童欣圆」 最大的幸福',3,'2017-06-19','6月17日和18日，「童欣圆」 留守儿童关爱行动的心理老师和流动艺术课堂的志愿者再次来到菏泽市定陶区留守儿童学校为全校师生开展心理辅导和艺术课堂。\n6月17日，「童欣圆」留守儿童关爱行动的心理老师再次来到菏泽市定陶区留守儿童学校为全校老师开展心理辅导活动，首先通过欢乐记名字的热身活动让大家彼此认识，然后将全校',1,NULL,0,'2017-06-26 20:12:36','19480227988.jpg','19480228924.jpg','19480228989.jpg',17,0),
	(100,'欣和将亮相“第17届方便食品大会暨方便食品展”',4,'2017-08-20','2017年9月14-16日，由中国食品科学技术学会主办的“第十七届中国方便食品大会暨方便食品展”将在北京国际会议中心隆重召开，我们带着对家人的诚恳，在这等您，期待大家关注欣和！\n',1,NULL,0,'2017-08-31 20:33:05','19554373917.jpg','19554376101.jpg','19554376166.jpg',17,0),
	(101,'欣和将亮相“第17届方便食品大会暨方便食品展”',4,'2017-08-20','2017年9月14-16日，由中国食品科学技术学会主办的“第十七届中国方便食品大会暨方便食品展”将在北京国际会议中心隆重召开。',0,NULL,0,'2017-09-01 10:11:25','19555012984.jpg','19555013933.jpg','19555013985.jpg',17,1),
	(102,'欣和将亮相“第17届方便食品大会暨方便食品展”',4,'2017-09-01','aaaaaaaa',0,NULL,0,'2017-09-01 10:19:47','19555020329.jpg','19555020862.jpg','19555020940.jpg',17,1),
	(103,'欣和·米其林指南·IEDO只为你提供一场“食想”盛宴',2,'2017-07-04','一家中国的食品企业与米其林指南合作了，为的是改变人们的饮食生态。',0,NULL,0,'2017-09-07 19:57:11','19562208055.jpg','19562210135.jpg','19562210213.jpg',17,1),
	(104,'欣和·米其林指南·IDEO 只为你提供一场「食想」盛宴',2,'2017-07-04','今日（7月4日）在上海召开的米其林指南与IDEO联合举办的「食想」峰会，把美食与匠心两种文化进行碰撞。在这两者的背后，还有着中国餐饮文化与世界先锋标准的结合。在场包括米其林餐厅厨师、饮食文化研究者、设计师、美食与媒体行业领袖、记者等数百名现场来宾。大家围绕食之未来发展，尝试各种创意理念形式，共同打造了一\n',1,NULL,0,'2017-09-08 15:54:40','19563169769.jpg','19563172928.jpg','19563175177.jpg',17,1),
	(105,'欣和受邀参加第十七届中国方便食品展并获奖',4,'2017-09-15','9月15-16日，欣和受邀参加第17届中国方便食品大会暨方便食品展，欣和旗下黄飞红麻辣小鱼干花生和麻辣小虾花生因为创新的独特性以及方便快捷的即食性获得了“2017年方便食品创新大奖”。',1,NULL,0,'2017-09-21 19:49:23','19577927486.jpg','19577929176.jpg','19577929280.jpg',17,1),
	(106,'米其林指南 × 欣和：感味米道',2,'2017-09-13','欣和十分荣幸成为米其林的官方合作伙伴之一。',1,NULL,0,'2017-09-22 09:44:12','19578559299.jpg','19605526109.jpg','19578647400.jpg',17,0),
	(107,'“绽放的生命力”惊艳米其林指南发布会',2,'2017-09-21','9月20日，米其林正式发布第二版上海米其林指南。',1,NULL,0,'2017-09-22 09:57:39','19578582816.jpg','19578626847.jpg','19578626951.jpg',17,1),
	(108,'葱伴侣23岁生日会，有你 有礼',2,'2017-06-02','八方宾客齐聚章丘，庆祝葱伴侣23岁生日。',2,NULL,0,'2017-09-23 14:22:38','19621324645.jpg','19582229901.jpg','19582229953.jpg',3,0),
	(109,'使能厨师，改变世界——记2017味达美使能厨师活动',2,'2017-04-13','2017年4月13日，欣和味达美EC活动在烟台正式打响。',2,NULL,0,'2017-09-23 14:50:10','19621365361.jpg','19579942200.jpg','19579942252.jpg',16,1),
	(110,'禾然有机有心意15年 精彩演绎感恩季',2,'2017-05-20','在品牌成立15年之际，禾然有机感恩季，线上与线下联动，给大家带来很多活动，将有机有心意15年的品牌印象深深印在大家脑海中。',1,NULL,0,'2017-09-23 15:16:41','19582302701.jpg','19579962896.jpg','19579962948.jpg',18,1),
	(111,'一场让人尖叫的厨师发布会',2,'2017-07-28','从6月底集结全球顶尖米其林主厨，携手米其林指南、IDEO启动上海『食想』高峰论坛开始，欣和一夜之间席卷整个上海餐饮圈，大家对这个中国食品企业兴趣颇浓，津津乐道！',1,NULL,0,'2017-09-23 15:37:55','19582255160.jpg','19582254666.jpg','19582254731.jpg',16,0),
	(112,'烟台名厨牵手旭耕农场  现身为有机食材代言',2,'2017-09-26','好食材探索之旅暨旭耕有机食材代言发布会圆满举办。',1,NULL,0,'2017-09-29 16:55:01','19586773258.jpg','19586778835.jpg','19586776937.jpg',41,1),
	(113,'“欣”公益 •“欣”希望• “欣”未来',3,'2017-09-30','“童欣圆”留守儿童关爱行动的心理老师再次来到菏泽市定陶区的留守儿童学校，第三次为全校师生开展体验式团体沙盘心理辅导课程。',1,NULL,0,'2017-10-09 09:08:24','19597640998.jpg','19602717095.jpg','19599884759.jpg',17,1),
	(114,'欣和调味品跃上金砖国家领导人国宴餐桌',3,'2017-09-07','八款欣和产品为各国政要奉上纯正的“中国味道”。',0,NULL,0,'2017-10-10 09:59:35','19621358250.jpg','19599974667.jpg','19599970988.jpg',17,0),
	(115,'中秋家节有欣和',2,'2017-09-01','家人团聚的节日，一定会有欣和。',1,NULL,0,'2017-10-10 10:53:19','19599986731.jpg','19599989214.jpg','19599991190.jpg',17,1),
	(116,'待世界如家人  欣和品质全球共享',3,'2016-11-16','创新、品质双向驱动 助力欣和健康成长。',1,NULL,0,'2017-10-16 14:09:12','19605827176.jpg','19605809730.jpg','19605828099.jpg',17,1),
	(117,'“鲁台情 一家亲”海峡两岸媒体山东采风行动走进欣和',3,'2017-10-21','“鲁台情 一家亲”海峡两岸媒体山东采风行动走进欣和',1,NULL,0,'2017-10-24 09:37:57','19614517117.jpg','19624938671.jpg','19614517988.jpg',17,1),
	(118,'十年麻辣传 青春不散场',2,'2017-09-12','为庆祝麻辣花生面世10周年，欣和为黄飞红的众多粉丝带来了一场 “十年麻辣传，青春不散场”的主题庆典活动。',1,NULL,0,'2017-10-28 09:58:48','19619025127.jpg','19619026947.jpg','19619027038.jpg',20,1),
	(119,'欣和第一家机场游乐园——欣希望游园开业啦',3,'2017-08-15',' 2017年8月15日，烟台蓬莱机场的欣希望游园开业了。',1,NULL,0,'2017-11-01 08:57:55','19623466044.jpg','19623471972.jpg','19623472232.jpg',17,1),
	(120,'欣和将亮相第13届中国（国际）调味品及食品配料博览会',4,'2017-11-01',' 2017年11月10日-12日，欣和将参加中国调味品协会主办的“第十三届中国（国际）调味品及食品配料博览会”。',1,NULL,0,'2017-11-07 09:59:12','19630250874.jpg','19630252057.jpg','19630256139.jpg',17,1),
	(121,'11.17我要有机 禾然有机涂画地球的欢愉',2,'2017-11-01','今年有机月的主题“地球的欢愉”，意喻自然万物和谐共处，共享自然。',1,NULL,0,'2017-11-07 10:22:53','19630276588.jpg','19630470327.jpg','19630470392.jpg',18,1),
	(122,'春华秋实，旭耕“有机生活月”陪你收获累累硕果',2,'2017-11-01','在这个作物丰收、蔬果飘香的金秋，旭耕迎来了第四个生日。',1,NULL,0,'2017-11-07 17:13:30','19630597467.jpg','19630598039.jpg','19630598091.jpg',41,1),
	(123,'欣和受邀参展第十三届中国调味品及食品配料博览会',4,'2017-11-10','第十三届中国（国际）调味品及食品配料博览会于今日在广州琶洲国际会展中心盛大开幕！',1,NULL,0,'2017-11-10 15:18:36','19633875170.jpg','19633875989.jpg','19633877549.jpg',17,1),
	(124,'禾然、旭耕，陪你品自然格调，享健康生活！',2,'2017-11-10','欣和旗下两大有机品牌——禾然有机、旭耕的灵感碰撞，绚烂了整个有机月。',1,NULL,0,'2017-11-10 19:37:19','19634079166.jpg','19639204286.jpg','19639204403.jpg',17,1),
	(125,'创新科技助力欣和引领饮食健康新生态',4,'2017-11-08','中国食品科学技术学会第十四届年会暨第九届中美食品业高层论坛在江苏无锡开幕。',1,NULL,0,'2017-11-17 21:53:39','19642038520.jpg','19661941650.jpg','19642554607.jpg',17,1),
	(126,'“欣”怀感恩，“益”路相伴',3,'2017-11-23','欣和公益团队携手“小马支教”团队再次来到菏泽市定陶区的留守儿童学校。',1,NULL,0,'2017-11-22 11:01:58','19647155463.jpg','19649652126.jpg','19647156256.jpg',17,1),
	(127,'简单真实 一果就好',2,'2017-11-28','简单的鲜果，精心的配比，酿成每一天最真实的关怀。',1,NULL,0,'2017-11-28 08:55:13','19653794654.jpg','19653796370.jpg','19653796435.jpg',2,1),
	(128,'禾然有机与您分享亚洲可持续食品峰会',4,'2017-11-29','欣和有机调味品品牌——禾然有机受邀参加亚洲可持续食品峰会。',2,NULL,0,'2017-12-04 14:07:19','19662856239.jpg','19662828133.jpg','19662828211.jpg',18,1);

/*!40000 ALTER TABLE `newslist` ENABLE KEYS */;
UNLOCK TABLES;


# Dump of table newslist_save
# ------------------------------------------------------------

DROP TABLE IF EXISTS `newslist_save`;

CREATE TABLE `newslist_save` (
  `thisid` int(11) NOT NULL AUTO_INCREMENT,
  `thisname` varchar(300) DEFAULT NULL,
  `typeid` int(11) NOT NULL,
  `brandid` int(11) DEFAULT NULL,
  `thispic` varchar(50) DEFAULT NULL,
  `thispicp` varchar(50) DEFAULT NULL,
  `thispicm` varchar(50) DEFAULT NULL,
  `thisdate` date DEFAULT NULL,
  `thisdes` varchar(300) DEFAULT NULL,
  `isopen` tinyint(1) DEFAULT '0',
  `reason` varchar(400) DEFAULT NULL,
  `clicks` int(11) NOT NULL DEFAULT '0',
  `dateadd` timestamp NULL DEFAULT CURRENT_TIMESTAMP,
  PRIMARY KEY (`thisid`)
) ENGINE=MyISAM DEFAULT CHARSET=utf8;



# Dump of table newstype
# ------------------------------------------------------------

DROP TABLE IF EXISTS `newstype`;

CREATE TABLE `newstype` (
  `thisid` int(11) NOT NULL AUTO_INCREMENT,
  `thisname` varchar(100) NOT NULL,
  `sorting` int(11) DEFAULT NULL,
  PRIMARY KEY (`thisid`)
) ENGINE=MyISAM DEFAULT CHARSET=utf8;

LOCK TABLES `newstype` WRITE;
/*!40000 ALTER TABLE `newstype` DISABLE KEYS */;

INSERT INTO `newstype` (`thisid`, `thisname`, `sorting`)
VALUES
	(1,'媒体报导',2),
	(2,'品牌活动',3),
	(3,'企业新闻',1),
	(4,'行业活动',4);

/*!40000 ALTER TABLE `newstype` ENABLE KEYS */;
UNLOCK TABLES;


# Dump of table otherlink
# ------------------------------------------------------------

DROP TABLE IF EXISTS `otherlink`;

CREATE TABLE `otherlink` (
  `thisid` int(11) NOT NULL AUTO_INCREMENT,
  `thisname` varchar(100) COLLATE utf8_unicode_ci NOT NULL,
  `thispic` varchar(100) COLLATE utf8_unicode_ci NOT NULL,
  PRIMARY KEY (`thisid`)
) ENGINE=InnoDB DEFAULT CHARSET=utf8 COLLATE=utf8_unicode_ci;



# Dump of table pcert
# ------------------------------------------------------------

DROP TABLE IF EXISTS `pcert`;

CREATE TABLE `pcert` (
  `thisid` int(11) NOT NULL AUTO_INCREMENT,
  `productid` int(11) DEFAULT NULL,
  `certid` int(11) DEFAULT NULL,
  `dateadd` timestamp NOT NULL DEFAULT CURRENT_TIMESTAMP,
  `dateupdate` datetime DEFAULT NULL,
  PRIMARY KEY (`thisid`)
) ENGINE=InnoDB DEFAULT CHARSET=utf8;

LOCK TABLES `pcert` WRITE;
/*!40000 ALTER TABLE `pcert` DISABLE KEYS */;

INSERT INTO `pcert` (`thisid`, `productid`, `certid`, `dateadd`, `dateupdate`)
VALUES
	(20,5,2,'2017-04-02 04:12:43',NULL),
	(21,4,1,'2017-04-02 04:13:08',NULL),
	(24,3,1,'2017-06-01 11:30:20',NULL),
	(25,6,3,'2017-06-01 11:55:19',NULL),
	(28,21,4,'2017-11-17 10:10:04',NULL),
	(31,81,3,'2017-11-25 11:01:46',NULL);

/*!40000 ALTER TABLE `pcert` ENABLE KEYS */;
UNLOCK TABLES;


# Dump of table pdlink
# ------------------------------------------------------------

DROP TABLE IF EXISTS `pdlink`;

CREATE TABLE `pdlink` (
  `thisid` int(11) NOT NULL AUTO_INCREMENT,
  `productid` int(11) NOT NULL,
  `dishid` int(11) NOT NULL,
  `isopen` tinyint(4) NOT NULL DEFAULT '1',
  PRIMARY KEY (`thisid`)
) ENGINE=InnoDB DEFAULT CHARSET=utf8;

LOCK TABLES `pdlink` WRITE;
/*!40000 ALTER TABLE `pdlink` DISABLE KEYS */;

INSERT INTO `pdlink` (`thisid`, `productid`, `dishid`, `isopen`)
VALUES
	(1,19,25,1),
	(2,20,26,1),
	(3,19,27,1),
	(4,17,28,1),
	(6,20,29,1),
	(7,20,30,1),
	(8,17,31,1),
	(10,17,32,1),
	(12,18,33,1),
	(13,20,33,1),
	(14,19,34,1),
	(15,17,35,1),
	(16,17,36,1),
	(19,17,37,1),
	(20,18,37,1),
	(22,17,38,1),
	(24,20,39,1),
	(34,17,43,1),
	(35,18,43,1),
	(36,18,44,1),
	(37,15,45,1),
	(38,17,45,1),
	(39,17,47,1),
	(40,18,47,1),
	(41,3,48,1),
	(43,17,49,1),
	(46,14,50,1),
	(47,15,50,1),
	(48,9,51,1),
	(49,14,51,1),
	(50,15,51,1),
	(55,9,55,1),
	(56,14,55,1),
	(57,7,56,1),
	(58,16,56,1),
	(59,17,56,1),
	(61,16,58,1),
	(62,18,58,1),
	(63,19,58,1),
	(64,17,54,1),
	(65,18,54,1),
	(67,16,53,1),
	(68,17,53,1),
	(72,17,40,1),
	(73,29,40,1),
	(94,16,46,0),
	(95,20,46,0),
	(124,14,57,1),
	(132,17,41,1),
	(135,6,46,0),
	(136,6,59,1),
	(137,6,68,1),
	(138,6,69,1),
	(139,6,60,1),
	(140,6,61,1),
	(141,6,62,1),
	(142,6,64,1),
	(143,6,65,1),
	(144,6,66,1),
	(145,6,67,1),
	(147,6,41,1),
	(148,6,73,1),
	(149,6,71,1),
	(150,5,49,1),
	(151,5,52,0),
	(152,5,63,1),
	(153,5,72,1),
	(154,6,70,1),
	(155,12,42,1),
	(156,14,42,1),
	(157,15,42,1),
	(158,14,74,1),
	(159,21,75,1);

/*!40000 ALTER TABLE `pdlink` ENABLE KEYS */;
UNLOCK TABLES;


# Dump of table people
# ------------------------------------------------------------

DROP TABLE IF EXISTS `people`;

CREATE TABLE `people` (
  `thisid` int(11) NOT NULL AUTO_INCREMENT,
  `brandid` int(11) DEFAULT NULL,
  `thisname` varchar(100) DEFAULT NULL,
  `thispic` varchar(30) DEFAULT NULL,
  `thisintro1` varchar(100) DEFAULT NULL,
  `thisintro2` varchar(500) DEFAULT NULL,
  `dateadd` timestamp NOT NULL DEFAULT CURRENT_TIMESTAMP,
  `dateupdate` datetime DEFAULT NULL,
  `isopen` tinyint(4) NOT NULL DEFAULT '0',
  `sorting` int(10) DEFAULT NULL,
  PRIMARY KEY (`thisid`)
) ENGINE=InnoDB DEFAULT CHARSET=utf8;

LOCK TABLES `people` WRITE;
/*!40000 ALTER TABLE `people` DISABLE KEYS */;

INSERT INTO `people` (`thisid`, `brandid`, `thisname`, `thispic`, `thisintro1`, `thisintro2`, `dateadd`, `dateupdate`, `isopen`, `sorting`)
VALUES
	(1,1,'Yining','19348689204.jpg','ArcheX 文化及消费者调研专家','从事调研工作多年，我可以通过数据分析掌握大多数消费者的饮食偏好、生活习惯、购物需求，但人与人之间的情感，却是无法测量的变数。我想长久的友情就像烹饪，不求复杂，简单、分享、用心就有好味，或许再加入一点点的调料，可能就会有意外的惊喜。','2017-03-02 06:32:15','2017-06-15 12:02:06',1,NULL),
	(2,1,'Matilda','19348690816.jpg','一米市集创始人','可能基因中就有不妥协的因子，喜欢高强度的运动，喜欢不断挑战。为了一个梦想，背井离乡，和一群志同道合的伙伴，做着一件在别人看来很遥远、很艰难的事情，我们坚持从产地到厨房，从厨房到舌尖，串联起人与土地、与农夫的诚食关系。因为诚食，所以只需简单的烹饪和调料，就能做出最本真的好味，每一口都吃得安心。','2017-03-02 06:34:00','2017-06-01 13:07:31',1,NULL),
	(3,1,'玥言','19348691700.jpg','EMC2 营销策划公司合伙人','因为工作忙碌，我会更享受当下和家人在一起的时间，珍惜每一次的相聚。家人在的地方就是家，不在乎吃的多昂贵，一起吃才是最重要的事。尽管每天都要和新的营销思路和手段打交道，但有些传统不会被遗忘。相比到外面吃年夜饭，自己亲力亲为更能表达心意，可能口味无法媲美大厨，但这就是家常菜的魅力，用心做就有美味。','2017-03-02 06:35:34','2017-06-01 13:07:35',1,NULL),
	(4,1,'张旋','19467499519.jpg','新浪华东区销售总监','对于职场女性来说，爱情、事业和生活，可能是人生中最重要的三大课题。为了追求事业，我与爱人分隔两地，为事业忙碌的同时，也倍加珍惜每一次的相聚。这段聚少离多的岁月教会我们的，是爱情从来不是轰轰烈烈的誓言，而是细水长流的用心坚守。平淡流年里，唯有用心陪伴，一路扶持，共同成长，才能成为更好的我们。','2017-06-15 12:13:00','2017-06-15 12:13:00',1,1),
	(5,1,'何樵暐','19467500312.jpg','欣和集团品牌创意总监','有人认为，家中的厨房是默认的女性领地。在我看来，下厨从来没有性别之分，她只关乎人与人之间心意的传达。下厨是一种美妙的艺术创作，世界上没有任何事物，比用心烹制的食物更加亲近人。美食作家说：总有一顿饭，值得你亲力亲为。愿我们一起进入厨房，用心去分担来自生活中各种酸甜苦辣的考验，一起去享受食物带来的美好。','2017-06-15 12:13:58','2017-06-15 12:13:58',1,2);

/*!40000 ALTER TABLE `people` ENABLE KEYS */;
UNLOCK TABLES;


# Dump of table pnlink
# ------------------------------------------------------------

DROP TABLE IF EXISTS `pnlink`;

CREATE TABLE `pnlink` (
  `thisid` int(11) NOT NULL AUTO_INCREMENT,
  `productid` int(11) NOT NULL,
  `newsid` int(11) NOT NULL,
  `isopen` tinyint(4) NOT NULL DEFAULT '1',
  PRIMARY KEY (`thisid`)
) ENGINE=InnoDB DEFAULT CHARSET=utf8;

LOCK TABLES `pnlink` WRITE;
/*!40000 ALTER TABLE `pnlink` DISABLE KEYS */;

INSERT INTO `pnlink` (`thisid`, `productid`, `newsid`, `isopen`)
VALUES
	(2,68,70,1),
	(3,6,31,1),
	(4,6,32,1),
	(5,6,33,1),
	(6,5,34,1),
	(7,5,35,1),
	(8,5,36,1),
	(9,4,36,1),
	(10,4,37,1),
	(11,4,38,1),
	(12,73,35,1),
	(13,72,37,1),
	(14,71,35,1),
	(15,36,69,1),
	(16,64,111,1),
	(17,65,109,0);

/*!40000 ALTER TABLE `pnlink` ENABLE KEYS */;
UNLOCK TABLES;


# Dump of table product
# ------------------------------------------------------------

DROP TABLE IF EXISTS `product`;

CREATE TABLE `product` (
  `thisid` int(11) NOT NULL AUTO_INCREMENT,
  `brandid` int(11) NOT NULL,
  `thisname` varchar(50) DEFAULT NULL,
  `thisintro` varchar(300) DEFAULT NULL,
  `thisslogan` varchar(50) DEFAULT NULL,
  `thisdes` varchar(300) DEFAULT NULL,
  `thislink` varchar(400) DEFAULT NULL,
  `isopen` tinyint(1) NOT NULL DEFAULT '0',
  `sorting` int(11) DEFAULT NULL,
  PRIMARY KEY (`thisid`)
) ENGINE=MyISAM DEFAULT CHARSET=utf8;

LOCK TABLES `product` WRITE;
/*!40000 ALTER TABLE `product` DISABLE KEYS */;

INSERT INTO `product` (`thisid`, `brandid`, `thisname`, `thisintro`, `thisslogan`, `thisdes`, `thislink`, `isopen`, `sorting`)
VALUES
	(5,8,'特级鲜味酱油','精选东北非转基因大豆，山东冬小麦，六个月足期发酵，不添加防腐剂，味道自然鲜美。','特级鲜味酱油','梅子茶泡饭，酸甜，微苦，带着回甘，是梦想最初的味道。 对待最初的梦想不能凑合。六月鲜，用一份恒久真心，守护最初真味。','https://detail.tmall.com/item.htm?id=15967366556',1,9),
	(6,8,'特级红烧酱油','精选东北非转基因大豆，山东冬小麦，六个月足期发酵，不添加防腐剂，配以红烧秘方，上色红亮不发黑，美食出味更出色。','特级红烧酱油','江浙沪地区有浓油赤酱的饮食习惯，红烧菜系要求色深，味重。走进家庭，一起研究红烧菜，造就红亮上色不发黑的红烧酱油。','https://detail.tmall.com/item.htm?id=15967746466',1,8),
	(7,8,'特级原汁酱油','四种原料，水、非转基因大豆、小麦、食盐，六个月足期发酵，不添加防腐剂，醇香自然。','特级原汁酱油','你还记得青菜的味道么，每种食物都有它本真味道。只用四种天然食材作为原料的原汁酱油，六个月自然发酵，一起探索食材本真味道。','https://detail.tmall.com/item.htm?id=21844732567',1,7),
	(8,8,'特级淡盐酱油','精选东北非转基因大豆，山东冬小麦，六个月足期发酵，领先减盐工艺，减盐44%，不减营养成分，不添加防腐剂。','特级淡盐酱油','轻生活，不盐重，身体很小，世界很大，不着急给他加重负担，一份轻咸健康成长。淡盐酱油，从小培养宝宝的轻口感，添食欲减负担。','https://detail.tmall.com/item.htm?id=42564947544',1,6),
	(9,8,'柠檬蒸鱼酱油','精选东北非转基因大豆，山东冬小麦，六个月足期发酵，添加天然柠檬汁，醇香柠香，去腥提鲜。','柠檬蒸鱼酱油','亲手制作食物会让生活额外增色。带上围裙，一淋、一蒸，生活则开启另外一扇门，柠檬蒸鱼酱油，十分钟，也可烹饪出一道别样美味。','https://detail.tmall.com/item.htm?id=17537790688',1,5),
	(10,13,'牛肉海带就酱拌','有所思就酱拌，真材实料吃得到，非油炸纯原酿，怎么拌怎么香！ 一天三拌还是三天一拌，自己看着拌！','牛肉海带就酱拌','葱伴侣原酿酱配以优质牛肉/鲜猪肉，低于104℃文火慢煨，用心熬制而成， 拌面拌饭，佐餐调味，美味简单就酱拌！ ','http://item.jd.com/1486819221.html',1,14),
	(11,13,'超麻辣海带就酱拌','看够了娱乐圈劈腿新闻怎么办？ 烤鸡腿配土豆煎饼就酱拌！跟劈腿的剧情say再见！','超麻辣海带就酱拌','营养丰富的海带搭配劲爆的辣椒，葱伴侣原酿酱配以优质鲜猪肉，低于104℃文火慢煨熬制而成，拌面拌饭，无麻辣不欢畅！','http://item.jd.com/1202130769.html',1,13),
	(12,13,'超麻辣牛肉就酱拌','超麻辣口味登场光芒万丈，葱伴侣原酿酱配以优质牛肉，低于104℃文火慢煨熬制而成，拌面拌饭，超麻辣等你来挑战！ ','超麻辣牛肉就酱拌','奇葩上司无力吐槽怎么办？ 黄金虾饼佐辣牛肉蛋黄酱，告别瞎指挥，我有我主见！','https://detail.tmall.com/item.htm?spm=a1z10.5-b-s.w4011-14847189488.76.XEX8D3&id=39863697386&rn=c2d8c58b08686a6eaee7da0d8ca3129d&abbucket=3',1,12),
	(13,13,'鲜椒酱','有所思鲜椒酱，以爱辣之人的挑剔眼光，精选优质名椒，鸡泽羊角，采用盐渍保鲜，小锅熬制。辣度分级， 一起放胆去冒险！','鲜椒酱','拜托你废话少说，看我冒烟快点躲！ 有所思鲜椒酱，新鲜辣椒不油腻，让辣更过瘾！','https://detail.tmall.com/item.htm?spm=a1z10.4-b-s.w5003-14789254827.12.BTq0Kl&id=520363104565&rn=8983f48d42ec1c0c717b4587e7b8d19f&abbucket=20&scene=taobao_shop',1,11),
	(14,13,'柠檬沙拉汁','纯正柠檬汁和高品质酿造酱油融合，不添加防腐剂、增稠剂，不含反式脂肪。专为健康沙拉设计，健康与美味的完美结合。','柠檬沙拉汁','有所思柠檬沙拉汁，零脂肪吃不胖，怎么拌都清爽！ 一天三拌还是三天一拌，自己看着拌！','https://detail.tmall.com/item.htm?spm=a1z10.4-b-s.w5003-14789254827.4.BTq0Kl&id=17226203047&rn=8983f48d42ec1c0c717b4587e7b8d19f&abbucket=20&scene=taobao_shop',1,10),
	(15,15,'黄飞红麻辣花生','麻辣花生采用四川“贡椒”麻椒，有水煮鱼味道，独创麻、辣、脆口感受到明星大咖的喜爱，充氮的铝箔包装，更是保证了口味稳定性。','黄飞红麻辣花生','麻辣花生是将功夫与美食相结合，并专注于麻辣，在麻辣界自成一派，享誉全球，意在成为消费者生活当中无可取得的零食之一。','https://detail.tmall.com/item.htm?spm=a1z10.5-b-s.w4011-14847027804.94.sYkeKb&id=4090334848&rn=c3ce1bffb2b0c14ba605a443a0fe88f1&abbucket=4&skuId=55172342184',1,18),
	(16,15,'麻辣小虾干花生','麻辣花生与海洋系，创造的又一作品，保留了红虾和花生的营养，给下午茶增添了一份味道。','麻辣小虾干花生','山东大花生和深海红虾完美结合，富含钙等微量元素。T型袋设计搭配Zippak拉链，方便取食及保鲜。','https://detail.tmall.com/item.htm?spm=a1z10.5-b-s.w4011-14847027804.101.sYkeKb&id=527634540877&rn=c3ce1bffb2b0c14ba605a443a0fe88f1&abbucket=4&skuId=3139718722259',1,17),
	(17,15,'麻辣小鱼干花生','与朋友一起聚会时，抑或一个人在家，伴着几首喜欢的音乐，一份简单的小鱼干花生，一个宅人的惬意，只有当事人才知道。','麻辣小鱼干花生','黄飞红麻辣花生和渤海鳀鱼完美结合，富含DHA、EPA。T型袋设计搭配Zippak拉链，方便取食及保鲜。','https://detail.tmall.com/item.htm?spm=a1z10.5-b-s.w4011-14847027804.98.sYkeKb&id=38642501858&rn=c3ce1bffb2b0c14ba605a443a0fe88f1&abbucket=4&skuId=47844582001',1,16),
	(18,15,'香脆椒','对于大师而言每一次烹饪都是一次艺术雕琢，那么香脆椒便是件艺术品的点睛之笔，使食客称赞叫绝！','香脆椒','黄飞红香脆椒选用小辣椒，搭配山东大花生，添加芝麻，经过多道工艺研制而成，从内到外透着一份微辣飘香的风味。','https://detail.tmall.com/item.htm?spm=a1z10.5-b-s.w4011-14847027804.73.sYkeKb&id=522013378143&rn=c3ce1bffb2b0c14ba605a443a0fe88f1&abbucket=4&skuId=3109357527647',1,15),
	(19,14,'玫瑰酵醋','玫瑰花姿优美，香气浓郁，象征友谊和爱情，无论是盛开的玫瑰花，还是含苞待放的花蕾，都是佳肴中的珍品，更是女性美容养颜佳品。','玫瑰酵醋','玫瑰酵醋，采用蓝莓汁、石榴汁、苹果汁发酵的基础果醋，加入平阴玫瑰花瓣，充分浸制而成，色泽酒红，花香浓郁，酸甜可口。','http://www.shinhomall.com/products/product-308.aspx',1,21),
	(20,14,'桂花酵醋','桂花，起源于中国，香气柔和、滋味柔美，闻之令人心旷神怡，可用于食品、化妆品，可制糕点、酿酒、泡醋。','桂花酵醋','醯子桂花酵醋，采用蓝莓汁、石榴汁、苹果汁发酵的基础果醋，加入桂花，充分浸制而成，桂香浓郁，酸甜可口，推荐女性饮用。','http://www.shinhomall.com/products/product-423.aspx',1,20),
	(21,14,'迷迭香酵醋','迷迭香又称“神圣之草”，是名贵的天然香料植物，气味清香，清心提神，常被用于西式料理中。','迷迭香酵醋','迷迭香酵醋，采用蓝莓汁、石榴汁、苹果汁发酵的果醋，加入迷迭香，充分浸制而成，适合压力较大的女性饮用，但不宜孕妇群体饮用。','http://www.shinhomall.com/products/product-424.aspx',1,19),
	(22,16,'蒜蓉辣椒酱','精选优质辣椒和香蒜，先进工艺秘制调配，香味浓郁，滋味鲜美；稀稠适度、辣鲜平衡，蒜辣融合协调。','蒜蓉辣椒酱','复合型酱料适用于多种烹饪方式，更好的体现蒜辣香味，节约了操作时间；加热后呈现辣椒天然红色。','https://detail.tmall.com/item.htm?spm=a1z10.3-b-s.w4011-14847221722.18.nguAo8&id=45826887645&rn=df633271834ad0b22db5d0a054eac1ba&abbucket=7',1,22),
	(23,16,'压锅酱','复合多种酿造酱料而成；酱香味鲜,出品菜品色泽红润,口感细腻软糯；使用便捷、出品稳定，提升厨房效率。','压锅酱','支持后厨革新，方便快捷、绿色节能、标准化操作，专为压锅菜量身定做。','http://www.shinhomall.com/products/product-176.aspx',1,23),
	(24,16,'醇香米醋','100%大米酿造，经过两道过滤，清澈无异物沉淀，口感醇正，回味绵长，香味柔和、香气浓郁持久。','醇香米醋','热烹味醇熘香，能很好的掩盖和除去食材的异味和不良气味，将很好的提升菜品的口感，烹制出大师之味。','http://www.shinhomall.com/products/product-180.aspx',1,35),
	(53,20,'原酿酱油','4种原料，0添加，自然造就，6个月以上用心酿造，钻石般自然天成的尊贵，100ML含植物蛋白12.5g，造就至臻之味。','遵循自然','人法地，地法天，天法道，道法自然，遵循自然是一种态度。','https://detail.tmall.com/item.htm?spm=a1z10.5-b-s.w4011-14847189488.34.AOBQzs&id=15968457080&rn=2affd0f6bdb623e99a0549e4f21ee38c&abbucket=14 ',1,52),
	(54,21,'生味噌','选用东北非转基因大豆和大米加之地下矿盐，单一菌种发酵，口感纯正。生，非广义之生，意指发酵后未经任何加工的味噌。','生味噌','竹笙生味噌产品，以其广泛的应用得到消费者喜爱，尤其在腌渍鱼、肉时可有效减少食材本身的腥味，使菜品更加美味。','https://item.taobao.com/item.htm?spm=a230r.1.14.51.4ObNte&id=43503765733&ns=1&abbucket=10#detail',1,55),
	(26,16,'捞汁系列','采用原酿酱油搭配新鲜蔬菜成分，精选新鲜辣椒果，酱香纯正，蔬香自然; 风味恒定、用途广泛、使用便捷。','捞汁系列','味达美，首家捞拌菜专业解决方案与倡议灵感的提供者，为捞拌菜量身定做了捞汁产品，在凉拌海鲜菜品上更有优势。','https://detail.tmall.com/item.htm?spm=a1z10.3-b-s.w4011-14847221722.18.Xr0oGK&id=15979513080&rn=24f7b674d652763003bc78a8323bcf63&abbucket=7',1,25),
	(27,17,'原浆米醋','精选东北优质非转基因稻米，100%纯粮发酵，摒弃繁冗工艺，酿就第一道醋原液，无添加无过滤无勾兑，是最佳泡制醋基础醋。','原浆米醋','在醯官酿醋过程中发现，醋远不止是调味品，还是健康的饮品，用原浆米醋作为基醋泡制新鲜水果，可自制多种美味果醋饮。','https://detail.tmall.com/item.htm?spm=a1z10.5-b-s.w4011-14847189488.70.WvCC1k&id=15961933003&rn=e56bad633c3991a990c4e946ef5e0a13&abbucket=4',1,29),
	(28,17,'原浆苹果醋','100%烟台苹果汁发酵而成，不添加防腐剂，不添加蔗糖，果味清香，口感酸爽，适合与蜂蜜及各种饮品搭配食用，制作蔬菜沙拉。','原浆苹果醋','一直坚信，孩子的健康是妈妈给的，一杯无添加的冰爽苹果醋饮，是夏日里我对他最简单的爱。','https://detail.tmall.com/item.htm?spm=a1z10.5-b-s.w4011-14847189488.67.WvCC1k&id=20119194488&rn=e56bad633c3991a990c4e946ef5e0a13&abbucket=4',1,27),
	(29,17,'原浆紫米醋','精选云南墨江紫糙米，天然发酵而成，未添加、未过滤、未调和，色泽红润透亮，米香醇厚，营养丰富。适合孕妇、产妇食用。','原浆紫米醋','千年高山梯田孕育出珍稀紫米，以天地之气萃取原液精华，酿造出上乘好醋，慢品细酌，由内而外滋养内心。','https://detail.tmall.com/item.htm?spm=a220m.1000858.1000725.1.gJaqfc&id=39800629572&cat_id=2&rn=ffc7919060ba80997ed27cf581f81698&user_id=1037158632&is_b=1',1,28),
	(30,18,'六月香豆瓣酱','东北优质高蛋白非转基因大豆，世界领先的设备与工艺，90天以上足期恒温发酵，大豆蛋白自然转为氨基酸，酱香浓郁营养健康。','六月香豆瓣酱','选用东北非转基因大豆、山东优质小麦，经90天以上足期发酵，不添加黄原胶及人工色素，自然体态，浓郁酱香，山东正宗的原酿酱。','https://detail.tmall.com/item.htm?spm=a1z10.5-b-s.w4011-14847189488.57.NiYjfW&id=15987233400&rn=bb2bc1734a2edfbf5654344e13066d49&abbucket=10',1,34),
	(31,18,'六月香甜面酱','在春饼上薄薄的涂一层葱伴侣6月香甜面酱，放入炒好的合菜，色味俱佳，独处异乡时总能勾起你思乡的味蕾。','六月香甜面酱','选用山东优质小麦，东北非转基因大豆，经90天以上足期发酵，未添加黄原胶，体态细腻，颜色红亮，酱香浓郁，是山东正宗原酿。','https://detail.tmall.com/item.htm?spm=a1z10.5-b-s.w4011-14847189488.60.NiYjfW&id=15984466321&rn=bb2bc1734a2edfbf5654344e13066d49&abbucket=10',1,33),
	(32,18,'六月香蒜蓉豆瓣酱','培根金针菇卷，简单的做法和寻常的食材，蘸食6月香蒜蓉豆瓣酱，无论味道还是出品都让家人无比的称赞。','六月香蒜蓉豆瓣酱','精选东北非转基因大豆，山东小麦，辅以上等大蒜及羊角椒，90天以上足期发酵，未添加黄原胶，颜色红亮，经典蒜香，微辣可口。','https://detail.tmall.com/item.htm?spm=a1z10.5-b-s.w4011-14847189488.78.NiYjfW&id=18791013508&rn=bb2bc1734a2edfbf5654344e13066d49&abbucket=10',1,32),
	(33,18,'黄豆酱','精选非转基因大豆，坚持原酿工艺，丰富的蛋白质与氨基酸含量，与生鲜蔬菜搭配使得每一口都充满健康与营养。','黄豆酱','豆瓣多，口味鲜甜，经过45天发酵，属于发酵黄豆酱。可直接蘸食生蔬，拌凉菜，用于烹制炒菜、蒸菜等。','https://detail.tmall.com/item.htm?spm=a1z10.5-b-s.w4011-14847189488.102.NiYjfW&id=20027564861&rn=bb2bc1734a2edfbf5654344e13066d49&abbucket=10',1,31),
	(34,18,'活力时蔬酱','青绿的黄瓜，新鲜的彩椒，橙黄的胡萝卜… …五颜六色的蔬菜，富含多种维生素，搭配活力时蔬酱生食，既满足口味，又确保营养。','活力时蔬酱','精选葱伴侣原酿酱，添加苹果汁、柠檬汁，清爽可口，蘸食生菜。创新包装，挤挤更方便，适合出行携带。','https://detail.tmall.com/item.htm?spm=a1z10.5-b-s.w4011-14847189488.69.NiYjfW&id=524641071638&rn=bb2bc1734a2edfbf5654344e13066d49&abbucket=10',1,30),
	(35,16,'味极鲜酱油','采用世界领先的高盐稀态发酵法，精选东北非转基因大豆，山东冬小麦，足期精酿，不添加防腐剂和焦糖色。','味极鲜酱油','欣和率先引入世界最先进的酿造工艺，并与鲁菜专业名厨共同研制出此款美味的调味产品，为其取名：味达美味极鲜。','https://detail.tmall.com/item.htm?spm=a1z10.5-b-s.w4011-14847189488.98.jAbxDV&id=17247699995&rn=9a25eaff4883bdf0ec0ac31625690120&abbucket=9',1,38),
	(36,16,'清香米醋','百分百大米发酵,健康零添加，采用星级大厨的凉菜配方研制而成，独家添加一定比例的果汁，凉拌更酸爽。','清香米醋','采用液态深层发酵工艺，不添加任何防腐剂，与专业名厨合作，共同研发的米醋配方。','https://detail.tmall.com/item.htm?spm=a1z10.5-b-s.w4011-14847189488.89.jAbxDV&id=18790821197&rn=9a25eaff4883bdf0ec0ac31625690120&abbucket=9',1,36),
	(37,16,'冰糖老抽酱油','纯粮酿造，独家添加冰糖调色，不添加防腐剂，所做菜品颜色均匀稳定，红亮润泽，上色方便持久。','冰糖老抽酱油','为节省厨师烹饪时间、烹饪菜品色泽稳定红亮, 味达美与餐饮专业名厨一起研制冰糖老抽，确保烹饪红烧、焖、炖类菜品红亮不发黑。','https://detail.tmall.com/item.htm?spm=a1z10.5-b-s.w4011-14847189488.119.jAbxDV&id=20013616416&rn=9a25eaff4883bdf0ec0ac31625690120&abbucket=9',1,37),
	(38,16,'臻品蚝油','采用台湾海峡海域优质珠蚝，不添加黄原胶，体态粘稠适度，具有牡蛎特有鲜香，真材实料。','臻品蚝油','选用台湾海峡牡蛎肉破碎原汁，搭配高品质酿造酱油，经中国烹饪专业名厨确认满意口味，一款真材实料的蚝油产品。','https://detail.tmall.com/item.htm?spm=a1z10.5-b-s.w4011-14847189488.71.jAbxDV&id=15979793287&rn=9a25eaff4883bdf0ec0ac31625690120&abbucket=9',1,34),
	(39,14,'蓝莓酵醋','蓝莓，原产于北美洲，花青素含量丰富，如同珍贵的蓝宝石，被誉为水果中的皇后，被众多女性所追捧。','蓝莓酵醋','采用蓝莓汁、石榴汁、苹果汁发酵的基础果醋，加入进口野生蓝莓，充分浸制而成，色近蓝紫，内含蓝莓果实，果香浓郁，酸甜可口。','http://www.shinhomall.com/products/product-309.aspx',1,22),
	(40,19,'龙眼蜂蜜','来自泰国 祥和、纯净的土地，自然赐予的天然龙眼花蜜，色如琥珀、形如凝脂，养血安神、益心补气，蜜由心生、心生甜蜜。','蜜养碱生活','禾然自然龙眼蜂蜜花香四溢、养血安神、益心补齐，食之酸甜，实为碱性，晨起一杯蜂蜜水，晚睡一杯蜂蜜醋，朝夕享受“碱”生活。','https://detail.tmall.com/item.htm?spm=a1z10.3-b-s.w4011-14845846028.21.RXD8vg&id=39915653700&rn=e06e309033e4ff18c01a31e2c9f9e9d1&abbucket=14 ',1,39),
	(41,19,'特级初榨橄榄油','经过中国、欧盟双重有机认证，100%意大利原装进口，全程有机标准监控，新鲜果实直接压榨，纯物理低温压榨的第一刀橄榄油。','有机凝粹','100%意大利原装进口，精选优质有机橄榄果，低温物理压榨第一道橄榄油。来自地中海阳光凝粹精华，体验食物味觉的关爱、愉悦。','https://detail.tmall.com/item.htm?spm=a1z10.5-b-s.w4011-14847189488.100.coENLw&id=41651890257&rn=73e172a4a34afc417e0a048ac5de0703&abbucket=14',1,45),
	(42,19,'有机山茶油','严选天然有机原料，人工采摘野生油茶籽，坚持物理压榨只为最纯净的有机山茶油。高烟点200度以上，无有害物质，无污染无添加。','有机油养生活','有机山茶油在台湾被称为月子油，月子期间吃山茶油温补气血，促进产后内分泌机能恢复，产后食用产茶油，是妈妈最佳油养选择。','https://detail.tmall.com/item.htm?spm=a1z10.5-b-s.w4011-14847189488.82.coENLw&id=27544752801&rn=73e172a4a34afc417e0a048ac5de0703&abbucket=14',1,40),
	(43,19,'有机糙米醋','甄选100%东北有机糙米纯酿而成，呈色淡黄，米香淡雅。','有机食养爱上醋','用100%东北有机糙米纯酿的有机糙米醋，为基底醋DIY醋方，囤储应季蔬果，体验馈赠心意，感受手作之味，有机食养爱上醋。','https://detail.tmall.com/item.htm?spm=a1z10.5-b-s.w4011-14847189488.64.TlhPCV&id=20919588986&rn=f312d56bbb251faaba3da8afe25e264e&abbucket=14',1,46),
	(44,19,'有机赤味噌','只选东北有机大米、有机大豆，全程恒温密闭式发酵，多种氨基酸，开启美味与芳香的新境界。','料理心意','料理美妙的享受是赏其形、品其味，先形成一幅美妙画面，再享受时则倍感美味。','https://detail.tmall.com/item.htm?spm=a1z10.5-b-s.w4011-14847189488.88.TlhPCV&id=44483315353&rn=f312d56bbb251faaba3da8afe25e264e&abbucket=14',1,41),
	(45,19,'有机豆瓣酱','只选东北非转基因有机大豆、有机小麦粉，全程足期恒温酿造，酱香浓郁，自然酿造，0添加，科技保障全有机。','原酿原滋味','国人有浓厚的面情节，炸酱面更是寄托了游子对故乡的怀念之情。炸酱面扑鼻的酱香，带您回到童年的饭桌。','https://detail.tmall.com/item.htm?spm=a1z10.5-b-s.w4011-14847189488.76.TlhPCV&id=15965910360&rn=f312d56bbb251faaba3da8afe25e264e&abbucket=14',1,48),
	(46,19,'减盐有机酿造酱油','只选东北有机大豆小麦，全程恒温密闭式酿造，0添加，生产全程500项安全监控点，国际有机认证，科技权威，妈妈安心之选。','有机淡美味','天然有机源头可追溯，鲜美滋味，减盐30%，搭配有机鸡蛋的天然风味，既增进宝宝的食欲，又有助于养成清淡饮食的习惯。','https://detail.tmall.com/item.htm?spm=a1z10.5-b-s.w4011-14847189488.61.TlhPCV&id=20698287321&rn=f312d56bbb251faaba3da8afe25e264e&abbucket=14',1,43),
	(47,19,'儿童有机酱油','只选天然有机原料，传承传统工艺，坚持科学酿造, 0添加，独有减盐工艺，淡口味，让妈妈爱心饭简单做，宝贝爱吃每一餐。','有机美滋味','选择有机食材，使用适量天然有机调味品进行烹饪，更容易激发食材味道，令食物更鲜美，诱发宝贝对食物的热情，爱吃每一餐。','https://detail.tmall.com/item.htm?spm=a1z10.5-b-s.w4011-14847189488.73.TlhPCV&id=19991292420&rn=f312d56bbb251faaba3da8afe25e264e&abbucket=14',1,44),
	(48,19,'有机醇酱油','春机、夏悦、秋实、冬蕴，四季赋予我们取之不尽的丰饶与滋养；0添加，自然足期酿造，完全的优质植物蛋白带来柔雅醇香。','四季飨宴','有机，即遵循自然规律，是与自然万物和谐共处的种植方式。坚持以人为本，循自然之美 飨醇美之味。','https://detail.tmall.com/item.htm?spm=a1z10.5-b-s.w4011-14847189488.96.N8ANot&id=523903538683&rn=0038236a704511e152bf0b4ca9a45bdf&abbucket=14',1,47),
	(49,19,'有机酱油','严选天然有机原料，传递大自然馈赠我们的食物能量。坚持不添加、不妄为，传承传统工艺，科学自然酿造。','有机安心本源味','氤氲酱香，开启味蕾记忆，感恩一份自然与家的温暖。一份执着十余年的信念与坚持，开启味蕾记忆，感恩一份自然与家的温暖。','https://detail.tmall.com/item.htm?spm=a1z10.5-b-s.w4011-14847189488.66.N8ANot&id=19990528514&rn=0038236a704511e152bf0b4ca9a45bdf&abbucket=14',1,49),
	(50,19,'淡盐有机酱油','科技领先特殊工艺减盐26%，淡盐酱香更浓郁。严选天然有机原料，传承传统工艺，坚持科学酿造，让您与家人乐享盐淡轻食生活。','盐淡食轻安心美味','严选天然有机原料，传承传统工艺，坚持科学自然酿造，适合冷调蘸食，搭配健康有机食材，让您与家人乐享盐淡轻食生活。','https://detail.tmall.com/item.htm?spm=a1z10.5-b-s.w4011-14847189488.87.N8ANot&id=15966210527&rn=0038236a704511e152bf0b4ca9a45bdf&abbucket=14',1,42),
	(51,20,'素食佐餐酱','只选足期酿造酱，佐以非转基因大豆组织蛋白、纯净山茶油，低温慢火熬制，0添加，素雅酱香味亦足。','0添加素雅真味','一份用心烹制的扒烤鲜蔬，在唇齿间，感受最自然的味道。酱香，因自然而诞生其厚醇；生活，因回归而感受其本真。','https://detail.tmall.com/item.htm?spm=a1z10.5-b-s.w4011-14847189488.36.AOBQzs&id=38214238215&rn=2affd0f6bdb623e99a0549e4f21ee38c&abbucket=14',1,51),
	(52,20,'黄贡椒辣椒酱','甄选地道三樟黄贡椒，搭配酿造酱、纯净山茶油，用心低温熬制，0添加，辣味醇、香味浓。','0添加醇香地道','一鱼一酱极鲜亦辣,鱼鲜酱辣间,轻闻青山绿水边的自然气息,唇齿间感受天然贡椒的醇正. 产品标题：遵循自然黄贡椒辣椒酱。','https://detail.tmall.com/item.htm?spm=a1z10.5-b-s.w4011-14847189488.39.AOBQzs&id=38224993329&rn=2affd0f6bdb623e99a0549e4f21ee38c&abbucket=14',1,50),
	(55,21,'即食冲调味噌','味噌汤是日本料理中最为常见、也是最基本的菜品。即食冲调味噌操作简单，营养丰富。一碗味噌汤，暖身又暖心。','即食冲调味噌','味噌中加入鲣鱼颗粒提升汤体自然鲜味，配以FD蔬菜保证蔬菜的口感及营养，只需简单冲调即可品尝醇正味噌汤之味。','https://detail.tmall.com/item.htm?spm=a1z10.5-b-s.w4011-14847189488.71.7AwTNt&id=15980261298&rn=98e7425e29795a4d8455f2843bdf8899&abbucket=3',1,54),
	(56,21,'调味味噌','一餐饭，因调味味噌而变简单，无论做汤还是蘸酱，它都可以有效帮助保证菜品风味，解决了菜品制作风味难以掌握之苦。','调味味噌','调味味噌产品，在生味噌基础上加入鲣鱼汁、昆布汁调和而成，其风味和口感可满足丰富多样的需求，更易出美味多变的料理。','https://detail.tmall.com/item.htm?spm=a230r.1.14.1.4ObNte&id=522962568875&ad_id=&am_id=&cm_id=140105335569ed55e27b&pm_id=&abbucket=10',1,53),
	(57,21,'味噌复合酱','味噌复合酱产品以味噌原酱加之天然调味品，搭配出多样丰富的口感，既满足您的味蕾，又带来便捷的菜品制作体验。','味噌复合酱','味噌拉面富含营养如蛋白质、氨基酸、植物纤维等等，其中芝麻酱的香、鲜椒的辣、融合骨汤的浓，使这碗面让人难以拒绝。','https://detail.tmall.com/item.htm?spm=a230r.1.14.38.7LVz7W&id=521881672726&ns=1&abbucket=17',0,56);

/*!40000 ALTER TABLE `product` ENABLE KEYS */;
UNLOCK TABLES;


# Dump of table productsnew
# ------------------------------------------------------------

DROP TABLE IF EXISTS `productsnew`;

CREATE TABLE `productsnew` (
  `thisid` int(11) NOT NULL AUTO_INCREMENT,
  `brandid` int(11) DEFAULT NULL,
  `seriesid` int(11) DEFAULT NULL,
  `thisname` varchar(200) DEFAULT NULL,
  `thisintro` varchar(500) DEFAULT NULL,
  `thispic1` varchar(30) DEFAULT NULL,
  `thispic2` varchar(30) DEFAULT NULL,
  `thispic3` varchar(30) DEFAULT NULL,
  `thispic4` varchar(30) DEFAULT NULL,
  `thispic5` varchar(30) DEFAULT NULL,
  `thispicp` varchar(30) DEFAULT NULL,
  `thispicm` varchar(30) DEFAULT NULL,
  `thisurl` varchar(500) DEFAULT NULL,
  `thisfpic1` varchar(30) DEFAULT NULL,
  `thisfpic2` varchar(30) DEFAULT NULL,
  `thisfpic3` varchar(30) DEFAULT NULL,
  `thisfpic4` varchar(30) DEFAULT NULL,
  `thisfpic5` varchar(30) DEFAULT NULL,
  `techid` int(11) DEFAULT NULL,
  `thislimit` varchar(50) DEFAULT NULL,
  `thislimitunit` varchar(50) DEFAULT NULL,
  `thiscode1` varchar(100) DEFAULT NULL,
  `thiscode2` varchar(100) DEFAULT NULL,
  `thisland` varchar(200) DEFAULT NULL,
  `thisind` varchar(1000) DEFAULT NULL,
  `thisindland` varchar(1000) DEFAULT NULL,
  `thissub` varchar(1000) DEFAULT NULL,
  `thisway` varchar(1000) DEFAULT NULL,
  `thisnut` varchar(1000) DEFAULT NULL,
  `thispicin` varchar(30) DEFAULT NULL,
  `thisaward` varchar(300) DEFAULT NULL,
  `dateadd` timestamp NOT NULL DEFAULT CURRENT_TIMESTAMP,
  `dateupdate` datetime DEFAULT NULL,
  `isopen` tinyint(4) NOT NULL DEFAULT '0',
  `sorting` int(10) DEFAULT NULL,
  PRIMARY KEY (`thisid`)
) ENGINE=InnoDB DEFAULT CHARSET=utf8;

LOCK TABLES `productsnew` WRITE;
/*!40000 ALTER TABLE `productsnew` DISABLE KEYS */;

INSERT INTO `productsnew` (`thisid`, `brandid`, `seriesid`, `thisname`, `thisintro`, `thispic1`, `thispic2`, `thispic3`, `thispic4`, `thispic5`, `thispicp`, `thispicm`, `thisurl`, `thisfpic1`, `thisfpic2`, `thisfpic3`, `thisfpic4`, `thisfpic5`, `techid`, `thislimit`, `thislimitunit`, `thiscode1`, `thiscode2`, `thisland`, `thisind`, `thisindland`, `thissub`, `thisway`, `thisnut`, `thispicin`, `thisaward`, `dateadd`, `dateupdate`, `isopen`, `sorting`)
VALUES
	(1,NULL,NULL,'1',NULL,NULL,NULL,NULL,NULL,NULL,NULL,NULL,NULL,NULL,NULL,NULL,NULL,NULL,NULL,NULL,NULL,NULL,NULL,NULL,NULL,NULL,NULL,NULL,NULL,NULL,NULL,'2017-03-31 04:26:17',NULL,0,NULL),
	(3,1,NULL,'柠檬蒸鱼酱油','精选东北非转基因大豆，山东冬小麦，六个月足期发酵，添加天然柠檬汁，醇香柠香，去腥提鲜。\n亲手制作食物会让生活额外增色。带上围裙，一淋、一蒸，生活则开启另外一扇门，柠檬蒸鱼酱油，十分钟，也可烹饪出一道别样美味。','19381240177.png','','','','','19381240502.jpg','19381240567.jpg','http://www.shinshop.com/product-2239.html','19381240788.jpg','','','','',NULL,'18 个月',NULL,'SC10337063600220、SC10337063600061','GB/T 18186 高盐稀态','山东省烟台市','水、非转基因脱脂大豆、小麦、食用盐、白砂糖、谷氨酸钠、柠檬汁、调味料酒、5\'-呈味核苷酸二钠、琥珀酸二钠、姜原汁','东北','-','可用于蒸鱼，烹饪河鲜海鲜或佐餐凉拌、烹调炒菜等','每 15mL包含：能量 97kJ、蛋白质 1.7g、脂肪 0g、碳水化合物 4.0g、钠 914mg',NULL,NULL,'2017-03-31 05:04:38','2017-06-01 11:30:20',1,3),
	(4,2,NULL,'原浆紫米醋','云南墨江梯田的魅力不是人人都能看到，但醯官醋原浆紫米醋巧妙的把她带入你的日常，紫米本身富含的花青素，傲娇的不像粮食，混合水果和花草，绵柔口感缓缓道来梯田里的故事。\n好米酿好醋。便是醯官醋原浆紫米醋的写照。精选云南墨江紫米，保留丰富的花青素，无添加，未过滤，不论煲猪脚汤或泡醋，都是给家人最用心的料理。','19383377949.png','','','','','19383382603.jpg','19383382681.jpg','https://detail.tmall.com/item.htm?id=39800629572','19383384891.jpg','19383384969.jpg','19383385047.jpg','','',NULL,'三年',NULL,'QS3701 0302 1206','Q/YHJ 0002S','山东省济南市','水、紫米','云南墨江','无','可用于泡制各种蔬果醋、花草醋，用于烹饪、凉拌、蘸食、热炒均可','每 100mL 含有：能量 0kJ、蛋白质 0g、脂肪 0g、碳水化合物 0g、纳 0mg',NULL,NULL,'2017-04-02 02:53:41','2017-11-14 16:28:51',1,4),
	(5,2,NULL,'原浆苹果醋','幸福滋味还可以简单一点\n比如醯官原浆苹果醋\n加入蜂蜜和水搅拌一下，记住一个不会皱眉的比例苹果醋：蜂蜜：冰水＝1:2:16\n又是一个健康的下午茶\n\n成就醯官原浆苹果醋，靠的不仅是时间，还有只精选烟台苹果汁，拒绝任何调和工艺与添加，用质朴的劳作完成从原料到液体的转化，这过程的坚持只为你喝到时感念的那一口的纯粹','19383396357.png','','','','','19383397709.jpg','19383397566.jpg','http://www.shinshop.com/product-2261.html','19383400855.jpg','19383400972.jpg','19383401102.jpg','','',NULL,'三年',NULL,'QS3701 0302 1206','Q/YHJ 0002S','山东省济南市','水、浓缩苹果汁','无','无','根据个人口味需加水、蜂蜜稀释后食用，也可适用于各种蔬果沙拉','每 100mL 含有：能量 224kJ、蛋白质 0g、脂肪 0g、碳水化合物 1332g、纳 0mg、钙 12mg、铁 0.5mg',NULL,NULL,'2017-04-02 03:14:40','2017-11-14 16:28:33',1,5),
	(6,2,NULL,'原浆米醋','平凡生活中的幸福滋味大都蕴藏在微小而确实的故事里，像醯官遇上水果、花草，打破米醋作为厨房调料的模式，还原醋最初的伟大。「大米、水」便是醯官原浆米醋的精髓，无添加未过滤是繁杂世界中一种坚持。坚持只做「原浆」，才能在遇上水果时迸发出神奇的效果。早晚一杯DIY的果醋，快节奏中的慢享受。','19383422435.png','','','','','19383423319.jpg','19383423462.jpg','http://www.shinshop.com/product-2258.html','19383426569.jpg','19383426634.jpg','19383427011.jpg','19383426933.jpg','19383427154.jpg',NULL,'3 年',NULL,'QS3701 0302 1206','Q/YHJ 0002S','山东省济南市','水、大米','-','-','可用于泡制各种水果醋、花草醋，用于烹饪、凉拌、蘸食、热炒均可','每 100mL 含有：能量 10kJ、蛋白质 0g、脂肪 0g、碳水化合物 0.6g、钠 0mg',NULL,NULL,'2017-04-02 03:47:53','2017-06-01 11:55:19',1,6),
	(7,3,NULL,'黄豆酱','精选非转基因大豆，坚持原酿工艺，丰富的蛋白质与氨基酸含量，豆瓣多，口味鲜甜，经过 45 天发酵，属于发酵黄豆酱，与生鲜蔬菜搭配使得每一口都充满健康与营养。','19445298093.png','19639319648.png','19640427079.png','19640427365.png','19639319843.png','19445298886.jpg','19445298977.jpg','http://www.shinshop.com/product-2366.html','19445301603.jpg','19445301668.jpg','19445301746.jpg','','',NULL,'12月',NULL,'SC10337018100497','GB/T 24399','山东省济南市','水、小麦粉、非转基因大豆、食用盐、辣椒、白砂糖、大蒜、谷氨酸钠、 黄原胶、5\'-肌苷酸二钠、山梨酸钾、三氯蔗糖',' -',' -','用于蘸食生蔬、凉拌菜，烹制炒菜、蒸菜等。','每 15g 含有：能量 77 kJ、蛋白质 13g、脂肪 0.6g、碳水化合物 1.9g、钠 619mg',NULL,NULL,'2017-05-27 05:54:08','2017-11-16 11:22:28',1,7),
	(8,3,NULL,'活力时蔬酱','精选葱伴侣原酿酱,添加苹果汁、柠檬汁，清爽可口，蘸食生菜。创新包装，挤挤更方便，适合出行携带。\n\n青绿的黄瓜，新鲜的彩椒，橙黄的胡萝卜... ...五颜六色的蔬菜，富含多种维生素，搭配活力时蔬酱生食，既满足口味，又确保营养。','19445322533.png','19446319763.png','','','','19445323950.jpg','19445324041.jpg','http://www.shinshop.com/product-2244.html','19445333011.jpg','19445333102.jpg','19445334779.jpg','','',NULL,'12 个月',NULL,'SC10337068200412','Q/SSH 0001S','山东省烟台市','水、小麦粉、非转基因大豆、麦芽糖浆、食用盐、乙酰化双淀粉己二酸 酯、白砂糖、谷氨酸钠、浓缩苹果汁、柠檬汁、酵母抽提物、5\'-肌苷酸二钠、甘草酸三钾、三氯蔗糖、山梨酸钾','-','-','适用于蘸食生蔬、凉拌沙拉等。','每 15g 含有：能量 100kJ、蛋白质 0.8g、脂肪 0.4g、碳水化合物 4.2g、钠 442mg',NULL,NULL,'2017-05-27 06:36:43','2017-06-01 13:10:33',1,8),
	(9,16,NULL,'冰糖老抽酱油','为节省专业厨师烹饪时间，及烹饪菜品颜色呈现出稳定的红亮色泽, 味达美与餐饮名师们一起研制冰糖老抽，确保烹饪红烧、焖、炖类菜品红亮不发黑。','19446411335.png','19446411712.png','19446411829.png','19446411907.png','','19446414910.jpg','19446415001.jpg','http://www.shinshop.com/product-2242.html','19446414429.jpg','','','','',NULL,'24 个月',NULL,'QS3706 0301 0164','GB18186 高盐稀态','山东省烟台市','水、非转基因脱脂大豆、小麦','-','食用盐、白砂糖、冰糖、食品添加剂','广泛适用于红烧、炖、煮、酱焖等菜品','每 15mL 包含：能量 94kJ、蛋白质 1.2g、脂肪 0g、碳水化合物 4.3g、钠 973mg',NULL,NULL,'2017-05-28 05:41:32','2017-06-01 11:47:45',1,63),
	(10,3,NULL,'6月香蒜蓉豆瓣酱','精选东北非转基因大豆、山东小麦、辅以上等大蒜及羊角椒，90 天以上足期发酵，未添加黄原胶，颜色红亮，经典蒜香，微辣可口。\n培根金针菇卷，简单的做法和寻常的食材，蘸食 6 月香蒜蓉豆瓣酱，无论味道还是出品都让家人无比的称赞。\n','19446498773.png','','','','','19446500190.jpg','19446500281.jpg','http://www.shinshop.com/product-2253.html','19446500502.jpg','19446500619.jpg','19446500827.jpg','','',NULL,'12 个月',NULL,'SC10337018100497','GB/T 24399','山东省济南市','水、小麦粉、非转基因大豆、食用盐、辣椒、白砂糖、大蒜、谷氨酸钠、 乙酰化双淀粉己二酸酯、5\'-肌苷酸二钠、山梨酸钾、三氯蔗糖','-','-','适用于蘸食生菜、黄瓜、炖汤等。','每 15g 含有：能量 kJ、蛋白质 1g、脂肪 0.4g、碳水化合物 2.1g、钠 619mg',NULL,NULL,'2017-05-28 07:31:26','2017-06-01 13:05:59',1,9),
	(11,3,NULL,'6月香豆瓣酱','选用东北非转基因大豆、山东优质小麦，世界领先的设备与工艺，经 90 天以上足期发酵，大豆蛋白自然转为氨基酸，不添加黄原胶及人工色素，自然体态，浓郁酱香，山东正宗的原酿酱。','19446506781.png','19446506976.png','19446507054.png','','','19632472002.jpg','19632472093.jpg','http://www.shinshop.com/product-2247.html','19446507782.jpg','19446507886.jpg','','','',NULL,'12 个月',NULL,'QS3701 0306 0157','GB/T 24399','山东省济南市','水、非转基因大豆、小麦粉、食用盐、白砂糖、谷氨酸钠、5\'-肌苷二钠、 山梨酸钾、三氯蔗糖',' -',' -','适于蘸食时蔬，如葱、黄瓜等，亦可做汤。','每 15g 包含：能量 87kJ、蛋白质 1.8g、脂肪 0.7g、碳水化合物 1.8g、钠 619mg',NULL,NULL,'2017-05-28 07:41:07','2017-11-09 09:16:03',1,10),
	(12,3,NULL,'6月香辣椒酱','产品采用优质红辣椒作为主要原料，采用韩国工艺，由韩国技师参与精酿而成，属 100% 酿造式辣酱。口味鲜甜、微辣，口感细腻、清爽，纯正的韩国风味，富含维生素 C，产品中的糯米粉成分，富含 B 族维生素。','19446515946.png','19446516206.png','19446516284.png','19446516375.png','','19446517077.jpg','19446517168.jpg','http://www.shinshop.com/product-2252.html','19446518559.jpg','19446520704.jpg','19446520808.jpg','19446520873.jpg','',NULL,'12 个月',NULL,'SC10937063600039','Q/YXS0001S','山东省烟台市','水、小麦粉、麦芽糖浆、酿造酱、水、辣椒粉、糯米、食用盐、食用酒精',' -',' -','适用于石锅拌饭、炒年糕、烧烤、拌面、拌饭、蘸食等。','每 100g 包含：能量 975kJ、蛋白质 6.5g、脂肪 2.1g、碳水化合物 46.3g、钠 2752mg',NULL,NULL,'2017-05-28 07:57:04','2017-11-08 17:14:02',1,11),
	(13,3,NULL,'6月香甜面酱','选用山东优质小麦，东北非转基因大豆，经 90 天以上足期发酵，未添加黄原胶，体态细腻、颜色红亮、酱香浓郁，是山东正宗原酿。\n在春饼上薄薄的涂一层葱伴侣 6月香甜面酱，放入炒好的合菜，色味俱佳，独处异乡时总能勾起你思乡的味蕾。','19446530441.png','19446530584.png','','','','19446530831.jpg','19446530922.jpg','http://www.shinshop.com/product-2249.html','19446531832.jpg','19446531936.jpg','19446532040.jpg','','',NULL,'12 个月',NULL,'SC10337018100497','SB/T10296','山东省济南市',' 水、小麦粉、非转基因大豆、食用盐、白砂糖、芝麻酱、谷氨酸钠、乙酰化双淀粉己二酸酯、5\'-肌苷酸二钠、山梨酸钾、三氯蔗',' -',' -','适用于蘸食、烧菜、炖汤等，可供蘸食，用于干炸、酥炸、香炸、煎、 烙烤制品的佐餐，也是酱爆系列菜肴不可或缺的领先调味品。','每 15g 包含：能量 100kJ、蛋白质 1.3g、脂肪 0.6g、碳水化合物 3.3g、钠 442mg',NULL,NULL,'2017-05-28 08:11:22','2017-11-08 17:11:12',1,12),
	(14,16,NULL,'味极鲜酱油','欣和率先引入世界最先进的酿造工艺，并与鲁菜专业厨师共同研制出此款美味的调味产品，为其取名：味达美味极鲜。采用世界领先的高盐稀态发酵法，精选东北非转基因大豆，山东冬小麦，足期精酿，不添加防腐剂和焦糖色。','19450879734.png','19450879916.png','19450879994.png','19450880085.png','','19450881138.jpg','19450881229.jpg','http://www.shinshop.com/product-2236.html','19450881814.jpg','','','','',NULL,'24 个月',NULL,'QS3706 0301 0164','GB18186 高盐稀态','山东省烟台市','水、非转基因脱脂大豆、小麦','-','食用盐、白砂糖、酵母抽提物、食品添加剂','可用于佐餐凉拌或烹调凉菜','每 15mL 包含：能量 58kJ、蛋白质 2.0g、脂肪 0g、碳水化合物 1.4g、钠 885mg',NULL,NULL,'2017-05-31 17:08:01','2017-06-01 11:42:10',1,65),
	(15,16,NULL,'清香米醋','采用液态深层发酵工艺，不添加任何防腐剂，与专业厨师合作，共同研发的米醋配方。百分百大米发酵，健康零添加，采用专业星级厨师的凉菜配方研制而成，独家添加一定比例的果汁，凉拌更酸爽。','19450891629.png','19450891798.png','19450892110.png','19450892201.png','','19450892981.jpg','19450893059.jpg','http://www.shinshop.com/product-2355.html','19450893709.jpg','','','','',NULL,'36 个月',NULL,'QS3701 0302 1206','GB18187 液态发酵','山东省济南市','水、大米','-','白砂糖、浓缩苹果汁、酵母抽提物','适用于热炒、调姜汁、蒜汁、凉拌、汤等','-',NULL,NULL,'2017-05-31 17:23:15','2017-06-01 11:44:59',1,62),
	(16,16,NULL,'臻品蚝油','选用优质牡蛎肉破碎原汁，搭配高品质酿造酱油，经中国烹饪专业厨师确认满意口味，一款真材实料的蚝油产品。真材实料，蚝足才臻。严选优质生蚝为原料，蚝汁含量高，每 510g 臻品蚝油所含蚝汁浓缩约 800g 生蚝精华，并经专业真材实料，蚝足才臻，烹饪专业厨师共同开发而成。','19450898727.png','19450898896.png','19450899000.png','19450899091.png','','19450899455.jpg','19450899546.jpg','http://www.shinshop.com/product-2264.html','19450900053.jpg','','','','',NULL,'24 个月',NULL,'SC10937063600039','GB/T 21999','山东省烟台市','蚝汁、水、食用盐','-','酿造酱油、白砂糖、食品添加剂','可用于凉拌、烹调炒菜、炖菜或腌制等','每 15g 包含：能量 66kJ、蛋白质 0.7g 、脂肪 0g、碳水化合物 3.2g、钠 531mg',NULL,NULL,'2017-05-31 17:31:23','2017-06-01 11:49:03',1,64),
	(17,1,NULL,'特级酱油','六月鲜，坚持每一瓶酱油都是六个月发酵。\n六月，不只是时间、而是像孕育生命一样酿造每一瓶酱油。\n我们只做特级酱油，让家人安心享用每一餐、乐活健康每一天。','19450909244.png','19450909335.png','19450909400.png','19450909517.png','19450909608.png','19450912793.jpg','19450912897.jpg','http://www.shinshop.com/product-2361.html','19450919241.jpg','19450919319.jpg','','','',NULL,'18 个月',NULL,'SC10337063600061、SC10337063600220、SC10337063600061','GB/T 18186 高盐稀态','山东省烟台市','水、非转基因脱脂大豆、小麦、食用盐、白砂糖、酵母提取物、谷氨酸钠、5\'-肌苷酸二钠、甘草酸三钾','-','-','可用于佐餐凉拌或烹调炒菜','每 15mL 包含：能量 58kJ、蛋白质 2.0g、脂肪 0g 、碳水化合物1.4g、钠 825mg',NULL,NULL,'2017-05-31 17:56:09','2017-06-01 11:27:13',1,14),
	(18,1,NULL,'红烧酱油','六个月酿造的鲜香微甜，红烧炒菜的出色入味。\n专为红烧菜肴打造，烧出一手色香、吃出一口健康。\n兼顾美丽与内涵，就是这瓶。','19450924740.png','19450924805.png','19450924857.png','19450924922.png','19450924987.png','19450926261.jpg','19450926443.jpg','http://www.shinshop.com/product-2433.html','19450926872.jpg','','','','',NULL,'24个月',NULL,'SC10337063600061、SC10337063600220','GB/T 18186 高盐稀态','山东省烟台市','水、非转基因脱脂大豆、小麦、食用盐、焦糖色、白砂糖、酵母提取物、谷氨酸钠、5\'-肌苷酸二钠、三氯蔗糖、甘草酸三钾','-','-','可用于各式红烧或烹调炒菜','每 15mL 包含：能量 88kJ、蛋白质 1.7g、脂肪 0g、碳水化合物 3.5g、钠 945mg',NULL,NULL,'2017-05-31 18:05:58','2017-06-01 11:24:47',1,13),
	(19,1,NULL,'特级原汁酱油','六个月酿造的鲜香微甜，红烧炒菜的出色入味。\n专为红烧菜肴打造，烧出一手色香、吃出一口健康。\n兼顾美丽与内涵，就是这瓶。','19450938546.png','19450938624.png','','','','19450935595.jpg','19450935660.jpg','http://www.shinshop.com/product-2241.html','19450938234.jpg','','','','',NULL,'18 个月',NULL,'SC10337063600220、SC10337063600061','GB/T 18186 高盐稀态','山东省烟台市','水、非转基因脱脂大豆、小麦、食用盐','-','-','可用于佐餐凉拌或烹调炒菜、炖菜','每 15mL 包含：能量 48kJ、蛋白质 1.6g、脂肪 0g、碳水化合物 12g、钠 885mg',NULL,NULL,'2017-05-31 18:20:56','2017-06-01 11:31:33',1,2),
	(20,1,NULL,'特级淡盐酱油','六个月酿造的科学工艺，究极平衡之美。\n引领行业工艺，减盐不减淡、讲究不将就。\n重品味，轻生活，让负担轻一点。','19450950363.png','19450950428.png','19450950493.png','','','19450950935.jpg','19450951000.jpg','http://www.shinshop.com/product-2360.html','19450951897.jpg','','','','',NULL,'18 个月',NULL,'SC10337063600061','GB/T 18186 高盐稀态','山东省烟台市','水、非转基因脱脂大豆、小麦、食用盐、食用酒精、酿造食醋、乳酸','-','-','可用于佐餐凉拌或烹调炒菜','每 15mL 包含：能量 48kJ、蛋白质 1.5g、脂肪 0g、碳水化合物 1.3g、钠 531mg',NULL,NULL,'2017-05-31 18:37:52','2017-06-01 11:34:26',1,1),
	(21,18,NULL,'有机酱油','源于一份善待自然的心意，我们用心甄选天然有机原料，忠于食物源头可追溯，坚持科学自然酿造，尽可能减少配料，遵循食物本源味道，真正 0 添加。倡导乐活、可持续的生活理念，“不添加，无妄为”既是产品生产宗旨，亦是品牌的乐活哲理。','19464390270.png','19464400501.png','19464400579.png','19464400644.png','19641498643.png','19464391869.jpg','19464391947.jpg','http://www.shinshop.com/product-2234.html','19464398135.jpg','19464398057.jpg','','','',NULL,'24个月',NULL,'SC10337063600220','GB 18186','山东省烟台市','水、有机脱脂大豆、有机小麦、食用盐','东北','每 10mL 包含：能量 36kJ、蛋白质 1.1g、脂肪 0g、碳水化合物 1.0g、钠 609mg','清炒、沙拉、凉拌、海鲜蘸食',' -',NULL,NULL,'2017-06-12 17:59:51','2017-11-17 10:10:04',1,25),
	(22,19,NULL,'原酿酱油','遵循自然，得名于老子《道德经》“人法地、地法天、天法道、道法自然“\n\n致醇之味，酿之极致，纯粮自然发酵，0 添加，每 100mL 里含有 12.5g 植物蛋白，氨基酸态氮在 0 添加的情况下可以达到 1.15g/100mL，颜色中红，适合烹/卤/炖/腌，色泽自然、红亮诱人、酱酯厚醇。美味、健康，给家人吃得安心，及由此而来的幸福满足感。','19465454645.png','19465455607.png','19465455997.png','','','19465462991.jpg','19465463056.jpg','http://www.shinshop.com/product-2231.html','19465465136.jpg','19465465201.jpg','','','',NULL,'24个月',NULL,'SC10337063600220','GB/T 18186','山东省烟台市','水、非转基因脱脂大豆、小麦、食用盐','东北、山东','-','可用于烹调炒菜、卤、久炖、腌制，上色入味','每 10mL 包含：能量 44kJ、蛋白质 1.3g、 脂肪 0g、碳水化合物 1.3g、钠 570mg',NULL,NULL,'2017-06-13 16:44:39','2017-06-13 16:49:39',1,15),
	(23,18,NULL,'儿童有机酱油','源于一份善待自然的心意，用心甄选天然有机原料，忠于食物源头可追溯，坚持科学自然酿造，尽可能减少配料，遵循食物本源味道，真正 0 添加。倡导乐活、可持续的生活理念，“不添加，无妄为” 。\n\n选用有机原料，减盐工艺，淡口味，自然心意酿造的鲜美滋味，让妈妈爱心饭简单做，宝贝爱吃每一餐。','19465551417.png','19465565028.png','','','','19465557254.jpg','19465557319.jpg','http://www.shinshop.com/product-2362.html','19465561999.jpg','','','','',NULL,'18个月',NULL,'SC10337063600220','GB 18186','山东省烟台市','水、有机脱脂大豆、有机小麦、食用盐','东北','-','儿童辅食调味、佐味面条、凉拌等','每 10mL 包含：能量 31kJ、蛋白质 1g、脂肪 0g、碳水化合物 0.8g、钠 523mg',NULL,NULL,'2017-06-13 18:48:50','2017-06-13 19:00:25',1,23),
	(24,18,NULL,'有机山茶油（油茶籽油）','源于一份善待自然的心意，用心甄选天然有机原料，忠于食物源头可追溯，坚持科学自然酿造，尽可能减少配料，遵循食物本源味道，真正0添加。倡导乐活、可持续的生活理念，“不添加，无妄为”。\n\n甄选浙江乌溪江国家生态湿地公园油茶籽，全程有机认证、物理压榨，口味清爽不油腻，高温无苯丙等有害物质，清身净食好味道。','19465572230.png','19465572347.png','','','','19465573218.jpg','19465573335.jpg','http://www.shinshop.com/product-2281.html','19465573881.jpg','','','','',NULL,'24个月',NULL,'QS3308 0201 0028','GB 11765','浙江衢州','油茶籽','浙江','-','热烹、清炒','每 100g 包含：能量 3700kJ、脂肪 100g',NULL,NULL,'2017-06-13 19:04:01','2017-06-13 19:07:29',1,19),
	(25,18,NULL,'有机赤味噌','倡导乐活、可持续的生活理念，“不添加，无妄为”既是产品生产宗旨，亦是品牌的乐活哲理。\n\n有机赤味噌，用心酿制的安心美味。纯正有机，酯香馥郁。只选东北有机大米、有机大豆，全程恒温密闭式发酵，多种氨基酸，开启美味与芳香的新境界。','19472202308.png','19472202581.png','','','','19472204882.jpg','19472205038.jpg','http://www.shinshop.com/product-2441.html','19472206143.jpg','','','','',NULL,'12个月',NULL,'SC10737068200284','Q/SZY 0001S','山东省烟台市','水、有机大豆、有机大米、食用盐，食用酒精','东北','-','-','每 15g 包含： 能量 108KJ、蛋白质 1.8g、脂肪 0.7g、碳水化合物 3.0g、钠 767mg',NULL,NULL,'2017-06-19 16:46:54','2017-06-19 16:50:59',1,20),
	(26,18,NULL,'有机醇酱油','循自然之美，飨醇美之味。\n\n春夏秋冬的轮回、大自然馈赠美好的食物\n动物与环境的和谐相处\n有机醇酱油将其精华完美融入美味料理之中\n独特北纬 38° 的发酵风味，馥郁醇厚的气息，渲染食物本源味道，唤醒自然美味的新体验','19472213488.png','','','','','19472214177.jpg','19472214307.jpg','http://www.shinshop.com/product-2385.html','19472214918.jpg','','','','',NULL,'18个月',NULL,'SC10337063600220','GB 18186 ','山东省烟台市','水、有机脱脂大豆、有机小麦、食用盐','东北','-','清炒、沙拉、凉拌、海鲜蘸食','-',NULL,NULL,'2017-06-19 16:58:08','2017-06-19 17:02:41',1,24),
	(27,18,NULL,'淡盐有机酱油','淡盐轻食好味道。原料选用东北有机大豆与有机小麦，足期发酵，应用淡盐发酵工艺，严控钠含量,减盐26%，减盐不减味，让饮食低盐低负担，让您吃的健康，健康的吃。','19472221288.png','19472222159.png','','','','19472221808.jpg','19472221899.jpg','http://www.shinshop.com/product-2233.html','19472223420.jpg','','','','',NULL,'18个月',NULL,'SC10337063600220','GB 18186','山东省烟台市','水、有机脱脂大豆、有机小麦、食用盐','东北','-','清炒、沙拉、凉拌、海鲜蘸食','每 10mL 包含：能量 31kJ、蛋白质 0.9g、碳水化合物 0.9g、钠 550mg',NULL,NULL,'2017-06-19 17:09:03','2017-06-19 17:12:27',1,22),
	(28,18,NULL,'有机豆瓣酱','倡导乐活、可持续的生活理念，“不添加，无妄为”既是产品生产宗旨，亦是品牌的乐活哲理。\n\n只用东北非转基因有机大豆、有机小麦粉，全程足期恒温酿造，酱香浓郁，自然酿造 0 添加，科技保障全有机。\n','19472231376.png','19472231532.png','','','','19472238630.jpg','19472238708.jpg','http://www.shinshop.com/product-2335.html','19472240125.jpg','','','','',NULL,'12个月',NULL,'SC10337068200412','GB/T 24399','山东省烟台市','水、有机大豆、有机小麦粉、食用盐','东北','-','适合直接蘸食、酱烧、酱汤、冷拌','每 15g 包含：能量 96KJ、蛋白质 1.6g、脂肪 0.7g、碳水化合物 2.5g、钠 619mg',NULL,NULL,'2017-06-19 17:30:29','2017-06-19 17:32:56',1,21),
	(29,18,NULL,'有机特级初榨橄榄油','倡导乐活、可持续的生活理念，“不添加，无妄为”既是产品生产宗旨，亦是品牌的乐活哲理。\n\n意大利原装进口，来自地中海阳光的凝萃精华，低温物理压榨，体验食物味觉的关爱、愉悦与享受。','19472248055.png','19472248354.png','19472248419.png','','','19472248640.jpg','19472248757.jpg','http://www.shinshop.com/product-2386.html','19472249732.jpg','','','','',NULL,'24个月',NULL,'原装进口','原装进口','意大利','有机特级初榨橄榄油','意大利',' -','沙拉、凉拌调味',' -',NULL,NULL,'2017-06-19 17:42:48','2017-11-17 10:11:54',1,18),
	(30,18,NULL,'有机糙米醋','有机食养爱上醋。用 100% 东北有机糙米纯酿的有机糙米醋为基底醋 DIY 醋方，囤储应季蔬果，体验馈赠心意，感受手作之味，以醋养人，有机食养爱上醋。\n','19472266138.png','19472278267.png','','','','19472282843.jpg','19472282934.jpg','http://www.shinshop.com/product-2259.html','19472283246.jpg','','','','',NULL,'24个月',NULL,'SC10337018100497','GB 18187 液态发酵','山东省济南市','水、有机糙米','东北',' -','沙拉、寿司、海鲜、凉拌或热烹',' -',NULL,NULL,'2017-06-19 18:25:45','2017-11-17 10:14:36',1,17),
	(31,18,NULL,'自然龙眼蜂蜜','泰国原装进口龙眼蜂蜜，花香四溢。来自泰国祥和、纯净的土地，自然赋予的天然龙眼花蜜，色如琥珀、形如凝脂、养血安神、益心补气、蜜由心生、心生甜蜜。','19472287874.png','19472288082.png','19641503843.png','','','19472290526.jpg','19472290617.jpg','http://www.shinshop.com/product-2283.html','19472290799.jpg','','','','',NULL,'36个月',NULL,' -',' -','泰国','龙眼蜂蜜','泰国',' -','即食或烘焙糕点，亦可用于烹调佳肴及作为代糖冲饮。以柠檬混合为冷饮乃解渴良品。','每 100g 包含：能量 1443KJ、蛋白质 0g、脂肪 0g、碳水化合物 84.9g、 钠 0mg',NULL,NULL,'2017-06-19 18:35:28','2017-11-17 10:16:56',1,16),
	(32,20,NULL,'麻辣花生','麻辣花生是将功夫与美食相结合，并专注于麻辣，在麻辣界自成一派，享誉全球，意在成为消费者生活当中无可取得的零食之一。','19570949853.png','19570949918.png','19570949983.png','','','19570949268.jpg','19570952830.jpg','http://www.shinshop.com/product-2304.html','19570950230.jpg','19649407843.jpg','19649407934.jpg','19649408012.jpg','',NULL,'10个月',NULL,'SC11837018100213','Q/DXH0014S','山东省济南市','花生、辣椒、香辛料','山东、四川','花生（≥50%），辣椒、非转基因大豆油、食用盐、香辛料、谷氨酸钠、维生素E','开袋即食','每100g当中：能量：2558KJ、蛋白质:24.6g；脂肪：49.7g；碳水化合物：17.7g；钠：786mg',NULL,NULL,'2017-09-15 14:45:17','2017-11-24 11:13:03',1,84),
	(33,20,NULL,'麻辣小鱼干花生','与朋友一起聚会时，抑或一个人在家，伴着几首喜欢的音乐，一份简单的小鱼干花生，一个宅人的惬意，只有当事人才知道。','19572095179.png','19572095296.png','','','','19572095413.jpg','19572095465.jpg','http://www.shinshop.com/product-2305.html','19572102589.jpg','','','','',NULL,'10个月',NULL,'SC11837018100213','Q/DXH 0013S','山东省济南市','花生、风味鱼干','山东、日本','花生（≥50%）、风味鱼干(16%)(小鱼、白砂糖、芝麻、食用盐、谷氨酸钠)、辣椒、非转基因大豆油、花椒、食用盐、谷氨酸钠、维生素E','开袋即食','每100g能量2447KJ、蛋白质28.4g、脂肪44.7g、碳水化合物18.1g、钠1004mg',NULL,NULL,'2017-09-16 15:19:21','2017-09-16 15:28:30',1,26),
	(34,20,NULL,'麻辣小虾花生','麻辣花生与海洋系，创造的又一作品，保留了红虾和花生的营养，给下午茶增添了一份味型；','19572105436.png','19572105527.png','','','','19572105605.jpg','19572105657.jpg','http://www.shinshop.com/product-2314.html','19572105722.jpg','','','','',NULL,'10个月',NULL,'SC11837018100213','Q/DXH 0013S','山东省济南市','花生、调味小虾','山东、日本','花生（≥50%）、调味小虾（16%）（小虾、白砂糖、芝麻、食用盐、谷氨酸钠、葱、香辛料）、辣椒、非转基因大豆油、花椒、食用盐、谷氨酸钠、维生素E','开袋即食','每100g能量2415KJ、蛋白质28.7g、脂肪42.2g、碳水化合物21.5g、钠1580mg',NULL,NULL,'2017-09-16 15:23:18','2017-09-16 15:27:07',1,27),
	(35,20,NULL,'香脆椒','这一次我们做的不仅仅是味道；而是触动烹饪师的创作心灵，一道道色香味俱全的美味佳肴，从后厨走向了餐桌，使食客们点赞叫绝。黄飞红香脆椒选用小辣椒，搭配山东大花生，添加芝麻，经过多道工艺研制而成，从内到外透着一份微辣飘香的风味。\n','19572112027.png','19572112170.png','','','','19572112352.jpg','19572112521.jpg','http://www.shinshop.com/product-2290.html','19572112248.jpg','','','','',NULL,'8个月',NULL,'SC11837018100213','Q/DXH0014S','山东省济南市','辣椒、花生、芝麻','山东','辣椒、花生、淀粉、芝麻、非转基因大豆油、食用盐、白砂糖、谷氨酸钠、维生素E','开袋即食或烹制美食','每100g能量2595KJ、蛋白质11.1g、脂肪51.3g、碳水化合物29.9g、钠629mg、铜0.23mg、锰0.45mg',NULL,NULL,'2017-09-16 15:31:59','2017-09-16 15:46:59',1,28),
	(36,16,NULL,'菠萝咕咾肉调味酱','菠萝咕咾肉始于清代以猪梅肉调味，入油锅炸至酥脆，粘上糖醋卤汁,其味酸甜可口，口感清新解腻，受到中外宾客的欢迎。','19583361239.png','19583369858.png','19583383404.png','19583384678.png','','19583403567.jpg','19583404893.jpg','http://www.shinshop.com/product-2612.html','19629378353.jpg','19629378379.jpg','19629378418.jpg','','',NULL,'12个月',NULL,'SC10937063600039','Q/DXH 0005S','烟台','--','--','酿造酱油（水、大米），冰糖，白砂糖，番茄酱，山楂乌梅浓浆（山楂，乌梅，白砂糖，玫瑰茄，杏，大枣，山楂汁，水，食用盐，柠檬酸，DL－苹果酸，柠檬酸钠，黄原胶，维生素C，三氯蔗糖，羧甲基纤维素钠，山梨酸钾），水，羟丙基二淀粉磷酸脂，酿造酱油，食用盐，柠檬酸，香辛料，酵母抽提物，辣椒红，红曲米','广泛适用于红烧、炖、煮、酱焖等菜品','能量、蛋白质、脂肪、碳水化合物、钠',NULL,NULL,'2017-09-26 16:55:20','2017-11-14 16:36:59',1,58),
	(37,16,NULL,'葱烧海参调味汁','葱烧海参是鲁菜系中的经典名菜，鲁菜选料考究，刀工精细，技法全面，本来海参这个食材是很难料理的，因为不仅腥味很重，更关键的是还很难入味，所以葱烧海参这道菜，汤汁是关键，说到汤汁，这款葱烧海参调味汁就可以轻松解决了。海参葱香味醇，肉质轻盈滑溜，只欲直接滑入喉咙，而海参特有的淡淡回味，则久久在喉中徘徊。','19636975774.png','19584182566.png','19584185348.png','19584182618.png','','19584199076.jpg','19584198179.jpg','','19629378665.jpg','19629380368.jpg','19629380407.jpg','','',NULL,'12个月',NULL,'SC10937063600039','Q/DXH 0004S','烟台','--','--','酿造酱油（水、非转基因脱脂大豆、小麦、食用盐、白砂糖、酵母抽提物、谷氨酸钠、5‘-肌苷酸二钠、甘草酸三钾）、白砂糖、清酒、食用盐、香辛料、鸡肉提取物（鸡肉、鸡脂、食用盐）、焦糖色、羟丙基二淀粉磷酸脂、红曲米','用于烹饪葱烧海参、葱烧路筋等菜肴','能量、蛋白质、脂肪、碳水化合物、钠',NULL,NULL,'2017-09-27 09:55:22','2017-11-14 13:27:01',1,57),
	(38,41,1,'百里挑一的水果黄瓜','来自旭耕的水果黄瓜，每一根都经过层层筛选。\n挑颜值：光滑如玉，盈盈一握，美到心间。\n挑口感：水分最高达到98%，让新鲜、水分与营养在唇齿间回味留香。\n挑安心：遵循有机方式种植，真正零农残！','19600147840.png','19600147879.png','19600147970.png','19600148048.png','','19600181731.jpg','19600181783.jpg','','19600183681.jpg','','','','',NULL,'5天',NULL,' -',' -','山东省烟台市',' -','山东省烟台市',' -','冲洗即食 凉拌沙拉皆可','  -',NULL,NULL,'2017-10-11 15:20:43','2017-11-08 15:28:54',1,29),
	(39,41,1,'补血神器——甜菜根','作为超级食物阵营里的一员，甜菜根已经从国外火到了国内。一天一杯250ml的甜菜根汁就能有效降低血压并减少心血管疾病风险。此外，它还是血管保卫者，准妈妈补充叶酸的天然来源，强抗氧化剂又能帮助延缓衰老。所以，来自旭耕的有机的甜菜根，你还不赶紧买回家？','19600192079.png','19600192131.png','19600192235.png','19600192404.png','19600192482.png','19600197565.jpg','19600197669.jpg','','19600197838.jpg','','','','',NULL,'5天',NULL,' -',' -','山东省烟台市',' -',' -',' -','榨汁生食、凉拌即食',' -',NULL,NULL,'2017-10-11 15:38:51','2017-11-08 15:12:04',0,30),
	(40,41,1,'天生卖萌的小南瓜','天生就是Q萌颜值的旭耕有机小南瓜包括了贝贝南瓜和黄金小南瓜，尽管它们和我们常规见到的大南瓜相差甚远，但其实都是杂交品种。口感上黄金小南瓜偏甜滑，而贝贝南瓜尝起来更粉糯，不仅适合一餐食用，更能做成南瓜泥，南瓜粥等，是宝宝营养餐的不二选择。','19600213698.png','19600213750.png','19600213802.png','19600213867.png','19600213906.png','19600220822.jpg','19600220887.jpg','','19600222551.jpg','','','','',NULL,'7天',NULL,' -',' -','上海市崇明区',' -','上海市崇明区',' -','清蒸、炒、炖','  -',NULL,NULL,'2017-10-11 16:10:29','2017-11-08 15:29:33',0,31),
	(41,41,1,'人气超高的缤纷小番茄','作为旭耕有机农场里的明星产品，美味爆浆的樱桃番茄一直是大家的必选的特色食材。丰富的品种和色彩，让你把不同口感的樱桃番茄都尝个够，刚让你的餐盘变得绚烂缤纷。而最重要的是，你只要用十几秒清洗果皮，就可以安心放心的品尝我们的有机樱桃番茄，把所有的营养都吃进去！','19600230533.png','19600230572.png','19600230676.png','19600230715.png','19600230754.png','19600237579.jpg','19600237644.jpg','','19600238996.jpg','','','','',NULL,'5天',NULL,' -',' -','山东省烟台市',' -','山东省烟台市',' -','洗净生食、煮汤、清炒',' -',NULL,NULL,'2017-10-11 16:31:34','2017-11-08 15:27:47',0,32),
	(42,41,2,'0农残的草莓','每年都备受期待的旭耕草莓分别在两地农场都有种植，1月至5月持续供应。作为种植难度相当高的水果，以有机方式培育的草莓产量非常低，却足够安心食用！不使用任何催大催甜的化学物质，遵循自然规律成熟的旭耕草莓颗颗籽粒饱满、酸甜可口！','19600992242.png','19600992320.png','19600992437.png','19600992541.png','','19601001420.jpg','19601001472.jpg','','19601004475.jpg','','','','',NULL,NULL,NULL,NULL,NULL,NULL,NULL,NULL,NULL,NULL,NULL,NULL,NULL,'2017-10-12 08:52:57','2017-10-12 08:52:57',0,33),
	(43,41,2,'脆脆哒甜心油桃','产自烟台海阳有机农场，6月下旬至7月上旬供应。自然授粉的产物，枝头垂挂的果实连鸟儿都忍不住要来偷偷啄食。简单清洗即可连皮同食，富含果胶和纤维，养颜不怕胖。轻咬下去，脆甜爽口，桃味十足！','19601397777.png','19601397907.png','19601397959.png','19601398011.png','','19601398687.jpg','19601398713.jpg','','19601398817.jpg','','','','',NULL,NULL,NULL,NULL,NULL,NULL,NULL,NULL,NULL,NULL,NULL,NULL,NULL,'2017-10-12 17:18:31','2017-10-12 17:18:31',0,34),
	(44,41,2,'入口即化的网纹蜜瓜','海阳是网纹瓜的特产地，旭耕有机网纹瓜正是来自烟台海阳有机农场，每年的5月~7月是网纹瓜丰收的时期。每一颗瓜宝都经历了由冬入春整整120天养分与甜分的积聚，瓜瓤软糯，入口即化。浓郁果味混合着丝丝奶香在舌尖蔓延开的感觉，轻松俘获米其林三星大厨的心！','19601409893.png','19601409997.png','19601410075.png','19601410127.png','','19601410478.jpg','19601410517.jpg','','19601410712.jpg','','','','',NULL,NULL,NULL,NULL,NULL,NULL,NULL,NULL,NULL,NULL,NULL,NULL,NULL,'2017-10-12 17:33:53','2017-10-12 17:33:53',0,35),
	(45,41,2,'靠谱的西瓜','夏天，怎能少了旭耕的有机西瓜？来自两地有机农场的西瓜，包含了红心、黄心等多品种的西瓜，均在七月盛夏清甜供应。在有机农场里自然生长长达120天的它们，远离膨大剂、催熟剂、甜蜜素等化学物质，真正做到靠谱，安心。','19601426637.png','19601426767.png','19601427053.png','19601427105.png','','19601427469.jpg','19601427586.jpg','','19601427742.jpg','','','','',NULL,NULL,NULL,NULL,NULL,NULL,NULL,NULL,NULL,NULL,NULL,NULL,NULL,'2017-10-12 17:55:36','2017-10-12 17:55:36',0,36),
	(46,41,2,'脆脆哒甜心油桃','产自烟台海阳有机农场，6月下旬至7月上旬供应。自然授粉的产物，枝头垂挂的果实连鸟儿都忍不住要来偷偷啄食。简单清洗即可连皮同食，富含果胶和纤维，养颜不怕胖。轻咬下去，脆甜爽口，桃味十足！','19602355331.png','19602355422.png','19602355461.png','19602355565.png','','19602355617.jpg','19602355695.jpg','','19602355773.jpg','','','','',NULL,NULL,NULL,NULL,NULL,NULL,NULL,NULL,NULL,NULL,NULL,NULL,NULL,'2017-10-13 13:46:11','2017-10-13 13:46:11',0,37),
	(47,41,3,'如何见证一粒好米？','选用农业部超级稻田品种，空偶感香糯，米味纯正；不施加化学农药，近200只稻田鸭成田间守护者\n不使用化学除草剂，全靠人工拔草；通过95项CNAS国家实验室检测，保证0农残标准；25位农场种植者风雨坚守近130天。\n','19605523535.png','19605523600.png','19605523639.png','','','19605523756.jpg','19605523899.jpg','','19605523951.jpg','','','','',NULL,'10天',NULL,' -',' -','上海市崇明区',' -',' -',' -','蒸煮',' -',NULL,NULL,'2017-10-16 09:28:12','2017-11-08 15:35:48',0,38),
	(48,41,3,'认真的大米 我们用心种','为了种出安心的有机大米，我们在播种前，花费了大量的时间来“养”土地。为了用更生态的方式赶走并消灭害虫，我们还请到了一批独特的“客人”——稻田鸭。它们每天都会在稻田里对付各种杂草和害虫。数百只喜爱到处走动的鸭子同时也疏松了土壤，刺激了水稻植株的分蘖，产生浑水肥田的效果，生产出更纯粹的有机水稻。','19605536366.png','19605536457.png','19605536496.png','19605536548.png','','19605536951.jpg','19605536990.jpg','','19605537081.jpg','','','','',NULL,'5天',NULL,' -',' -','山东省烟台市',' -','山东省烟台市',' -','蒸煮',' -',NULL,NULL,'2017-10-16 09:44:29','2017-11-08 15:37:41',0,39),
	(49,41,3,'不怕胖的黑糙饭','用粗粮代替一部分精白米面，在获取更多维生素和矿物质的同时，也能增加咀嚼频率，适当放缓吃饭节奏，避免血糖上升过快。经过反复试验，我们配比出了一款由大米为主、混合适量黑米及糙米的黑糙饭，它既可让人食欲大开，又能补充更多营养物质。做饭、煮粥各有特色。特别适合瘦身人士、调理酸性体质者、便秘人士等。','19605545154.png','19605545206.png','19605545310.png','19605545388.png','','19605545609.jpg','19605545648.jpg','','19605545726.jpg','','','','',NULL,'90天',NULL,' -',' -','山东省烟台市',' -','山东省烟台市',' -','蒸煮',' -',NULL,NULL,'2017-10-16 09:55:55','2017-11-08 15:39:42',0,40),
	(50,41,3,'优质主食之五谷杂粮','过多的精细主食并不利于我们的消化，经常添加五谷杂粮才是更健康的饮食方式。在谷物杂粮中含有较多的膳食纤维，可以促进排便、降低血糖血脂、排毒等功效，此外，谷物杂粮还富含B族维生素，尤其是B1，可有效防止心血管疾病。旭耕两地有机农场的五谷杂粮类也相当丰富，包括糙米、小米、赤豆、绿豆、黑豆、玉米、薯类等。','19605557803.png','19605557881.png','19605558102.png','','','19605558531.jpg','19605559844.jpg','','19605558882.jpg','','','','',NULL,NULL,NULL,NULL,NULL,NULL,NULL,NULL,NULL,NULL,NULL,NULL,NULL,'2017-10-16 10:13:10','2017-10-16 10:13:10',0,41),
	(51,42,NULL,'牛肉就酱拌','真材实料吃的到！精选原酿酱，配以优质牛肉，低于104℃文火慢熬，成就高品质风味酱，每一勺都是满满的爱。','19606638064.png','19613670687.png','19606680041.png','19606680106.png','19606680158.png','19606670590.jpg','19606671604.jpg','http://www.shinshop.com/product-2440.html','19606685527.jpg','19626864972.jpg','19626865050.jpg','','',NULL,'360天',NULL,'QS3706 0307 0375','Q/DXH0005S','烟台','—','—','酿造酱、非转基因大豆油、牛肉、水、香菇、盐渍辣椒、白砂糖、香辛料、谷氨酸钠、5’-肌苷酸二钠、山梨酸钾','拌面拌饭、佐餐小菜、烧菜调味、蘸食酱料、美味简单就酱拌','能量、蛋白质、脂肪、碳水化合物、钠',NULL,NULL,'2017-10-17 10:16:25','2017-11-04 13:29:53',1,81),
	(52,21,NULL,'蓝莓酵醋','采用蓝莓汁、石榴汁、苹果汁混合发酵的基础果醋，加入足量进口野生蓝莓，充分浸制而成，色近蓝紫，内含蓝莓果实，果香浓郁，酸甜可口。','19623836999.png','19623827626.png','19623827704.png','','','19606715401.jpg','19606715440.jpg','http://www.shinshop.com/product-2337.html','19629316746.jpg','19629316798.jpg','19629316850.jpg','','',NULL,'360天',NULL,'QS3701 0302 1206','Q/YHJ 0005S','山东 济南','-','-','果醋、蜂蜜、结晶果糖、蓝莓（添加量＞10％）、食用盐','按照1：10的比例稀释后饮用，制作酵醋沙冰或其他饮品','能量、蛋白质、脂肪、碳水化合物、钠',NULL,NULL,'2017-10-17 10:55:13','2017-11-06 13:50:52',1,42),
	(53,21,NULL,'玫瑰酵醋','醯子玫瑰酵醋，采用蓝莓汁、石榴汁、苹果汁混合发酵的基础果醋，加入足量平阴玫瑰花瓣，充分浸制而成，色泽酒红，内含玫瑰花瓣，花香浓郁，酸甜可口。','19623839612.png','19623829459.png','19623829550.png','','','19606964585.jpg','19606964637.jpg','http://www.shinshop.com/product-2260.html','19629322856.jpg','19623668207.jpg','19629322921.jpg','','',NULL,'360天',NULL,'QS3701 0302 1206','Q/YHJ 0005S','济南','-','-','果醋（水、浓缩苹果汁、浓缩蓝莓汁、浓缩石榴汁）蜂蜜、结晶果糖、玫瑰花（重瓣红玫瑰）、食用盐','按照1：10的比例稀释后饮用，制作酵醋沙冰或其他饮品','能量、蛋白质、脂肪、碳水化合物、钠',NULL,NULL,'2017-10-17 16:14:26','2017-11-06 13:58:39',1,43),
	(54,21,NULL,'桂花酵醋','醯子桂花酵醋，采用蓝莓汁、石榴汁、苹果汁混合发酵的基础果醋，加入足量桂花，充分浸制而成，色近琥珀，桂香浓郁，酸甜可口，推荐女性饮用。','19624623512.png','19624629037.png','19624629232.png','','','19606970929.jpg','19606970981.jpg','','19629339132.jpg','19622768750.jpg','19622768815.jpg','','',NULL,'360天',NULL,'QS3701 0302 1206','Q/YHJ 0005S','济南','-','-','果醋（水、浓缩苹果汁、浓缩蓝莓汁、浓缩石榴汁）蜂蜜、结晶果糖、桂花、食用盐','按照1：10的比例稀释后饮用，制作酵醋沙冰或其他饮品','能量、蛋白质、脂肪、碳水化合物、钠',NULL,NULL,'2017-10-17 16:22:34','2017-11-06 14:19:28',1,44),
	(55,21,NULL,'迷迭香酵醋','醯子迷迭香酵醋，采用蓝莓汁、石榴汁、苹果汁混合发酵的基础果醋，加入迷迭香，充分浸制而成，适合工作压力较大的女性饮用，但不宜孕妇群体饮用。','19624656116.png','19624656324.png','19624658378.png','','','19606983344.jpg','19606983396.jpg','','19629337897.jpg','19623685406.jpg','19623686953.jpg','','',NULL,'360天',NULL,'QS3701 0302 1206','Q/YHJ 0005S','济南','-','-','果醋（水、浓缩苹果汁、浓缩蓝莓汁、浓缩石榴汁）蜂蜜、结晶果糖、迷迭香、食用盐\n','按照1：10的比例稀释后饮用，制作酵醋沙冰或其他饮品','能量 、蛋白质、脂肪、碳水化合物、钠',NULL,NULL,'2017-10-17 16:38:30','2017-11-06 14:17:51',1,45),
	(56,42,NULL,'海带就酱拌','葱伴侣原酿酱配以优质牛肉/鲜猪肉，低于104℃文火慢煨，用心熬制而成，\n拌面拌饭，佐餐调味，美味简单就酱拌！ \n','19608034992.png','19613673066.png','19608041128.png','19608042597.png','','19608043468.jpg','19608043533.jpg','http://www.shinshop.com/product-2364.html','19629361297.jpg','19629361115.jpg','19629361180.jpg','19624968298.jpg','19624970547.jpg',NULL,'360天',NULL,'QS3706 0307 0375','Q/DXH0005S','山东省烟台市','—','—','酿造酱、非转基因大豆油、牛肉、水、香菇、盐渍辣椒、白砂糖、香辛料、谷氨酸钠、5’-肌苷酸二钠、山梨酸钾','拌面拌饭、佐餐小菜、烧菜调味、蘸食酱料、美味简单就酱拌','能量、蛋白质、脂肪、碳水化合物、钠',NULL,NULL,'2017-10-18 15:23:46','2017-11-06 14:47:51',1,80),
	(57,42,NULL,'柠檬沙拉汁','纯正柠檬汁和高品质酿造酱油融合，不添加防腐剂、增稠剂，不含反式脂肪。专为健康沙拉设计，健康与美味的完美结合。','19608055818.png','19608060433.png','19608060485.png','19608060550.png','19608060628.png','19608062955.jpg','19608063982.jpg','http://www.shinshop.com/product-2367.html','19629357735.jpg','19624981285.jpg','19624981324.jpg','','',NULL,'540天',NULL,'QS3706 0307 0087','Q/KXH 0003S','山东省烟台市','—','—','酿造酱油（水、非转基因脱脂大豆、小麦、食用盐）、酿造食醋、白砂糖、果葡萄浆、食用盐、柠檬汁、谷氨酸钠、5\'-肌苷酸二钠、芥末、三氯蔗糖','有所思柠檬沙拉汁,零脂肪吃不胖,怎么拌都清爽.','能量、蛋白质、脂肪、碳水化合物、钠',NULL,NULL,'2017-10-18 15:45:22','2017-11-06 14:43:16',1,79),
	(58,42,NULL,'鲜椒酱(冒烟级)','有所思鲜椒酱，以爱辣之人的挑剔眼光，精选优质名椒，鸡泽羊角，采用盐渍保鲜，小锅熬制。辣度分级， 一起放胆去冒险！','19609212831.png','19613673963.png','19613674067.png','19613674197.png','19613675211.png','19609231512.jpg','19609230251.jpg','http://www.shinshop.com/product-2434.html','19624998796.jpg','19624998887.jpg','19624998991.jpg','','',NULL,'360天',NULL,'SC10937063600039','Q/DXH0005S','山东省烟台市','--','--','腌渍辣椒（辣椒、食用盐、柠檬酸）、非转基因大豆、酿造酱、白砂糖、芝麻、花生、香辛料、酵母提取物、谷氨酸钠、5’-肌苷酸二钠、山梨酸钾、维生素E','即食、炒菜或拌饭','能量、蛋白质、脂肪、碳水化合物、钠',NULL,NULL,'2017-10-19 16:45:08','2017-11-04 13:23:33',1,76),
	(59,42,NULL,'鲜椒酱(心跳级)','有所思鲜椒酱，以爱辣之人的挑剔眼光，精选优质名椒，鸡泽羊角，采用盐渍保鲜，小锅熬制。辣度分级， 一起放胆去冒险！','19610023797.png','19613680996.png','19613680905.png','19613680788.png','','19610029972.jpg','19610029790.jpg','http://www.shinshop.com/product-2255.html','19629344098.jpg','19625751054.jpg','19625751210.jpg','','',NULL,'360天',NULL,'SC10937063600039','Q/DXH0005S    ','烟台','-','-','腌渍辣椒（辣椒、食用盐、柠檬酸）、非转基因大豆、酿造酱、白砂糖、芝麻、花生、香辛料、酵母提取物、谷氨酸钠、5’-肌苷酸二钠、山梨酸钾、维生素E','即食、炒菜或拌饭','能量、蛋白质、脂肪、碳水化合物、钠',NULL,NULL,'2017-10-20 09:51:24','2017-11-06 14:25:50',1,77),
	(60,42,NULL,'鲜椒酱(脸红级)','有所思鲜椒酱，以爱辣之人的挑剔眼光，精选优质名椒，鸡泽羊角，采用盐渍保鲜，小锅熬制。辣度分级， 一起放胆去冒险！','19610059196.png','19613682595.png','19610059339.png','','','19610060067.jpg','19610060132.jpg','http://www.shinshop.com/product-2256.html','19629340991.jpg','19629341082.jpg','19629341355.jpg','','',NULL,'360天',NULL,'SC10937063600039 ','Q/DXH0005S','山东省烟台市','腌渍辣椒（辣椒、食用盐、柠檬酸）、非转基因大豆、酿造酱、白砂糖、芝麻、花生、香辛料、酵母提取物、谷氨酸钠、5’-肌苷酸二钠、山梨酸钾、维生素E','--','腌渍辣椒（辣椒、食用盐、柠檬酸）、非转基因大豆、酿造酱、白砂糖、芝麻、花生、香辛料、酵母提取物、谷氨酸钠、5’-肌苷酸二钠、山梨酸钾、维生素E','即食、炒菜或拌饭','能量、蛋白质、脂肪、碳水化合物、钠',NULL,NULL,'2017-10-20 10:25:27','2017-11-06 14:22:17',1,78),
	(61,19,NULL,'五谷原酿酱油','地中海飘来阵阵香氛，拉丁海洋的水滴弥散着迷迭香，与五谷原酿酱油完美结合在风中飘散。美食最本质的元素是自然与艺术，赐于美食以自然韵味。甄选五谷：红高粱、薏米、燕麦、荞麦、小麦、大豆，酿之极致，特级原酿色泽浅柔、谷香醇鲜让您品味0添加的酯香真味，轻食蘸拌，颐养均衡。','19610236581.png','19631555970.png','','','','19610239701.jpg','19610242067.jpg','http://www.shinshop.com/product-2384.html','19610246175.jpg','19656063908.jpg','19656064051.jpg','','',NULL,'18个月',NULL,'SC10337063600220','GB/T 18186','山东省烟台市','水、非转基因脱脂大豆、食用盐、小麦、荞麦、燕麦、红高粱、薏米','东北、山东',' -','可用于蘸食、佐餐凉拌或烹调炒菜','每 10mL 包含：能量 34kJ、蛋白质 1.1g、 脂肪 0g、碳水化合物 0.9g、钠 570mg',NULL,NULL,'2017-10-20 14:21:17','2017-11-30 09:22:09',1,46),
	(62,19,NULL,'素食佐餐酱','选用禾然有机纯净山茶油、足期酿制有机豆瓣酱，佐以香姑低温慢火熬制，0添加，素雅酱香味亦足，轻食蘸拌，非油炸、热量低，口感淳厚，私享臻味，素食人群可用，不妥协，成就好味道。一碗纯味真香的拌素面，一壶沁养于紫砂中的普洱，这就是最本真的生活！','19610263920.png','19631577615.png','19631577667.png','','','19610265844.jpg','19610265935.jpg','http://www.shinshop.com/product-2341.html','19610266572.jpg','19631580969.jpg','19631581021.jpg','','',NULL,'12个月',NULL,'SC10937063600039','Q/DXH0005S','山东省烟台市','—','东北、山东','酿造酱（水、非转基因大豆、小麦粉、食用盐）、山茶油、水、酿造酱油、非转基因大豆组织蛋白、赤砂糖、香菇、辣椒、花椒','可用于佐餐凉拌或烹调炒菜','每 10g包含：能量147kJ、蛋白质 0.9g、 脂肪3.2g、碳水化合物0.8g、钠256mg',NULL,NULL,'2017-10-20 14:47:26','2017-11-15 09:52:19',1,47),
	(63,19,NULL,'黄贡椒辣椒酱','遴选道地三樟黄贡椒搭配有机豆瓣酱、有机山茶油，用心低温熬制、0添加，辣味纯、香味浓，开胃下饭，私享臻味。挚友小酌、私享时蔬、海鲜、荤食熏烤的独特香味，配以黄贡椒辣椒酱，辣与非辣，微微陶醉其中……','19610278025.png','19631585350.png','','','','19610278168.jpg','19610279936.jpg','http://www.shinshop.com/product-2444.html','19610278558.jpg','19631590017.jpg','19631590056.jpg','19631590095.jpg','',NULL,'12个月',NULL,'SC10937063600039','Q/DXH0005S','山东省烟台市','腌渍黄贡椒（黄贡椒、食用盐）、辣椒、酿造酱','东北、山东','山茶油、赤砂糖、食用盐','可用于佐餐凉拌或烹调炒菜、蒸鱼','每 10g包含：能量 70kJ、蛋白质 0.2g、 脂肪1.1g、碳水化合物 1.5g、钠 452mg',NULL,NULL,'2017-10-20 15:05:01','2017-11-15 09:48:32',1,48),
	(64,16,NULL,'压锅酱','复合多种酿造酱料而成；酱香味鲜,出品菜品色泽红润,口感细腻软糯；使用便捷、出品稳定，提升厨房效率。','19636970561.png','19636970639.png','','','','19610356779.jpg','19610357572.jpg','http://www.shinshop.com/product-2674.html','19629374908.jpg','19629374765.jpg','19626975589.jpg','','',NULL,'360天',NULL,'QS3701 0306 0157','Q/DXH0005S','济南 ','-','-','水、大豆、小麦粉、大米、辣椒、食用盐、蚝汁、大蒜、酵母抽提物、麦芽糖浆、食用酒精、食品添加剂（谷氨酸钠、5’-肌苷酸二钠、冰乙酸、柠檬酸、黄原胶、山梨酸钾）','可用于压、焖、卤、炖、煮或蘸食','能量、蛋白质、脂肪、碳水化合物、钠',NULL,NULL,'2017-10-20 16:46:07','2017-11-14 16:41:06',1,61),
	(65,16,NULL,'蒜蓉辣椒酱','精选优质辣椒和香蒜，先进工艺秘制调配，香味浓郁，滋味鲜美；稀稠适度、辣鲜平衡，蒜辣融合协调。','19637184190.png','19637184242.png','','','','19610373952.jpg','19610375070.jpg','http://www.shinshop.com/product-2673.html','19629368174.jpg','19626973444.jpg','19626973509.jpg','','',NULL,'540天',NULL,'QS3701 0307 0450','Q/DXH0005S','济南','-','-','水、辣椒、白砂糖、大蒜、谷氨酸钠、乙酰化双淀粉己二酸酯、果葡糖浆、冰乙酸、柠檬酸、酵母提取物、5’-肌苷酸二钠、食用香精','炒、熘、烤、蘸食',' 能量、蛋白质、脂肪、碳水化合物、钠',NULL,NULL,'2017-10-20 17:08:43','2017-11-14 16:42:14',1,60),
	(66,16,NULL,'醇香米醋','100%大米酿造，经过两道过滤，清澈无异物沉淀，口感醇正，回味绵长，香味柔和、香气浓郁持久。','19611204093.png','19637065643.png','','','','19611206511.jpg','19611207486.jpg','http://www.shinshop.com/product-2533.html','19629370449.jpg','19626972131.jpg','19629370371.jpg','','',NULL,'1080天',NULL,'QS3701 0302 1206','GB18187液态发酵','济南','--','--','水、大米、白砂糖、酵母抽提物、乳酸','适用于热炒、调姜汁、蒜汁、凉拌、汤等','能量、蛋白质、脂肪、碳水化合物、钠',NULL,NULL,'2017-10-21 10:55:24','2017-11-14 10:38:51',1,59),
	(67,3,NULL,'椒麻黄豆酱','颗颗豆粒搭配优质青花椒，盐渍辣椒，麻味儿十足，辣味鲜香。吃到嘴里酥麻的感觉，能够最大化感受椒麻的香气，可以蘸食、凉拌、热炒，亦可自制潮流美食麻辣小龙虾，龙虾入味十足，吃起来微麻又香辣，实在是太棒了，爱吃川菜亦可用它来调配川式美食，香、辣、鲜、麻随时唤醒挑剔的味蕾。','19657479140.png','19644930123.png','19644930162.png','','','19614858380.jpg','19614858432.jpg','http://www.shinshop.com/product-2789.html','19614858484.jpg','19644930383.jpg','19644930435.jpg','','',NULL,'720天',NULL,'SC10337018100497 ','GB/T 24399 ','山东省济南市','水、非转基因黄豆、小麦粉、食用盐、白砂糖、腌渍辣椒（辣椒、食用盐）、食用酒精、非转基因大豆油、香辛料、黄原胶、5’-呈味核苷酸二钠、花椒提取物、山梨酸钾、三氯蔗糖',' -',' -','蘸时蔬、拌面调馅、烧焖鱼肉、炒通菜均可','每15g含营养成分：能量68KJ、蛋白质1.2g、脂肪0.5g、碳水化合物15g、钠690mg',NULL,NULL,'2017-10-24 16:54:30','2017-12-01 15:36:23',1,49),
	(68,16,NULL,'剁椒鱼头调味汁','剁椒鱼头也被称作“鸿运当头”、“开门红”，是湖南的一道名菜。以剁辣椒的咸辣和酱汁的鲜香沁入鱼头，菜品色泽红亮味浓、肉质细嫩。肥而不腻，口感软糯、鲜辣适口。','19637007728.png','19637007247.png','19637007845.png','19637007975.png','','19626946196.jpg','19626947158.jpg','https://detail.tmall.com/item.htm?spm=a1z10.3-b-s.w4011-17170898653.101.2aed0f2c03fJX0&id=43596868183&rn=feebab32718641f22ae90514995e9a9d&abbucket=11','19629381772.jpg','19629381876.jpg','19629381941.jpg','','',NULL,'12个月',NULL,'SC10937063600039','Q/DXH 0004S','山东省烟台市','--','--','酿造酱油（水，非转基因脱脂大豆，小麦，食用盐），麦芽糖浆，白砂糖，果萄糖浆，谷氨酸钠，鱼露，5’－肌苷酸二钠，酵母抽提物，清酒，香辛料，甘草酸三钾，三氯蔗糖，山梨酸钾','用于烹饪剁椒鱼头或清蒸鱼等菜肴','能量、蛋白质、脂肪、碳水化合物、钠',NULL,NULL,'2017-11-04 11:16:00','2017-11-14 16:44:37',1,54),
	(69,16,NULL,'红烧狮子头调味汁','红烧狮子头俗称四喜丸子。由四个色泽红亮的丸子组成，寓意人生福、禄、寿、喜。常用于喜宴、寿宴等宴席中的压轴菜，以取其吉祥之意。','19637001358.png','19637001436.png','19637001514.png','19637001670.png','','19626952930.jpg','19626952969.jpg','https://detail.tmall.com/item.htm?spm=a1z10.3-b-s.w4011-17175539366.166.3e30d436jIaJR8&id=43597904186&rn=65a851f9d45a9238e9a687881ef290dd&abbucket=11','19629383293.jpg','19629383215.jpg','19629384320.jpg','','',NULL,'12个月',NULL,'SC10937063600039','Q/DXH 0004S','山东省烟台市','--','--','酿造酱油（水、非转基因脱脂大豆、小麦、食用盐、白砂糖、酵母抽提物、谷氨酸钠、5‘-肌苷酸二钠、甘草酸三钾）、白砂糖、清酒、食用盐、香辛料、鸡肉提取物（鸡肉、鸡脂、食用盐）、焦糖色、羟丙基二淀粉磷酸脂、红曲米','用于烹饪红烧狮子头或红烧肉等菜肴','能量、蛋白质、脂肪、碳水化合物、钠',NULL,NULL,'2017-11-04 11:22:33','2017-11-14 16:44:30',1,55),
	(70,16,NULL,'鱼香肉丝调味酱','川菜传统菜品，肉丝软嫩、色泽红润，红白黑相间，具有咸酸甜爽辣香鲜和浓郁的葱姜蒜味的特色。','19636995066.png','19636995157.png','19636995859.png','19636996080.png','','19626957935.jpg','19626957974.jpg','http://www.shinshop.com/product-2609.html','19629386595.jpg','19629386673.jpg','19629386738.jpg','','',NULL,'12个月',NULL,'SC10937063600039','Q/DXH 0005S','山东省烟台市','--','--','白砂糖，水，盐渍辣椒，酿造酱油，大蒜，酿造食醋，泡姜（水，生姜，食用盐，冰乙酸，柠檬酸，D-异抗坏血酸钠，焦亚硫酸钠，脱氢乙酸钠），羟丙基二淀粉磷酸酯，脱氢乙酸钠），羟丙基二淀粉磷酯，食用盐，食糖色，冰乙酸，柠檬酸，三氯蔗糖','可用于炒制鱼香肉丝、鱼香茄子等鱼香味菜肴','能量、蛋白质、脂肪、碳水化合物、钠',NULL,NULL,'2017-11-04 11:31:20','2017-11-14 16:44:00',1,56),
	(71,2,NULL,'一果泡醋山楂醋','对于山楂，许久不吃，便会想念，我们吃的似乎不是山楂本身，而是儿时的回忆。抹不掉对山楂的执念，我们将记忆里的味道放到原浆基醋里发酵。手边的山楂泡醋，既有如冰糖葫芦般的香甜，也有吃多时来片山楂的安心，更能品味那份发生在山楂树下的纯纯爱恋。','19630558454.png','19630557830.png','','','','19630555373.jpg','19630555438.jpg','http://www.shinshop.com/product-2713.html','19630561743.jpg','19630561795.jpg','19630561847.jpg','','',NULL,'300天',NULL,'SC10337018100497','Q/YHJ 0007S',' 山东济南','—','—','酿造食醋（水，大米）、冰糖、山楂、蜂蜜、食用盐','稀释饮用，建议本品与水按1:10比例稀释；亦可制作沙拉、甜品、料理。','能量、蛋白质、脂肪、碳水化合物、钠',NULL,NULL,'2017-11-07 16:27:00','2017-11-14 16:32:21',1,66),
	(72,2,NULL,'一果泡醋柠檬醋','据说女孩们的美丽秘密里，都有着柠檬的故事。没有人不赞柠檬好，除了满满的VC，柠檬酸的力量，也让许多问题都迎刃而解。有了原浆基醋的加持，柠檬特有的风味被彻底激发。酸香果味缓缓滑过舌尖，抚慰的不仅是胃，也是美丽与健康的信念。','19631341769.png','19631342848.png','','','','19631347372.jpg','19631347437.jpg','http://www.shinshop.com/product-2491.html','19631347645.jpg','19631347710.jpg','19631347775.jpg','','',NULL,'300 天',NULL,'SC10337018100497','Q/YHJ 0007S',' 山东济南','--','--','酿造食醋（水，大米）、冰糖、柠檬、蜂蜜、食用盐','稀释饮用，建议本品与水按1:10比例稀释；亦可制作沙拉、甜品、料理。','能量、蛋白质、脂肪、碳水化合物、钠',NULL,NULL,'2017-11-08 09:16:21','2017-11-14 16:31:19',1,67),
	(73,2,NULL,'一果泡醋草莓醋','除了草莓，似乎还没有一种水果，可以老少皆宜、男女通吃。娇嫩如她，草莓用软萌的少女心，为大家送来治愈的能量。原浆基醋的纯粹，恰到好处得激发出草莓的色彩与香甜，饮下的每一口，如同吃下一颗软糯多汁的新鲜草莓，让人忍不住一口接一口。','19632461979.png','19632462057.png','','','','19632466958.jpg','19632471222.jpg','http://www.shinshop.com/product-2735.html','19632472184.jpg','19632472288.jpg','19632472366.jpg','','',NULL,'300天',NULL,'SC10337018100497','Q/YHJ 0007S',' 山东济南','--','--','酿造食醋（水，大米），冰糖，草莓，蜂蜜，食用盐','稀释饮用，建议本品与水按1:10比例稀释；亦可制作沙拉、甜品、料理。','能量、蛋白质、脂肪、碳水化合物、钠',NULL,NULL,'2017-11-09 09:16:27','2017-11-14 16:31:58',1,68),
	(74,2,NULL,'一果泡醋百香果醋','减掉香精、减掉色素、减掉一切不必要的添加，让一点一滴都回归简单与真实。清爽的原浆苹果醋融入颗颗百香果粒，伴随着蜂蜜的甜，简单的鲜果，精心的配比，美的享受。\n','19633608280.png','19633607903.png','','','','19633577301.jpg','19633577405.jpg','http://www.shinshop.com/product-2816.html','19633576911.jpg','19633577028.jpg','19633577119.jpg','','',NULL,'300天',NULL,'SC10337018100497','Q/YHJ 0007S','山东济南','—','—','原浆苹果醋（水，浓缩苹果汁）（＞45％），冰糖，百香果，蜂蜜，食用盐','稀释饮用，建议本品与水按1:10比例稀释；亦可制作沙拉、甜品、料理。','能量、蛋白质、脂肪、碳水化合物、钠',NULL,NULL,'2017-11-10 09:32:47','2017-11-14 16:35:07',1,69),
	(75,42,NULL,'超麻辣海带酱','营养丰富的海带搭配劲爆的辣椒，葱伴侣原酿酱配以优质鲜猪肉，低于104℃文火慢煨熬制而成，拌面拌饭，无麻辣不欢畅！ ','19638341021.png','','','','','19638343127.jpg','19638344934.jpg','','19638354853.jpg','19638356114.jpg','19638356790.jpg','','',NULL,'360天',NULL,'QS3706 0307 0375 ','Q/YXS 0003S','烟台','--','--','豆瓣酱（水，非转基因大豆，小麦粉，食用盐），非转基因大豆油，海带，猪肉，水，盐渍辣椒，白砂糖，香辛料，谷氨酸钠，5’-肌苷酸二钠具有，三氯蔗糖，山梨酸钾','拌面拌饭，佐餐小菜，蘸食酱料，烧菜调味','能量、蛋白质、脂肪、碳水化合物、钠',NULL,NULL,'2017-11-14 15:10:58','2017-11-25 11:02:18',0,75),
	(76,3,NULL,'蒜蓉黄豆酱','蒜蓉风味的黄豆酱，是葱伴侣全新推出的升级版黄豆酱，精选非转基因大豆，加入了大蒜，经过足期发酵，豆粒饱满，鲜香口感，入口绵软，份量十足，适合家庭食用。','19657476670.png','19644913184.png','19644913223.png','','','19639424025.jpg','19639424077.jpg','http://www.shinshop.com/product-2790.html','19639424259.jpg','19639424298.jpg','19644913327.jpg','','',NULL,'720天',NULL,'SC10337018100497 ','GB/T 24399','山东省烟台市','水、非转基因黄豆、小麦粉、食用盐、白砂糖、大蒜（5%）、辣椒（4%）、黄原胶、谷氨酸钠，5’-肌苷酸二钠，山梨酸钾，三氯蔗糖',' -',' -','蘸时蔬、拌面调馅、烧焖鱼肉、炒通菜均可','每15g含营养成分：能量79KJ、蛋白质1.1g、脂肪0.4g、碳水化合物27g、钠625mg',NULL,NULL,'2017-11-15 13:49:08','2017-12-01 15:33:14',1,70),
	(77,18,NULL,'婴幼儿调味减盐酱油 ','严谨的挑选过程，排除非必要性的加工过程，尽量保护食材的原有味道。减盐35％，全程有机科技保障，密闭式足期恒温发酵，自动压榨，全封闭灌装。','19642590864.png','19642590916.png','19642590955.png','19642591007.png','19642591046.png','19642592489.jpg','19642592541.jpg','http://www.shinshop.com/product-2370.html','19642592918.jpg','19642592957.jpg','19642593009.jpg','','',NULL,'540天',NULL,'QS3706 0301 0164 ','GB 18186 ','山东省烟台市 ','水，有机脱脂大豆，有机小麦，食用盐，鲣鱼汁（水，鲣鱼节，食用盐），昆布汁（水，昆布，食用盐）',' -',' -','可用于佐餐凉拌或烹调炒菜、宝宝辅食调味，成人亦可。 ',' -',NULL,NULL,'2017-11-18 09:31:34','2017-11-18 09:35:37',1,71),
	(78,18,NULL,'婴幼儿原味减盐酱油','平凡食物，它是我们平凡生活中的一部分。十分钟，有时候很长有时候很短，但是现在我们就可以用这十分钟来完成自己的一道美食，宝宝添加禾然有机婴幼儿原味减盐酱油辅食后就可以食用酱油了，可以把蔬菜加在肉里，再加一点禾然有机减盐酱油，美味又营养。','19642598235.png','19642598300.png','19642598443.png','19642598482.png','19642598534.png','19642599249.jpg','19642599288.jpg','http://www.shinshop.com/product-2232.html','19642599340.jpg','19657564355.jpg','19642599418.jpg','','',NULL,'540天',NULL,'QS3706 0301 0164 ','GB18186 ','山东省烟台市 ','水、有机脱脂大豆、有机小麦、食用盐',' -',' -','可用于佐餐凉拌或烹调炒菜',' -',NULL,NULL,'2017-11-18 09:39:48','2017-12-01 17:25:39',1,72),
	(79,20,NULL,'咋么啦花生脆','饿了乏了嘴巴无聊了，都可以来一包咋么了花生脆。','19649417424.png','19649417567.png','','','','19649418061.jpg','19649418126.jpg','http://www.shinshop.com/product-2476.html','19649418789.jpg','19649423326.jpg','19649423391.jpg','19649423456.jpg','',NULL,'8个月',NULL,'SC10937063600039','GB/T22165','烟台开发区','花生','山东','绵白糖、麦芽糖浆、植物油、芝麻、食用盐、花椒粉','开袋即食','能量2253kj，蛋白质14.2g，脂肪31.4g，碳水化合物50.0g，钠304mg',NULL,NULL,'2017-11-24 11:22:38','2017-11-24 11:31:12',1,83),
	(80,42,NULL,'超麻辣牛肉酱','营养丰富的海带搭配劲爆的辣椒，葱伴侣原酿酱配以优质鲜猪肉，低于104℃文火慢煨熬制而成，拌面拌饭，无麻辣不欢畅！','19649616909.png','','','','','19649618807.jpg','19649620380.jpg','','19649624631.jpg','19649624683.jpg','19649624722.jpg','','',NULL,'360天',NULL,' QS370603070375','Q/YXS 0003S','烟台','--','--','豆瓣酱（水，非转基因大豆，小麦粉，食用盐），非转基因大豆油，牛肉，水，盐渍辣椒，白砂糖，香辛料，谷氨酸钠，5’-肌苷酸二钠具有，三氯蔗糖，山梨酸钾','拌面拌饭，佐餐小菜，蘸食酱料，烧菜调味','能量、蛋白质、脂肪、碳水化合物、钠',NULL,NULL,'2017-11-24 15:47:02','2017-11-25 11:02:27',0,74),
	(81,42,NULL,'牛肉辣子酱','优质牛腱子肉佐以精选红辣椒，文火慢煨，用心熬制而成，拌面拌饭，怎么拌怎么香！ \n真正的一大瓶牛肉酱！\n','19649640478.png','','','','','19649631859.jpg','19649634199.jpg','','19649635512.jpg','19649638619.jpg','19649638749.jpg','','',NULL,'540天',NULL,'  QS3706 0307 0375','Q/YXS 0003S','烟台','--\n','--','一级大豆油（非转基因）、牛腱子肉、辣椒、蚕豆酱（蚕豆、食用盐、小麦粉）、生姜、大蒜、食用盐、谷氨酸钠、香辛料、白砂糖','拌面拌饭，佐餐小菜，蘸食酱料，烧菜调味','能量、蛋白质、脂肪、碳水化合物、钠',NULL,NULL,'2017-11-24 16:06:48','2017-11-25 11:01:46',0,73),
	(82,16,NULL,'柠檬酱油沙拉汁','六个月全封闭足期恒温酿，低盐鲜味酱油，更营养更健康，更好的体现菜品自然原味；浅色酱油，更好突出菜品原色。','19652748908.png','','','','','19652748999.jpg','19652749038.jpg','','19652759191.jpg','','','','',NULL,'18个月',NULL,' QS370603010164','Q/KXH 0003S   ','山东烟台','--','--','酿造酱油（水、非转基因脱脂大豆、小麦、食用盐）酿造食醋、白砂糖、果葡糖浆、食用盐、柠檬汁、芥末、食品添加剂（谷氨酸钠，5’-肌苷酸二钠、三氯蔗糖）','适合制作蔬菜沙拉、凉拌菜、蘸食寿司、油炸食品等，也可用于烹调炒菜，佐餐使用','能量、蛋白质、脂肪、碳水化合物、钠',NULL,NULL,'2017-11-27 10:45:43','2017-11-30 15:44:24',0,53),
	(83,16,NULL,'海鲜捞汁','采用原酿酱油搭配新鲜蔬菜成分，精选新鲜辣椒果，酱香纯正，蔬香自然; 风味恒定、用途广泛、使用便捷。','19652937343.png','19655262029.png','19656423059.png','19656423137.png','','19652947665.jpg','19652947717.jpg','','19652966268.jpg','','','','',NULL,'12个月',NULL,'SC10937063600039','Q/YXS 0002S','山东烟台','--','--','水、酿造酱油、酿造食醋、白砂糖、食用盐、谷氨酸钠、浓缩苹果汁、辣椒、5’-呈味核苷酸二钠、香辛料、辣椒油树脂、L-苹果酸、黄原胶、山梨酸钾、三氯蔗糖','用于凉拌，烹调炒菜，炖菜或腌制等','能量、蛋白质、脂肪、碳水化合物、钠',NULL,NULL,'2017-11-27 15:10:38','2017-12-01 09:25:32',1,52),
	(84,20,NULL,'功夫堂麻辣小鱼','黄飞红专注于麻辣，在麻辣界自成一派，享誉全球，意在成为消费者生活当中无可取得的零食之一。精选4-6cm深海小鱼，采用黄飞红独特麻辣工艺，麻辣十足，口有鱼香。\n独立小包装，方便食用。\n','19656082797.png','19656082940.png','','','','19656083135.jpg','19656083434.jpg','http://www.shinshop.com/product-2901.html','19656083577.jpg','19656083642.jpg','19656083720.jpg','','',NULL,'12个月',NULL,'SC10937063600039','Q/DXH0017S','山东烟台','—','—','小鱼，非转基因大豆油，辣椒，花椒粉，食用盐，白砂糖，芝麻，香辛料，谷氨酸钠，5’-呈味核苷酸二钠，黄酒，食用香精','开袋即食','每100g当中：能量：1050KJ、蛋白质:33.1g；脂肪：11.8g；碳水化合物：3.0g；钠：1104mg',NULL,NULL,'2017-11-30 09:47:23','2017-11-30 16:14:01',1,82),
	(85,16,NULL,'剁椒鱼头鲜豉油','选用优质原材料，精心酿造而成，品质安全、豉香适中，咸鲜自然，豉香与鲜味完美平衡，色泽红亮，回味更具层次且持久。','19656364195.png','19656364429.png','','','','19656364676.jpg','19656364702.jpg','','19656367939.jpg','','','','',NULL,'18个月',NULL,'QS3706 0301 0164','GB 18186','山东烟台','水、非转基因脱脂大豆、小麦、食用盐、麦芽糖浆、白砂糖、果葡糖浆、谷氨酸钠、鱼露、5’-肌苷酸二钠、酵母提取物、清酒（大米、麹米、水），香辛料，甘草酸三钾、三氯蔗糖、山梨酸钾','--','--','佐餐和烹调；蒸、炒、烧、淋、卤等','能量、蛋白质、脂肪、碳水化合物、钠',NULL,NULL,'2017-11-30 15:53:50','2017-11-30 16:23:14',1,51),
	(86,16,NULL,'酸辣捞汁','精选新鲜辣椒果，添加新鲜蔬菜成分，酸味柔和，根据人的口感阈值设计，鲜、辣、酸、咸、甜味道协调， 更加清新','19657237457.png','','','','','19657237561.jpg','19657237600.jpg','','19657238042.jpg','','','','',NULL,'12个月',NULL,'SC10337063600220','Q/DXH 0004S','山东烟台','--','--','水、酿造酱油、酿造食醋、白砂糖、食用盐、谷氨酸钠、浓缩苹果、辣椒、5’-呈味核苷酸二钠、香辛料、辣椒油树脂、L-苹果酸、黄原胶、山梨酸钾、三氯蔗糖','用于凉拌，烹调炒菜，炖菜或腌制等','能量、蛋白质、脂肪、碳水化合物、钠',NULL,NULL,'2017-12-01 10:34:40','2017-12-01 11:27:19',1,50),
	(87,3,NULL,'辣黄豆酱','辣黄酱是葱伴侣推出的全新口味，适合更爱吃辣的你，添加优质腌渍辣椒，辣味醇厚，香味浓郁，作为新鲜蔬菜的蘸料或者鱼类海鲜的调味，又或者简单的拌点面吃，小心上瘾，香辣的气息萦绕整个口腔，直呼太过瘾。','19658358993.png','19658359058.png','19658359110.png','','','19658359799.jpg','19658359864.jpg','http://www.shinshop.com/product-2788.html','19658360215.jpg','19658360306.jpg','19658360345.jpg','19658360384.jpg','',NULL,'720天',NULL,'SC10337018100497','GB/T 24399','山东省济南市','水、非转基因黄豆、小麦粉、腌渍辣椒（辣椒、食用盐、柠檬酸）、食用盐、白砂糖、谷氨酸钠、酿造食醋、香辛料、黄原胶、5’-肌苷酸二钠，山梨酸钾，三氯蔗糖',' -','                  -','蘸时蔬、拌面调馅、烧焖鱼肉、炒通菜均可。',' 每15g含营养成分：能量71KJ、蛋白质1.3g、脂肪0.4g、碳水化合物2.0g、钠678mg',NULL,NULL,'2017-12-02 10:26:10','2017-12-02 11:53:47',1,85);

/*!40000 ALTER TABLE `productsnew` ENABLE KEYS */;
UNLOCK TABLES;


# Dump of table ptech
# ------------------------------------------------------------

DROP TABLE IF EXISTS `ptech`;

CREATE TABLE `ptech` (
  `thisid` int(11) NOT NULL AUTO_INCREMENT,
  `productid` int(11) DEFAULT NULL,
  `certid` int(11) DEFAULT NULL,
  `dateadd` timestamp NOT NULL DEFAULT CURRENT_TIMESTAMP,
  `dateupdate` datetime DEFAULT NULL,
  PRIMARY KEY (`thisid`)
) ENGINE=InnoDB DEFAULT CHARSET=utf8;



# Dump of table recattr
# ------------------------------------------------------------

DROP TABLE IF EXISTS `recattr`;

CREATE TABLE `recattr` (
  `thisid` int(11) NOT NULL AUTO_INCREMENT,
  `thisname` varchar(100) COLLATE utf8_unicode_ci NOT NULL,
  `isopen` tinyint(4) DEFAULT '0',
  PRIMARY KEY (`thisid`)
) ENGINE=InnoDB DEFAULT CHARSET=utf8 COLLATE=utf8_unicode_ci;

LOCK TABLES `recattr` WRITE;
/*!40000 ALTER TABLE `recattr` DISABLE KEYS */;

INSERT INTO `recattr` (`thisid`, `thisname`, `isopen`)
VALUES
	(1,'校园招聘',1),
	(2,'社会招聘',1);

/*!40000 ALTER TABLE `recattr` ENABLE KEYS */;
UNLOCK TABLES;


# Dump of table recruit
# ------------------------------------------------------------

DROP TABLE IF EXISTS `recruit`;

CREATE TABLE `recruit` (
  `thisid` int(11) NOT NULL AUTO_INCREMENT,
  `thisname` varchar(100) COLLATE utf8_unicode_ci NOT NULL,
  `attrid` int(11) NOT NULL,
  `typeid` int(11) NOT NULL,
  `locationid` int(11) NOT NULL,
  `qty` varchar(50) COLLATE utf8_unicode_ci DEFAULT NULL,
  `degid` int(11) NOT NULL,
  `skill` varchar(50) COLLATE utf8_unicode_ci DEFAULT NULL,
  `duty` varchar(4000) COLLATE utf8_unicode_ci DEFAULT NULL,
  `requirement` varchar(4000) COLLATE utf8_unicode_ci DEFAULT NULL,
  `contact` varchar(20) COLLATE utf8_unicode_ci DEFAULT NULL,
  `gender` varchar(20) COLLATE utf8_unicode_ci DEFAULT NULL,
  `email` varchar(300) COLLATE utf8_unicode_ci DEFAULT NULL,
  `isopen` tinyint(4) DEFAULT '0',
  `jobdate` datetime DEFAULT NULL,
  `dateadd` timestamp NOT NULL DEFAULT CURRENT_TIMESTAMP,
  `adminid` int(11) DEFAULT NULL,
  `upadminid` int(11) DEFAULT NULL,
  PRIMARY KEY (`thisid`)
) ENGINE=InnoDB DEFAULT CHARSET=utf8 COLLATE=utf8_unicode_ci;

LOCK TABLES `recruit` WRITE;
/*!40000 ALTER TABLE `recruit` DISABLE KEYS */;

INSERT INTO `recruit` (`thisid`, `thisname`, `attrid`, `typeid`, `locationid`, `qty`, `degid`, `skill`, `duty`, `requirement`, `contact`, `gender`, `email`, `isopen`, `jobdate`, `dateadd`, `adminid`, `upadminid`)
VALUES
	(2,'互联网产品经理',2,105,1004,'1',4,'不限专业','1.负责分析用户需求、竞品情况、市场情况等信息，撰写产品需求文档，输出产品原型图，跟踪分析用户行为和转化情况，持续优化产品和用户体验；\n2.负责对接第三方（开发者或其他电商平台），实现产品版本优化迭代，包括前台界面、下单流程、支付、后台数据库和用户交互等；\n3.负责协调公司各个部门的资源以保证产品开发、运营顺利；\n4.负责提升产品的用户数量和销售转化；\n5.负责开发者工时、质量、进度、费用的审核把控。','1.大学本科以上学历，五年以上互联网（移动互联网）产品经理工作经验，两年以上网购支付APP或电商平台相关工作经验，具有牵头2-3个成功的产品开发的经验；\n2.热衷于移动互联网，有丰富的各类产品使用经验，对互联网生鲜行业有深入的理解和洞察者优先；\n3.具有较强的人际沟通能力、适应性，应变能力，学习能力及团队团队管理能力；\n4.英语优秀者优先。\n\n工作地址：\n上海市长宁区天山西路789号中山国际广场B栋2F','刘','先生','zhaopin@shinhofood.com',0,'2017-05-25 17:33:00','2017-05-26 05:33:00',3,3),
	(3,' 客户代表（食品工业部）',2,104,1004,'1',4,'不限专业','1、业绩达成（B2B业务/日韩餐饮/连锁餐饮酒店渠道业务）；\n2、市场维护与开拓：\n（1）客户销售订单处理；\n（2）客户需求信息、商机收集并及时反馈；\n（3）执行区域市场策略，客户问题意见反馈及解决，满足客户需求；\n（4）严格依照作业流程达成客户服务、产品开发及区域维护的工作；\n（5）新客户开发；\n\n3、销售计划具体执行、落实；进行销售谈判；应收帐款的回收；促成销售合同的签订。\n4、新产品在区域客户的推广工作；\n5、严格遵守公司制度，认同公司文化。','a) 本科及以上学历。\nb) 35岁以下。\nc) 两年以上组织类客户（B2B业务/日韩餐饮/连锁餐饮酒店）销售工作经验优先。\nd) 食品行业从业经验者优先。\ne) 英语/日语/韩语等外语精通者优先。\n\n具备海外留学工作经验者优先。\n\n工作地址：\n上海市长宁区天山路310号海益大厦','刘','先生','zhaopin@shinhofood.com',0,'2017-05-25 17:36:58','2017-05-26 05:36:58',3,3),
	(4,'批发业务代表',2,104,1004,'1',4,'不限专业','1.协助业务主管确定商超的销售目标并与商超签订合同； \n2.协助商超进行新品推广，如：定价、陈列等； \n3.与商超沟通订货计划，确保商超保持安全库存，督促商超按时完成要货计划，及应收账款的管理等； \n4.建立和维护客情关系，与商超的有效沟通；\n5.经销商管理，每天按照公司要求拜访指定二批，如：取得订单、陈列谈判、铺货、清算账款等； \n5.信息收集、分析与反馈，我司产品信息，如销售情况、陈列、价格等；竞品信息，如销售情况、陈列、价格等； \n7.相关报表填写、提报，并确保信息完整准确，提报及时； \n8.协助上级主管向经销商传达公司相关政策。','1、本科及以上不限； \n2、1年以上快速消费品行业从业经验或有相关销售实习经验的应届生； \n3、具备沟通技巧、业务谈判能力及基本销售技巧，有沟通协调能力、吃苦耐劳。\n\n工作地点：嘉定、普陀、长宁、闵行、宝山、杨浦、闸北、徐汇等区域\n\n工作地址：\n上海','刘','先生','zhaopin@shinhofood.com',1,'2017-08-09 09:40:37','2017-05-26 05:53:27',3,3),
	(5,'KA业务代表',2,104,1004,'1',3,'营销、市场类相关专业','1、 负责KA门店的日常维护； \n2、 独立完成或协助经销商业务完成KA门店单店促销洽谈及监管； \n3、 协助门店促销人员做好CP活动推广； \n4、 保证公司费用在其所负责门店的100%执行到位； \n5、 定期向大区经理提供所属门店的详细销售数据； \n6、 上级主管交待的其他工作。','1、大专及以上学历，27周岁以下，营销、市场类相关专业（优秀者条件可适当放宽）； \n2、至少一年以上KA工作经验，熟悉当地商超门店运作，有卖场促销活动谈判经验；曾从事快速消费品的工作经验的优先考虑； \n3、较高的责任心，计划性强，工作积极主动； \n4、良好的沟通谈判能力及人际交往技巧，能承受较强的工作压力； \n5、具备一定的促销人员管理经验和技能。','刘','先生','zhaopin@shinhofood.com',1,'2017-08-09 09:40:37','2017-05-26 05:55:33',3,3),
	(6,'市场企划专员',2,104,1004,'1',3,'不限专业','1、协助市场企划主管完成旭耕品牌在消费者接触点的导入宣传；\n2、负责市场活动的企划及创意，包括线上线下及新媒体等各个平台；\n3、完成产品的企划、促销及执行；\n4、与销售、客服、生产团队紧密配合，主导并完成市场活动的进度管理、执行及总结；\n5、根据市场策划案设计制作宣传品、物料筹备，与协作方沟通，保证各类物料质量及其时间的把握及验收；\n6、定期的市场走访及调研','1、较好的沟通能力和语言表达能力及具有较好的解决问题能力；\n2、能够接受创始性团队的工作节奏；\n3、较好的报表功力和数据整理、分析能力；\n4、具有市场开拓意识，很强的工作责任心和团队合作精神；\n5、形象好，具有活动资源和英文优秀者优先。\n\n\n工作地址：\n天山西路789号B座2楼','刘','先生','zhaopin@shinhofood.com',1,'2017-08-09 09:40:50','2017-05-26 05:59:08',3,3),
	(7,'研究员（基础研究）',2,105,1004,'1',4,'市场营销、心理学专业','1、案头研究，通过网络、实地走访、外部信息提供者，进行相关行业、竞争、消费者生活状态、趋势方面的信息了解、整合与提炼洞察、在相对经验丰富者指导下进行初步报告撰写和准备；\n2、不定期及公司业务需要，对相关行业对手、营销传播案件、示例进行全方位信息搜集、了解，有效形成案例分析研究。\n3、营销需要，作为调研者角色，项目需求进行市场走访、消费者访谈，了解相关区域、消费者饮食文化、购物理念、行为及对产品品牌的态度、生活方式等方面信息，协助企业营销策略的制定信息所需和机会挖掘；\n4、日常性的行业、竞品信息月报资料搜集及产出；\n5、配合公司相关项目工作、完成主管交代的其他工作；','1、统招本科及以上学历；市场营销、心理学优先、统计/数学、经济/金融其次；经济及商学院类专业优秀突出者亦可，有相关从业经验者优先；\n2、较好的人际沟通能力，思维开阔、具备良好的逻辑分析能力，良好的文字组织和报告编写能力；认同企业文化、工作踏实、诚恳、责任心强；\n3、可以适应出差要求；\n4、英文CET-6 ，至少能看懂基本的英文文章，一定的阅读及理解能力。\n\n工作地址：\n上海长宁区天山西路310号','刘','先生','zhaopin@shinhofood.com',1,'2017-08-09 09:40:50','2017-05-26 06:19:39',3,3),
	(8,'研究员（基础研究）',2,105,1006,'1',4,'市场营销、心理学专业','1、案头研究，通过网络、实地走访、外部信息提供者，进行相关行业、竞争、消费者生活状态、趋势方面的信息了解、整合与提炼洞察、在相对经验丰富者指导下进行初步报告撰写和准备；\n2、不定期及公司业务需要，对相关行业对手、营销传播案件、示例进行全方位信息搜集、了解，有效形成案例分析研究。\n3、营销需要，作为调研者角色，项目需求进行市场走访、消费者访谈，了解相关区域、消费者饮食文化、购物理念、行为及对产品品牌的态度、生活方式等方面信息，协助企业营销策略的制定信息所需和机会挖掘；\n4、日常性的行业、竞品信息月报资料搜集及产出；\n5、配合公司相关项目工作、完成主管交代的其他工作；','1、统招本科及以上学历；市场营销、心理学优先、统计/数学、经济/金融其次；经济及商学院类专业优秀突出者亦可，有相关从业经验者优先；\n2、较好的人际沟通能力，思维开阔、具备良好的逻辑分析能力，良好的文字组织和报告编写能力；认同企业文化、工作踏实、诚恳、责任心强；\n3、可以适应出差要求；\n4、英文CET-6 ，至少能看懂基本的英文文章，一定的阅读及理解能力。\n\n工作地址：\n烟台开发区长江路77号中信大厦\n','刘','先生','zhaopin@shinhofood.com',1,'2017-08-09 09:40:37','2017-05-26 06:28:55',3,3),
	(9,'企划主管',2,104,1004,'2',4,'不限专业','1、市场活动的方案策划及撰写、组织和执行； \n2、能够独立撰写各类稿件（新闻稿、广告文案、市场活动文案等）； \n3、根据业务需要制作各种宣传资料的策划和制作； \n4、组织完成CI、VI策划工作；\n5、关注行业动态及相关信息的搜集，为整合营销和发展提供创新建议','1、3年以上，有品牌策划推广、互联网营销相关工作经验；\n2、思维活跃，熟悉用户的消费行为和消费心理，对用户需求具备较强的洞察力和判断力，对于用户体验有强韧的坚持，持续不断的提升用户满意度；\n3、擅长企业内外部资源整合，品牌策划推广，熟悉网络营销、线上线下活动推广流程和实际运作；\n4、具备敏锐的市场意识，良好的营销策略思维，良好的提案能力、执行力和管控力；熟练使用PPT和Photoshop，PPT方案有充足的表现力；\n5、有很强的分析问题和解决问题的能力。','刘','先生','zhaopin@shinhofood.com',0,'2017-07-26 17:22:11','2017-05-26 06:31:22',3,3),
	(10,'营销运营助理',2,104,1004,'1',3,'不限专业','岗位职责：\n1.会议支持\n2.重点工作跟进(如:专案执行结果统计,经销商开发评审资料标准化审核等）\n3.工作计划的收集汇总\n4.业务人员信息收集\n5.销售预测及库存收集\n6.绩效信息的收集\n7.协助费用申请与核销\n8.办公室行政工作\n9.其他临时工作','工作地址：\n上海市虹口区新市路251弄6号2101室','刘','先生','zhaopin@shinhofood.com',1,'2017-08-09 09:40:37','2017-05-26 06:33:57',3,3),
	(11,'用户运营',2,105,1004,'2',4,'不限专业','1、收集并挖掘用户需求，分析用户、市场，制定有效策略并实施；\n2、协助完成核心用户群的维系、关怀和反馈等工作；\n3、管理核心用户，架构多层级用户生态系统，提升用户的成长空间。提升用户贡献和用户忠诚度。\n4、熟悉市场分析和调研手段，较强的逻辑思维能力和语言、书面表达能力，具有数据挖掘分析功底，敏锐的数据洞察力；','1. 2年以上市场及会员经营相关的经营经验，拥有较强的逻辑分析和数据分析能力，并具备高效的协同推进和落地执行能力；\n2. 思维活跃，熟悉用户的消费行为和消费心理，对用户需求具备较强的洞察力和判断力，对于用户体验有强韧的坚持，持续不断的提升用户满意度；\n3. 较强的沟通协同能力，善于与不同类型的人交流，完成既定目标；\n4. 具有较强的运营策划能力，能独立策划执行大型会员活动；\n5. 持续不断的学习和创新能力，性格积极乐观，抗压能力强；\n6. 热爱美食，有互联网企业会员/社群运营相关经验优先。','刘','先生','zhaopin@shinhofood.com',1,'2017-08-09 09:40:37','2017-05-26 06:37:52',3,3),
	(12,' 研究员（专项研究）',2,105,1004,'1',4,'相关专业','1、协调、监控相关部门内、外部专项研究的实施、结果汇报，建议启示；\n（1）内部简单项目可以进行问卷设计、访问执行及数据处理和相关报告撰写；\n（2）外部复杂性项目，能准确有效的把内部品牌商业项目需求转化为研究需求，然后与外部公司对接，确保理解准确，并对其初步方案及项目执行有好的把控能力；结合内外部相关信息，对外部公司提交报告具有二次加工、重新组织能力，以便更贴合企业需要和营销针对性。\n2、工作过程中、逐步建立、完善不同研究类型的相关研究流程、标准化体系、规范；\n3、不定时的案头研究，通过网络、实地走访、外部信息提供者，进行相关行业、竞争、消费者生活状态、趋势方面的信息了解、整合与提炼洞察、在相对经验丰富者指导下进行初步报告撰写和准备；\n4、营销需要，作为调研者角色，项目需求进行市场走访、消费者访谈，了解相关区域、消费者饮食文化、购物理念、行为及对产品品牌的态度、生活方式等方面信息，协助企业营销策略的制定信息所需和机会挖掘；\n5、日常性的竞争对手传播、沟通相关信息搜集及整合产出；\n6、配合公司相关项目工作、完成主管交代的其他工作；\n\n\n职位职能:\n研究员（面向应届生及相对Junior员工）\n高级研究员（具有3年左右、能力适合的市场研究行业从业经验者）','1、统招本科及以上学历；市场营销、心理学、统计/数学、经济/金融相关专业者。\n2、具有调研、访谈及相关从业经验者优先；\n3、良好的项目把控、较好的人际沟通能力；思维开阔、具备良好的逻辑分析能力，良好的文字组织和报告编写能力；认同企业文化、工作踏实、诚恳、责任心强；\n4、可以适应出差；\n5、英文CET-6 ，至少能看懂基本的英文文章，一定的阅读及理解能力。\n\n工作地址：\n上海长宁区天山路310号','刘','先生','zhaopin@shinhofood.com',1,'2017-08-09 09:40:50','2017-05-26 06:46:53',3,3),
	(13,'研究员（专项研究）',2,105,1006,'1',4,'相关专业','1、协调、监控相关部门内、外部专项研究的实施、结果汇报，建议启示；\n（1）内部简单项目可以进行问卷设计、访问执行及数据处理和相关报告撰写；\n（2）外部复杂性项目，能准确有效的把内部品牌商业项目需求转化为研究需求，然后与外部公司对接，确保理解准确，并对其初步方案及项目执行有好的把控能力；结合内外部相关信息，对外部公司提交报告具有二次加工、重新组织能力，以便更贴合企业需要和营销针对性。\n2、工作过程中、逐步建立、完善不同研究类型的相关研究流程、标准化体系、规范；\n3、不定时的案头研究，通过网络、实地走访、外部信息提供者，进行相关行业、竞争、消费者生活状态、趋势方面的信息了解、整合与提炼洞察、在相对经验丰富者指导下进行初步报告撰写和准备；\n4、营销需要，作为调研者角色，项目需求进行市场走访、消费者访谈，了解相关区域、消费者饮食文化、购物理念、行为及对产品品牌的态度、生活方式等方面信息，协助企业营销策略的制定信息所需和机会挖掘；\n5、日常性的竞争对手传播、沟通相关信息搜集及整合产出；\n6、配合公司相关项目工作、完成主管交代的其他工作；\n\n职位职能:\n研究员（面向应届生及相对Junior员工）\n高级研究员（具有3年左右、能力适合的市场研究行业从业经验者）','1、统招本科及以上学历；市场营销、心理学、统计/数学、经济/金融相关专业者。\n2、具有调研、访谈及相关从业经验者优先；\n3、良好的项目把控、较好的人际沟通能力；思维开阔、具备良好的逻辑分析能力，良好的文字组织和报告编写能力；认同企业文化、工作踏实、诚恳、责任心强；\n4、可以适应出差；\n5、英文CET-6 ，至少能看懂基本的英文文章，一定的阅读及理解能力。\n\n工作地址：\n开发区长江路77号中信大厦','刘','先生','zhaopin@shinhofood.com',1,'2017-08-09 09:40:50','2017-05-26 06:48:25',3,3),
	(14,'Web页面UI设计师',2,105,1004,'1',3,'美术、设计相关专业','1. 负责系统Web页面的设计工作，并与开发人员协同工作完成页面的实现；\n2.模拟用户使用场景，按照UCD的方法设计流畅的用户操作流程、界面结构、产品原型；\n3.对现有产品的易用性进行评估并提出有效的改进方案，持续提升产品的用户体验；\n4.学习并研究业界软件最新交互模式设计、可用性测试，分析同行产品界面及交互优缺点等；','1、大专及以上学历，美术、设计或相关专业优先；3年以上相关工作经验；\n2、对视觉设计的方法和理念有独到的见解和想法，热爱UI界面设计，有出色的审美；\n3、具备扎实的美术基本功，并有成功案例；\n4、熟练掌握相关设计工具软件，如：Photoshop、Illustrator、flash等软件；\n5、乐于分享，推动团队设计能力提升；\n工作地址：\n长宁区310号海益商务大厦','刘','先生','zhaopin@shinhofood.com',1,'2017-08-09 09:40:50','2017-05-26 06:54:28',3,3),
	(15,'市场策划专员',2,104,1004,'2',4,'不限专业','1、根据公司品牌和产品定位，负责公司产品宣传并形成策划方案；\n2、挖掘用户需求、市场热点与产品的契合点，形成营销方案策划；\n3、负责整体营销中媒体渠道规划与执行，确保良好传播率；\n4、对领域内最新动态保持密切，随时进行竞争分析；\n5、为产品市场宣传、推广提供更好的建议与策略。','1、有3年以上市场推广及合作经验，拥有丰富的媒体、市场渠道资源及人脉；\n2、与合作媒体、市场渠道、保持良好的沟通与联络，随时了解市场状态，收集市场信息；具备互联网思维，具备创意策划、组织执行能力；\n3、抗压强，关注饮食健康群体，并有自己的独特认知；熟练使用移动协同办公，是重度的互联网用户。\n\n一、我们希望你是：\n1、渴望加入创业团队，乐于接受挑战，抗压性强；\n2、思维活跃，见识广泛，对新事物有着独到的看法和见解；\n3、自我要求高，有将工作做到极致的不懈追求；\n4、熟悉网络文化，懂得社交媒体千变万化的玩法和奥秘。\n5、如果你觉得自己能够撩拨大众的心，那就前来让我们验明正身吧！\n\n二、我们为你提供：\n1、时令的工作时间（夏季8：30-18：00；冬季8:30-17:30）\n2、地铁出站即可直达公司的星级办公室；\n3、年假、年底双薪、五险一金、节日福利、生日福利、年度旅游；\n4、具有竞争力的薪酬和晋升机制；\n5、餐补、下午茶、零食、咖啡（就想让你吃的爽）；\n6、积极愉快的工作学习氛围 ，定期的分享学习培训，感觉每天都是正能量~~~~\n\n三、这里有什么？\n1、一群有特点的小伙伴。各有所长,相信每一个人身上都有你值得学习的地方。\n2、一个有想法的Leader。乐于接受任何的新鲜的事物和观点，希望能帮助你在成长的路上去到极致。\n3、一个充满想象力的发展空间。没有论资排辈，唯有能力至上。在这里，你还可以走的更远。\n\n四、加分项：\n1、能够保持持续高效的自主学习和自我迭代；\n2、对自己工作主动总结思考并关注团队动态；\n3、关注餐饮和厨师群体，并有自己的独特认知；\n4、认同移动协同办公的概念，是重度的互联网用户。\n\n五、所以我们也希望你是:\n1、一个自我驱动，不甘平庸的人；\n2、一个结果导向，有责任感的人；\n3、一个快速执行，雷厉风行的人；\n我们不止想给你一份优秀的工作，更想给你一个牛逼闪闪的未来！\n如果你觉得我们有相同的志向，相同的理想，那就别犹豫啦，期待你的加入！\n\n工作地址：\n天山路310号海益商务大厦','刘','先生','zhaopin@shinhofood.com',0,'2017-07-26 17:22:11','2017-05-26 06:58:45',3,3),
	(16,' 研究员（数据分析）',2,105,1004,'1',4,'统计/数学系优先','1、相关销售、市场数据的分析、挖掘，并结合营销实践提炼市场洞察，形成提供建议、参考；\n2、连续性数据分析基础上、针对企业内相关数据及营销所需，探究可能的模型建立和尝试，更好的对不同营销情景下的市场output有所预测及建议启示。\n3、不定期案头研究，通过网络、实地走访、外部信息提供者，进行相关行业、竞争、消费者生活状态、趋势方面的信息了解、整合与提炼洞察、在相对经验丰富者指导下进行初步报告撰写和准备；\n4、不定期及公司业务需要，对相关行业对手、营销传播案件、示例进行全方位信息搜集、了解，有效形成案例分析研究；\n5、营销需要，作为调研者角色，项目需求进行市场走访、消费者访谈，了解相关区域、消费者饮食文化、购物理念、行为及对产品品牌的态度、生活方式等方面信息，协助企业营销策略的制定信息所需和机会挖掘；\n6、配合公司相关项目工作、完成主管交代的其他工作；\n','1、统招本科及以上学历；统计/数学系优先，市场营销、心理学、经济/金融其次；\n2、熟悉掌握及有经验运用基本的数据分析软件，如SPSS、SAS等相关统计软件；有相关从业经验者优先；\n3、较好的人际沟通能力，思维开阔、具备良好的逻辑分析能力，良好的文字组织和报告编写能力；认同企业文化、工作踏实、诚恳、责任心强；	\n4、可以适应出差要求；\n5、英文CET-6，至少能看懂基本的英文文章，一定的阅读及理解能力；\n\n工作地址：\n上宁区天山路310号海益大厦','刘','先生','zhaopin@shinhofood.com',1,'2017-08-09 09:40:50','2017-05-26 23:46:47',3,3),
	(17,'系统工程师',2,105,1004,'1',3,'计算机相关专业','主数据维护管理，包括ERP和POS系统主数据，同时完成ERP系统的技术支持。\n\nERP系统：\n1、负责用友ERP U8系统的基础档案运维，定期整理相应基础档案信息；\n2、负责U8业务模块运维，并给予关键用户业务流程培训和支持；\n3、负责用户权限运维，整理与维护ERP用户清单，并编制《ERP系统用户与岗位职责》；\n4、负责日常业务监控，对未及时处理或处理不当的业务单据定期给予业务部门提醒；\n5、负责系统数据存储/数据保护，并设置系统每天进行自动备份，定期检查；\n6、支持门店盘点、财务结账以及培训与支持。\n\nPOS系统：\n1、负责零售POS系统基础数据日常运维；\n2、门店POS日常基础设置，新开门店配置等；\n3、规范审核业务主档的信息与规则，定期培训业务相关人员；\n4、对营运提出的需求进行分析并提交给产品团队；\n5、协助收集门店日常所遇到的系统相关事宜并提交；\n6、协助完成日常的相关报表；\n7、管理业务主档。包括检查处理分类、权限等；','1、计算机相关专业，两年以上工作经验；\n2、工作严谨细致，有责任心，团队合作意识强；\n3、熟悉数据库；\n4、熟悉ERP或POS系统优先；\n\n工作地址：\n天山西路310号','刘','先生','zhaopin@shinhofood.com',1,'2017-08-09 09:40:50','2017-05-26 23:48:48',3,3),
	(18,'销售运作专员',2,104,1004,'1',4,'统计、商管相关专业','1、Sell In & Sell Out数据整合与追踪；\n2、多维运营分析报告制作与呈现；\n3、营销数据精准性管理；\n4、战略项目流程与数据支撑；\n5、系统结构优化、BIEE项目实施与数据校验支持；\n6、协同本部其他部门营销数据提供与分析支持；\n7、协调沟通总部与本部行政事务。','1、统招全日制本科学历，市场营销、统计分析学、工商管理等相关专业；\n2、5年以上FMCG行业销售分析、市场助理、运营助理经验,熟悉传统渠道营销模式，同时熟悉会员信息管理优先考虑；\n3、精通MS-OFFICE,熟悉Access \\SQL优先考虑；\n4、具备较强的数据整合能力与敏感的数字意识， 工作严谨有条理，乐于接受挑战,能适应出差。','刘','先生','zhaopin@shinhofood.com',1,'2017-08-09 09:40:50','2017-05-26 23:51:33',3,3),
	(19,'产品经理（六月鲜）',2,104,1004,'1',4,'营销、数学、理工类','1、产品生命周期管理：负责产品上市前需求、上市、市场运作、产品发展、产品淘汰、下市的全部生命历程的管理。　　　　　　　　\n2、收集分析市场信息，包括产品本身铺货率、接受度及整个市场竞争状况，趋势和机遇。\n3、产品策略制定：根据公司战略制定产品策略，提升品类竞争力；\n4、产品规划：根据产品战略制定产品平台战略、产品线业务计划、产品路标规划、产品定位和定义；\n5、提出定价、品牌策略的建议。\n6、组织产品推广方案的实施，并对实施过程管控，及时纠偏；\n7、根据产品推广方案的实施结果进行数据分析，评估推广方案的价值性.有效性；\n8、销售策略制定：通过对市场、客户需求、机会等的分析，制定销售策略及销售数据支持策略；\n9、产品销售计划预测：通过对市场的预测及相关历史数据，对销售趋势及计划进行准确预测；\n10、参与产品销售计划制定：对单一产品总体销量、销售额计划进行制定，并按区域、时间、人员进行分解。\n11、追踪产品销售状况，包括产品别、区域别、口味别的销售数据和毛利状况。','1、国家统招全日制本科及以上学历，市场营销、数学及其他理工类专业；\n2、5年以上快速消费品市场运作经验。\n3、具有敏锐的市场洞察力与市场预测能力。\n4、具有较高的商业敏感度。','刘','先生','zhaopin@shinhofood.com',1,'2017-08-09 09:40:50','2017-05-26 23:55:51',3,3),
	(20,'NKA重点客户群经理',2,104,1004,'1',4,'营销管理类专业','1、根据公司策略，制定现代渠道，各KA客户三年发展策略；\n2、分析客户现有特性，确定各KA客户直营/经销制（经营方式），进度策略,形成全国合同(根据公司发展阶段,合同条件选择签约对象)；\n3、规划制定NKA客户年度预算，形成NKA客户管理机制,参与区域合同,客户回顾,形成三方协议(全国,区域)；\n4、取得、分析现代渠道KA客户数据，根据各NKA客户消费者特点，制定KA客户全国活动（客制化活动）；以及利用NKA客户全国性资源,特性,制定消费者活动计划；\n5、根据发展,建立/更新KA团队管理结构,考核体系,各岗位KPI；\n6、根据不同KA客户管理特点，制定陈列计划与目标，在提高公司产品陈列空间同时，提KA客户的产出。','1、40岁以内，统招本科以上学历，营销管理类专业\n2、10年以上同行业工作经验，8年以上现代渠道管理经验，5年以上团队管理经验。\n3、具有敏锐的市场洞察力和现代渠道市场运作经验；\n4、具有优秀的谈判能力及解决问题的能力，有职业精神；\n5、思维敏捷，处事冷静稳重，责任心强，善于交流和沟通，抗压力强。\n6、具备团队管理能力。','刘','先生','zhaopin@shinhofood.com',1,'2017-08-09 09:40:37','2017-05-26 23:58:28',3,3),
	(21,'IT高级Java开发工程师',2,105,1004,'1',4,'不限专业','1、负责核心模块的功能开发，高质量的编码实现；\n2、理解、分析业务需求，设计技术实现方案，完成平台级产品的功能研发；\n3、解决产品运行中的问题，与产品经理及用户沟通，让用户满意；\n4、Review代码，检测提升代码质量 ','1、本科及以上，3-5年以上开发经验，精通Java，有扎实的编程功底；\n2、熟悉Struts、Spring、MyBatis等框架，熟悉MySQL等关系数据库；\n3、精通Mysql，能熟练使用SQL语言，并能进行性能优化；\n4、熟悉供电商架构，有电商业务经验者优先；\n5、对服务器性能优化有深刻了解，有高并发项目经验；\n6、熟练地使用SVN、GIT代码管理软件\n7、有持续和快速学习的习惯，有钻研精神，随时可以拥抱任何技术；\n8、具有较强的团队意识，高度的责任感，对工作积极严谨，勇于承担压力；\n\n工作地址：\n上海市长宁区天山西路789号中山国际广场B座2楼','刘','先生','zhaopin@shinhofood.com',1,'2017-08-09 09:40:37','2017-05-27 00:00:32',3,3),
	(22,'IT高级前端工程师',2,105,1004,'1',4,'不限专业','1.主要负责前端Web页面的开发和功能实现；\n2.配合后端开发人员与UE设计师，对功能型页面程序提供与整合；\n3.负责前端静态页面及页面JS效果输出；\n4.应用JavaScript和相关技术与后台进行交互通信；\n5.负责持续优化网站的用户体验和可用性；\n6.追踪前端技术的发展，结合实际应用需求进行技术的改进与创新；','1. 本科及研究生学历，3年以上相关工作经验，精通WEB前端技术，对符合WEB标准的网站重构有丰富经验，有成功作品，有大中型网站前端开发经验优先;\n2. 精通HTML5,CSS3,熟悉响应式开发\n3. 精通Javascript及jQuery。熟悉AngularJS及Bootstrap框架者优先\n4. 对CSS/Javascript性能优化、解决多浏览器兼容性问题有丰富经验；\n5. 对用户体验、交互操作流程、及用户需求有一定了解；\n6. 熟练地使用SVN、GIT代码管理软件。\n\n工作地址：\n上海市长宁区天山西路789号中山国际广场B座2楼','刘','先生','zhaopin@shinhofood.com',1,'2017-08-09 09:40:37','2017-05-27 00:03:11',3,3),
	(23,'IT高级测试工程师',2,105,1004,'1',4,'不限专业','1、配合开发人员，完成系统的集成测试；\n2、配合开发人员，完成系统的功能测试；\n3、配合开发人员，完成系统的性能测试；\n4、保证系统的稳定性和健壮性；','1、本科及以上，3年以上测试相关经验；\n2、熟悉黑盒测试的基本原理和方法；\n3、能够根据产品需求描述，编写完备的测试用例及测试脚本；\n4、懂阿里云性能测试模块者优先；\n5、有持续和快速学习的习惯，有钻研精神，随时可以拥抱任何技术；\n6、具有较强的团队意识，高度的责任感，对工作积极严谨，勇于承担压力。\n\n工作地址：\n上海市长宁区天山西路789号中山国际广场B座2楼','刘','先生','zhaopin@shinhofood.com',1,'2017-08-09 09:40:37','2017-05-27 00:05:00',3,3),
	(24,'活动执行专员',2,104,1004,'1',3,'不限专业','1、项目车辆运行安排、管理；\n2、项目人员吃住行统筹；\n3、项目车辆进入活动场地前勘察场地；\n4、道具物料管控；\n5、项目人员招募培训、活动现场项目执行、管理；\n6、现场道具搭建、维护、回收；\n7、解决车辆营运中不可预见问题；\n8、客户拜访与关系维护，达成合作。','1、大专及以上学历，2年以上工作经验 ；\n2、项目执行经验丰富，具备独立管理项目及外地项目执行能力；有路演车工作经验或线下活动执行经验者优先；\n3、团队管理能力强，能熟练控管项目进程；具有积极、主动、热情的工作态度、责任心强；\n4、思维清晰、语言表达、沟通和协调能力强；\n5、配合度好，听从公司安排，严格执行公司制度；\n6、熟练使用office 办公软件：WORD/EXCEL/POWERPOINT；\n7、适应长期出差。\n\n工作地址：\n长宁区天山路310号海益大厦','刘','先生','zhaopin@shinhofood.com',0,'2017-08-09 09:40:37','2017-05-27 00:06:24',3,3),
	(25,'新媒体编辑',2,105,1004,'4',7,'不限专业','1、负责食与家微信公众号、微博等账号日常运营与维护；\n2、负责撰写品牌及产品的文字介绍和软文推广工作；\n3、配合团队leader完成其他相关工作；','1、网瘾患者、段子王、微信微博控，喜欢美食，有独到见解；\n2、认真负责，做事不拖沓，乐于沟通，有团队意识；\n3、有想法、有创意，可犀利、可深情、可逗比，风格独特；\n4、工作年限是浮云，光说不练假把式，随简历附上作品的更赞。','刘','先生','zhaopin@shinhofood.com',1,'2017-08-09 09:40:37','2017-05-27 00:07:52',3,3),
	(26,'营销运营助理',2,104,1004,'1',3,'不限专业','1.会议支持\n2.重点工作跟进(如:专案执行结果统计,经销商开发评审资料标准化审核等）\n3.工作计划的收集汇总\n4.业务人员信息收集\n5.销售预测及库存收集\n6.绩效信息的收集\n7.协助费用申请与核销\n8.办公室行政工作\n9.其他临时工作','工作地址：\n上海市春申路3758弄1号楼1206室','刘','先生','zhaopin@shinhofood.com',1,'2017-08-09 09:40:16','2017-05-27 00:09:32',3,3),
	(27,'PHP开发工程师',2,105,1005,'2',4,'不限专业','工作地点：北京朝阳区、上海长宁区。\n1、负责互联网产品的服务器后端开发；\n2、进行业务系统的需求分析、架构设计及开发；','1、至少5年开发经验，其中3年及以上PHP开发经验，精通PHP，熟悉手册中的大部分php扩展的用途，能自主开发模块；\n2、2年以上网站或互联网产品开发经验，对高并发有着深刻的实践；\n3、精通一种以上大型关系型数据库，如：Mysql、Oracle等，能熟练使用sql语言，并能进行性能优化；\n4、熟悉Web开发及相关技术，HTML、CSS、JavaScript、Ajax、XML等，至少熟悉一种JS框架，如jQuery,Mootools等；\n5、从事过电商行业，熟悉EcStore，EcShop，EcMall等产品的优先；\n\n薪资：15K-25K，具体可来司与HR详谈。\n办公环境：轻松、自由，一群梦想及创意蓬发的年轻人聚集的团队\n工作时间：做五休二。\n公司福利：提供三餐、每月有员工活动、可以吃到健康、有机的食物、了解互联网中有机食物及健康产业在未来的发展及趋势、可以和来自资深互联网公司的大咖们\"华山论剑\"切磋技艺。\n\n工作地址：\n上海市长宁区天山西路789号中山国际广场B座2楼','刘','先生','zhaopin@shinhofood.com',1,'2017-10-23 14:16:35','2017-05-27 00:11:34',3,20),
	(28,'行政助理',2,105,1004,'1',4,'人力资源及相关专业','1、处理上海IT团队的日常行政和人事事务，做好后勤服务保障工作，确保和总部做好相关沟通；\n2、负责IT招募人员的电话安排和通知，并负责相关资料上传下载；\n3、负责上海IT人员相关人事配合工作，包括员工入职、社保、公积金的办理及答疑与管理，以及其他跟人力资源相关的工作；\n4、负责协调和管理相关IT人员行政工作，包括：出差报销、机票预订等行政工作；','1、人力资源及相关专业的本科生；\n2、性格开朗，良好的学习能力、沟通能力、协调能力、应变能力、解决问题的能力；\n3、负责上海IT行政事务及与总部HRBP对接的人力资源方面的工作。\n工作地址：\n长宁区天山西路789号中山国际广场B楼2层','刘','先生','zhaopin@shinhofood.com',1,'2017-08-09 09:40:37','2017-05-27 00:42:00',3,3),
	(29,'市场推广专员',2,104,1004,'1',4,'不限专业','1.	协助市场经理完成日常工作\n2.	负责项目市场调查、市场分析、市场策划等营销工作、为业务部提供足够的支持，制定落实公司对内对外宣传计划/活动。\n3.	负责课程信息整合，广告宣传及社交自媒体的线上推广。\n4.	有一定的文字功底；有创意、脑洞大。\n5.	完成市场部相关报表的整理汇总工作。','1、工作年限：3-4年（之前从事餐饮行业者优先）\n2、计算机与数位媒体作运用熟练者优先\n3、熟悉PPT制作及能熟练运用Excel者优先\n4、具有良好英语水平者优先\n5、性格开朗活泼，思维创新，有独特见解者优先','刘','先生','zhaopin@shinhofood.com',1,'2017-08-09 09:40:37','2017-05-27 00:43:48',3,3),
	(30,'Node.js开发工程师',2,105,1004,'1',4,'不限专业','1、前端用React.js 实现；\n2、後端用Express加上其它loadash、Bluebird、RabbitMQ、MongoDB…等依需求找可用的library；\n3、熟练使用git；','1、学习能力强，对新技术充满激情\n2、代码可读性放在首要位置\n3、本科以上学历，计算机相关专业毕业，2年以上开发经验；\n4、精通 JavaScript；熟悉 Node.js 及 Express、loadash、Bluebird、RabbitMQ\n5、了解熟悉关系数据库和 NoSQL 差异，如 Mongo 和 MySQL 等；\n6、熟悉 React；\n7、有 php 经验优先；\n\nPS：面试中，会有一轮针对实操的小考核，简单测试您的代码开发能力，所以，需要您自带您的个人电脑（我们出于您的个人使用开发工具及开发习惯考虑）。\n\n\n工作地址：\n上海市长宁区天山西路789号中山国际广场B座2楼','刘','先生','zhaopin@shinhofood.com',1,'2017-08-09 09:40:16','2017-05-27 00:45:29',3,3),
	(31,'产品经理',2,104,1004,'1',4,'营销、数学及理工专业','1、产品面：针对市场状态提供消费者喜爱的产品负责产品上市前需求、上市、市场运作、产品发展、产品淘汰、下市的全部生命历程的管理。对既有产品的口味、包装等进行改良，针对市场状况提供消费者接受的新产品。\n\n2、执行面：有效执行市场部制定的品牌战略\nATL部分：把握品牌内涵，执行相应广告策略，以品牌内涵为核心把握所有ATL项目的实施，包括卖点提炼、概念支撑系统的策划，产品手册，电商网页等宣传物料文案的撰写。\nBTL部分：对线下活动进行费用控管，线下活动执行效果的追踪、控管。\n其他：与区域进行沟通，为区域活动提供相应的线上、线下及设计层面上的支持。\n\n3、进行市场相关分析\n整体市场：密切关注市场新变化，对市场信息进行收集、整理和报告。\n竞品：及时关注竞品信息，对竞品策略进行分析。\n品牌自身：对现有销售状况进行分析，寻找品牌发展机会点，进行销量预估。\n\n4、其他：\n保障产品销售的其他环节；\n掌握各区库存，保障安全库存，及时备货；\n协调各区域间产品数量的分配；\n制定渠道政策促进销售；\n积极开发各种新的销售渠道。','1、大学本科及以上学历，市场营销、数学及其他理工类专业。\n2、5年以上快速消费品市场运作经验，2年以上产品经理经验。\n3、熟练应用办公软件，较好的报表功力和数据整理、分析能力。\n4、具有敏锐的市场洞察力与市场预测能力，具有较高的商业敏感度，良好的审美能力。\n\n工作地址：\n天山西路789号中山国际广场B栋2F','刘','先生','zhaopin@shinhofood.com',1,'2017-08-09 09:40:37','2017-05-27 00:47:36',3,3),
	(32,'KA渠道业务主管',2,104,1004,'1',3,'营销、广告相关专业','一、公司KA渠道的主题活动和区域推广活动管理\n\n二、导购员管理（招聘、培训、绩效管理）\n1、招聘适合公司要求和门店需求的导购员，按照HR要求完成相关备案手续；\n2、对现有的导购员进行动态培训并根据导购员的特点安排到不同的岗位和门店；\n3、组织实施导购员培训，包括公司文化、规章制度、产品知识、销售技能、卖场规定等，并追踪培训效果；\n4、导购员任务分解与销售业绩追踪。\n\n三、终端管理（形象、物料、数据）\n1、规划、执行区域销售终端的终端形象的制作、并督促导购员做好维护；\n2、按照公司物料管理工作规范申请物料并正确使用；\n3、对负责区域市场门店导购员销售数据收集及反馈、并尽可能收集竞品相关信息。并对导购员所在门店每月的费效比进行分析，提出改善意见及实施。\n\n四、市场费用核销和巡场监督。','1、大专及以上学历，市场营销、广告学等相关专业优先；\n2、2-3年以上快消行业的市场策划、推广工作经验，有生鲜产品KA渠道管理经验者优先；\n3、熟悉当地市场、能独立操作市场行销方案，具备与渠道商、外包商合同谈判的经验；\n4、熟练操作办公软件，有较强的沟通能力和管理能力、较强的观察力、判断能力及一定的数据分析能力以及较强的创新能力、优秀的团队管理能力。\n\n工作地址：\n天山西路789号B座2楼','刘','先生','zhaopin@shinhofood.com',1,'2017-08-09 09:40:37','2017-05-27 00:50:03',3,3),
	(33,'通路企划经理',2,104,1004,'1',4,'市场营销及相关专业','1、渠道规划：协助销售部制定渠道产品年度发展规划，确定产品推广策略，结合区域及渠道发展现状及潜力，制定区域和渠道通路发展策略。 \n2、制定行销方案：结合事业部年度运营计划及区域年度销售策略，制订通路行销计划方案，并监督执行。 \n3、费用管理：费用的审批、查核与管控，优化促销费用在通路的使用效率和效果，及时做也改善和调整。 \n4、信息收集：收集市场信息，有效的掌握市场反馈信息及业务销售动态。 \n5、项目性工作：项目性工作的参与与推动。','1、本科及以上学历；市场营销及相关专业； \n2、5年以上国际大型快消品行业现代通路工作经验； \n3、市场研究、分析能力和市场方案企划能力； \n4、良好的管理、沟通、协调、整合能力；熟悉现代通路市场推广各个环节； \n5、有国际大型快消品行业现代通路工作经验并能经常出差；','刘','先生','zhaopin@shinhofood.com',1,'2017-08-09 09:40:37','2017-05-27 00:51:47',3,3),
	(34,'人力资源顾问',2,105,1004,'1',4,'不限专业','1、制定集团总体发展战略，协助制定集团人才发展战略规划，组织并实施落地； \n2、根据集团发展战略指导行政人力资源规划，并制订中、长期人力资源发展计划； \n3、建立和完善人力资源管理体系，优化人力资源管理制度（包含招聘、培训、绩效、薪酬及员工发展等）； \n4、擅长各类中高级人才的甄别和选拔，完善公司人才储备和梯队建设； \n5、定期向提供有关人力资源战略、组织建设、行政管理等方面的专项建议，为公司重大决策提供人力资源信息支持；','本科及以上学历，美世等咨询公司背景优先；','刘','先生','zhaopin@shinhofood.com',1,'2017-08-09 09:40:37','2017-05-27 00:53:38',3,20),
	(35,'大数据平台开发',2,105,1004,'1',4,'不限专业','负责大数据平台（Hadoop／Spark等）的基础设施搭建与业务逻辑开发','1、	必须具备2年以上大数据相关开发经历；\n2、	精通大数据主流方案（Hadoop、Spark等）和开发设计模式；精通数据库Postgre SQL/MySQL/Oracle/SQL Server；\n3、	有故障恢复，数据迁移，数据备份，数据安全等方面的实际经验；\n4、	能承当工作压力，良好的团队精神及人际关系\n5、	对新技术有强烈的敏锐度；有极强工作积极性，高度责任心，拥有很强的发现问题、分析问题、解决问题的能力；','刘','先生','zhaopin@shinhofood.com',1,'2017-08-09 09:40:37','2017-05-27 00:59:14',3,3),
	(36,'生产管理',1,103,1007,'5',4,'食品,生物,机械,管理','1、负责所处生产班组的日常生产运营工作 。         \n2、按照品质管理要求，保证产品生产的质量。      \n3、严格执行生产计划，保证市场供货。             \n4、执行工厂相关体系要求，保证车间体系的持续有效运行。\n5、对生产设备执行日常维护要求。                   \n6、完成日常车间培训，保证生产安全等目标。\n','1、本科及以上学历，食品、生物、机械、管理等相关专业\n2、学习能力强，具有创新精神\n3、有较强的组织协调能力、应变能力\n4、有战略分析和逻辑思考的能力 \n4、具有强大的抗压能力，能够同时应对多项工作，并按时完成\n','刘','先生','shinhocr@shinhofood.com',0,'2017-08-09 09:40:16','2017-05-27 03:38:53',20,20),
	(37,'生产管理',1,103,1006,'3',4,'食品,生物,机械,管理','1、负责所处生产班组的日常生产运营工作 。         \n2、按照品质管理要求，保证产品生产的质量。      \n3、严格执行生产计划，保证市场供货。             \n4、执行工厂相关体系要求，保证车间体系的持续有效运行。\n5、对生产设备执行日常维护要求。                   \n6、完成日常车间培训，保证生产安全等目标。\n','1、本科及以上学历，食品、生物、机械、管理等相关专业\n2、学习能力强，具有创新精神\n3、有较强的组织协调能力、应变能力\n4、有战略分析和逻辑思考的能力 \n4、具有强大的抗压能力，能够同时应对多项工作，并按时完成\n','刘','先生','shinhocr@shinhofood.com',0,'2017-08-09 09:40:16','2017-05-27 03:40:00',20,20),
	(38,'品质管理',1,103,1007,'5',4,'食品、生物相关专业','1、监督实施质量标准，监督与生产、质量相关的工作、流程。\n2、完成质量状况统计编报，提出改进建议。\n3、质量投诉、质量事故的调查、原因分析、处理意见的提报及相关部门的回复。\n4、对不符合标准的产品下达召回通知并提出处理意见；对退货产品进行鉴定、检查、提交处理方案；对发生不符合的工艺流程、工艺参数、体系等进行分析、提出纠正措施；对潜在的不符合进行识别、分析，提出预防改进措施，跟踪落实改进结果。\n5、掌握各项生产技术，了解先进技术的应用，为车间提供技术支持。\n6、指导操作工人掌握作业程序，以完成生产任务。\n7、对原材料、半成品、成品及服务等进行质量控制与确认。\n','1、本科及以上学历，食品、生物相关专业\n2、有较好的执行力及沟通能力\n3、具有较强的责任心和原则性\n4、工作仔细认真，善于发现问题\n','刘','先生','shinhocr@shinhofood.com',0,'2017-08-09 09:40:16','2017-05-27 03:43:01',20,20),
	(39,'品质管理',1,103,1005,'6',4,'食品、生物相关专业','工作地点：济南章丘、烟台。\n1、负责原辅料、半成品、成品的理化工作，按照检验计划及时准确检测；\n2、计量器具校准工作，要求按照计量器具管理规定及时精确校准，化验室仪器设备维护保养；\n3、检测数据如有异常及时反馈，要求检测准确，异常反馈及时，并根据要求进行相关的复测及协助分析工作；\n4、药品配置、合理存放等；\n5、掌握并可以运用质量管理工具对质量运行状况进行分析，对存在的问题提出解决方案。\n6、对质量相关报表进行及时的填写。 ','生物、食品相关专业。','刘','先生','shinhocr@shinhofood.com',1,'2017-09-18 15:01:47','2017-05-27 03:43:01',20,22),
	(40,'设备管理',1,103,1007,'2',4,'机电、机械类专业','1、根据生产需求和部门主管的要求，实施和监控设备改造、技术改进项目，负责制定详细的项目计划。\n2、设备故障的分析排除。\n3、管理和监控供应商在公司的施工活动。\n4、配合其它部门，协助实施并解决工艺改进项目。\n5、管理部门程序组文件、表单。\n6、图纸绘制与技术资料管理。\n7、维修人员专业技术培训。\n','1、本科及以上学历，机电、机械类专业\n2、能熟练操作CAD绘图软件\n3、动手能力强，能够熟练使用各种维修工具\n4、具有较强的交流沟通协调能力及良好的技术敏感度和创新意识，善于钻研\n','刘','先生','shinhocr@shinhofood.com',0,'2017-08-09 09:40:16','2017-05-27 03:52:08',20,20),
	(41,'设备管理',1,103,1006,'2',4,'机电、机械类专业','1、根据生产需求和部门主管的要求，实施和监控设备改造、技术改进项目，负责制定详细的项目计划。\n2、设备故障的分析排除。\n3、管理和监控供应商在公司的施工活动。\n4、配合其它部门，协助实施并解决工艺改进项目。\n5、管理部门程序组文件、表单。\n6、图纸绘制与技术资料管理。\n7、维修人员专业技术培训。\n','1、本科及以上学历，机电、机械类专业\n2、能熟练操作CAD绘图软件\n3、动手能力强，能够熟练使用各种维修工具\n4、具有较强的交流沟通协调能力及良好的技术敏感度和创新意识，善于钻研\n','刘','先生','shinhocr@shinhofood.com',0,'2017-08-09 09:40:16','2017-05-27 03:52:08',20,20),
	(42,'机械工程师',1,103,1006,'1',4,'机械、机电相关专业','1、负责公司生产线机械设计开发工作,包括:方案制定、材料选用、图纸设计、机械制作、调试、维修。\n2、参与产品的试制、调试、转产工作。 \n3、解决产品生产组装过程中的技术问题; 对车间生产进行技术指导服务。\n4、编写相关技术文档、设备操作标准。 \n5、定年度大中小维修及维护计划。\n','1、本科及以上学历，机械、机电相关专业\n2、熟悉产品的制造、加工工艺、机械部件的设计\n3、熟练运用AutoCAD软件，具有良好的SPC、DOE、PMEA知识与实际应  用经验，熟练操作办公软件。\n4、具备较强的计划、分析与解决问题的能力\n5、能承受一定的工作压力，有责任心，有团队合作精神，富有创造力\n','刘','先生','shinhocr@shinhofood.com',0,'2017-08-09 09:40:16','2017-05-27 03:54:47',20,20),
	(43,'生产计划专员',1,103,1007,'1',4,'统计相关专业','1、落实生产计划执行进度，协调资源，保证生产计划的有效实施。\n2、统计生产计划达成率、每日生产达成情况，及时了解车间产能。\n3、根据生产中心所下月、周销售计划，进行工厂生产月、周生产计划排程。\n4、根据生产中心下达的临时订单，对内部物料进行分析，进行日生产计划排程。\n5、建立每日的SAP生产订单并下达，最后做技术关闭。\n6、及时检查SAP的各项操作。','1、本科学历，统计相关专业\n2、具备严谨的工作态度和良好的的组织协调能力\n3、具有较强的团队合作意识。\n4、熟练使用办公软件，能操作ERP、 SAP者优先\n','刘','先生','shinhocr@shinhofood.com',0,'2017-08-09 09:40:16','2017-05-27 03:57:58',20,20),
	(44,'研发（基础研究助理工程师）',1,105,1006,'5',5,'相关专业','1、根据行业发展、公司策略、产品特性等制定研究方向。\n2、协助进行酱油、酱发酵过程营养、功能价值开发及功能产品的开发。\n3、参与完成科技项目、专利、技术中心等项目申报。\n4、参与收集行业、竞争对手等的技术开发及产品开发状况，收集各大专院校最新科研成果，引进并应用到实际生产中。\n','1、硕士及以上学历，微生物、发酵工程、生物化学、食品科学与营养专业\n2、热爱研究，熟悉食品、生物、微生物等方面的现代分析技术和研究领域\n3、能熟练操作液相、气相等仪器\n4、熟练掌握英语或日语，读写应用自如\n5、具有较强的沟通能力和语言表达能力\n','刘','先生','shinhocr@shinhofood.com',0,'2017-08-09 09:40:16','2017-05-27 04:00:04',20,20),
	(45,'研发（基础研究助理工程师）',1,105,1007,'1',5,'相关专业','1、根据行业发展、公司策略、产品特性等制定研究方向。\n2、协助进行酱油、酱发酵过程营养、功能价值开发及功能产品的开发。\n3、参与完成科技项目、专利、技术中心等项目申报。\n4、参与收集行业、竞争对手等的技术开发及产品开发状况，收集各大专院校最新科研成果，引进并应用到实际生产中。\n','1、硕士及以上学历，微生物、发酵工程、生物化学、食品科学与营养专业\n2、热爱研究，熟悉食品、生物、微生物等方面的现代分析技术和研究领域\n3、能熟练操作液相、气相等仪器\n4、熟练掌握英语或日语，读写应用自如\n5、具有较强的沟通能力和语言表达能力\n','刘','先生','shinhocr@shinhofood.com',0,'2017-08-09 09:40:16','2017-05-27 04:00:04',20,20),
	(46,'行政管理',1,105,1006,'1',4,'法学、管理类专业','1、整合与活动、环境和行为有关的内外部资源，建立合作关系，改善原有的工作模式，行政创新、高效和稳定的行政工作新模式。\n2、员工活动方式的更新和外包管理的落实。\n3、年度员工活动的规划、预算。\n4、公司员工活动（比如：每天下午茶、每月员工生日会组织、年度旅游组织协调等）的推动。\n5、公司对外活动的推动。\n6、员工家属活动（员工家属访厂、员工宝贝夏令营等）的推动。','1、本科学历，法学、管理类专业\n2、熟练应用WORD、EXCEL、POWERPOINT软件\n3、心思细腻，有服务意识。\n4、逻辑清晰，具备正能量及感染力\n5、具备较强的沟通、组织协调能力\n','刘','先生','shinhocr@shinhofood.com',0,'2017-05-26 16:02:44','2017-05-27 04:02:44',20,20),
	(47,'系统开发工程师',1,105,1006,'2',4,'计算机相关专业','1、负责企业业务系统的开发。\n2、为内部客户提供技术解决方案。\n3、为用户呈现最好的界面交互体验。\n','1、本科及以上学历，计算机相关专业\n2、熟练运用 C#、asp.net 开发工具，了解 Web 前端技术包括 HTML、HTML5、CSS、Javascript 等，熟悉 JQuery 等常用库；\n3、对技术充满热情，勇于尝试，有较强的创新能力。\n','刘','先生','shinhocr@shinhofood.com',0,'2017-08-09 09:40:16','2017-05-27 04:05:05',20,20),
	(48,'法务专员',1,105,1006,'1',4,'法学专业','1、代表公司与外界专业机构联系，确保公司法务方面的需求及时到位。 \n2、协助解决法律方面各类纠纷。\n3、负责审核公司各类合同协议文本就相关的操作流程和规定。\n4、为公司各部门提供相关的法务支持。\n','1、本科学历，法学专业。 \n2、熟悉公司法、合同法、专利等法律知识,精通公司法、合同法、知识产权相关企业法律事务。\n3、具有较强的逻辑思维能力、较强的沟通能力、分析及应变能力。\n4、具有较强的文字功底，能够负责公司注册事务，保证公司证件有效性与合规性。\n5、具有法律职业资格证书或律师执业证者优先。\n','刘','先生','shinhocr@shinhofood.com',0,'2017-08-09 09:40:16','2017-05-27 04:07:33',20,20),
	(49,'市场研究专员',1,105,1004,'2',4,'相关专业','1、相关数据分析、数据挖掘并结合营销实践提炼市场洞察，为相关部门及公司决策形成供建议、参考。\n2、零研数据分析（ AC、CTR 及其他外部购买数据）。\n3、内部销售数据分析。\n4、在连续性数据分析基础上、探究预测模型的建立及市场可能的趋势、动态\n\n注：分析角度侧重品类/品牌/产品层面，了解市场变化、识别可能趋势/洞察。而非财务角度\n','1、本科以上学历，数学、统计学、运筹学、市场营销相关专业\n2、熟练使用常用分析软件，例如Excel 、SPSS等；\n3、做事细致、耐心、冷静\n4、具有较强的逻辑思维能力及分析能力\n','刘','先生','shinhocr@shinhofood.com',0,'2017-08-09 09:40:16','2017-05-27 04:10:08',20,20),
	(50,'讲解员（体验之旅项目专员）',1,105,1006,'2',4,'相关专业','1、负责公司企业文化、历史、生产工艺流程、产品、品牌等讲解及顾客体验。\n2、及时、准确、灵活处理接待中的突发事件；处理接待收尾工作并记录文字总结存档，分析研究接待工作细节，参与流程优化。\n3、.熟知、掌握馆内各项设备和展品的相关知识，不断补充、丰富讲解内容，并能根据不同的游客对象提供相应的讲解服务。\n4、客户来访行程安排确认，接送安排，公司各有关部门协调，现场应急处理。\n5、严格执行公司各项规章制度，为游客提供形象、生动的讲解服务，服从上级工作安排和管理。\n','1、本科及以上学历，播音主持、广播电视、艺术类等相关专业\n2、具有良好的职业形象，气质优雅得体，普通话标准\n3、性格开朗，对生活工作充满热情, 具备良好的服务意识和亲和力，较好的沟通协调能力。\n4、思维敏捷，反应灵活，能有多种方法解决问题。\n5、极强的工作责任心和敬业精神。\n','刘','先生','shinhocr@shinhofood.com',0,'2017-08-09 09:40:16','2017-05-27 04:13:14',20,20),
	(51,'市场营销',1,104,1008,'3',4,'不限专业','1、掌握完整客户信息，诚相待与CS店老板进行交互沟通，建立良好客情关系，理解客户需求与痛点并协同解决；\n2、传播公司品牌，提升客户与消费者对产品认知度及对公司的依赖与支持；\n3、依沟通计划进行有效的时间管理，完整的记录沟通过程信息，通过手持系统及时提交；\n4、保证产品最佳陈列效果，确保正常的价盘及产品新鲜度管理；\n5、有效执行公司既定的各项活动，如有奖陈列、CE活动等；\n6、拓展所负责区域内的新业务（推广新品、增加新的消费者），确保业绩的可持续性成长；\n','1、本科学历，专业不限制；\n2、正直诚实、积极进取、客户导向、具有较强的沟通协调、解决问题、学习力及创新力；\n3、能接受在烟台集中培训3-6个月的时间；\n','刘','先生','shinhocr@shinhofood.com',0,'2017-05-26 16:15:49','2017-05-27 04:15:49',20,20),
	(52,'市场营销',1,104,1004,'3',4,'不限专业','1、掌握完整客户信息，诚相待与CS店老板进行交互沟通，建立良好客情关系，理解客户需求与痛点并协同解决；\n2、传播公司品牌，提升客户与消费者对产品认知度及对公司的依赖与支持；\n3、依沟通计划进行有效的时间管理，完整的记录沟通过程信息，通过手持系统及时提交；\n4、保证产品最佳陈列效果，确保正常的价盘及产品新鲜度管理；\n5、有效执行公司既定的各项活动，如有奖陈列、CE活动等；\n6、拓展所负责区域内的新业务（推广新品、增加新的消费者），确保业绩的可持续性成长；\n','1、本科学历，专业不限制；\n2、正直诚实、积极进取、客户导向、具有较强的沟通协调、解决问题、学习力及创新力；\n3、能接受在烟台集中培训3-6个月的时间；\n','刘','先生','shinhocr@shinhofood.com',0,'2017-05-26 16:15:49','2017-05-27 04:15:49',20,20),
	(53,'市场营销',1,104,1009,'2',4,'不限专业','1、掌握完整客户信息，诚相待与CS店老板进行交互沟通，建立良好客情关系，理解客户需求与痛点并协同解决；\n2、传播公司品牌，提升客户与消费者对产品认知度及对公司的依赖与支持；\n3、依沟通计划进行有效的时间管理，完整的记录沟通过程信息，通过手持系统及时提交；\n4、保证产品最佳陈列效果，确保正常的价盘及产品新鲜度管理；\n5、有效执行公司既定的各项活动，如有奖陈列、CE活动等；\n6、拓展所负责区域内的新业务（推广新品、增加新的消费者），确保业绩的可持续性成长；\n','1、本科学历，专业不限制；\n2、正直诚实、积极进取、客户导向、具有较强的沟通协调、解决问题、学习力及创新力；\n3、能接受在烟台集中培训3-6个月的时间；\n','刘','先生','shinhocr@shinhofood.com',0,'2017-05-26 16:15:49','2017-05-27 04:15:49',20,20),
	(54,'市场营销',1,104,1010,'2',4,'不限专业','1、掌握完整客户信息，诚相待与CS店老板进行交互沟通，建立良好客情关系，理解客户需求与痛点并协同解决；\n2、传播公司品牌，提升客户与消费者对产品认知度及对公司的依赖与支持；\n3、依沟通计划进行有效的时间管理，完整的记录沟通过程信息，通过手持系统及时提交；\n4、保证产品最佳陈列效果，确保正常的价盘及产品新鲜度管理；\n5、有效执行公司既定的各项活动，如有奖陈列、CE活动等；\n6、拓展所负责区域内的新业务（推广新品、增加新的消费者），确保业绩的可持续性成长；\n','1、本科学历，专业不限制；\n2、正直诚实、积极进取、客户导向、具有较强的沟通协调、解决问题、学习力及创新力；\n3、能接受在烟台集中培训3-6个月的时间；\n','刘','先生','shinhocr@shinhofood.com',0,'2017-05-26 16:15:49','2017-05-27 04:15:49',20,20),
	(55,'市场营销',1,104,1011,'1',4,'不限专业','1、掌握完整客户信息，诚相待与CS店老板进行交互沟通，建立良好客情关系，理解客户需求与痛点并协同解决；\n2、传播公司品牌，提升客户与消费者对产品认知度及对公司的依赖与支持；\n3、依沟通计划进行有效的时间管理，完整的记录沟通过程信息，通过手持系统及时提交；\n4、保证产品最佳陈列效果，确保正常的价盘及产品新鲜度管理；\n5、有效执行公司既定的各项活动，如有奖陈列、CE活动等；\n6、拓展所负责区域内的新业务（推广新品、增加新的消费者），确保业绩的可持续性成长；\n','1、本科学历，专业不限制；\n2、正直诚实、积极进取、客户导向、具有较强的沟通协调、解决问题、学习力及创新力；\n3、能接受在烟台集中培训3-6个月的时间；\n','刘','先生','shinhocr@shinhofood.com',0,'2017-05-26 16:15:49','2017-05-27 04:15:49',20,20),
	(56,'市场营销',1,104,1012,'1',4,'不限专业','1、掌握完整客户信息，诚相待与CS店老板进行交互沟通，建立良好客情关系，理解客户需求与痛点并协同解决；\n2、传播公司品牌，提升客户与消费者对产品认知度及对公司的依赖与支持；\n3、依沟通计划进行有效的时间管理，完整的记录沟通过程信息，通过手持系统及时提交；\n4、保证产品最佳陈列效果，确保正常的价盘及产品新鲜度管理；\n5、有效执行公司既定的各项活动，如有奖陈列、CE活动等；\n6、拓展所负责区域内的新业务（推广新品、增加新的消费者），确保业绩的可持续性成长；\n','1、本科学历，专业不限制；\n2、正直诚实、积极进取、客户导向、具有较强的沟通协调、解决问题、学习力及创新力；\n3、能接受在烟台集中培训3-6个月的时间；\n','刘','先生','shinhocr@shinhofood.com',0,'2017-05-26 16:15:49','2017-05-27 04:15:49',20,20),
	(57,'市场营销',1,104,1013,'1',4,'不限专业','1、掌握完整客户信息，诚相待与CS店老板进行交互沟通，建立良好客情关系，理解客户需求与痛点并协同解决；\n2、传播公司品牌，提升客户与消费者对产品认知度及对公司的依赖与支持；\n3、依沟通计划进行有效的时间管理，完整的记录沟通过程信息，通过手持系统及时提交；\n4、保证产品最佳陈列效果，确保正常的价盘及产品新鲜度管理；\n5、有效执行公司既定的各项活动，如有奖陈列、CE活动等；\n6、拓展所负责区域内的新业务（推广新品、增加新的消费者），确保业绩的可持续性成长；\n','1、本科学历，专业不限制；\n2、正直诚实、积极进取、客户导向、具有较强的沟通协调、解决问题、学习力及创新力；\n3、能接受在烟台集中培训3-6个月的时间；\n','刘','先生','shinhocr@shinhofood.com',0,'2017-05-26 16:15:49','2017-05-27 04:15:49',20,20),
	(58,'市场营销',1,104,1007,'2',4,'不限专业','1、掌握完整客户信息，诚相待与CS店老板进行交互沟通，建立良好客情关系，理解客户需求与痛点并协同解决；\n2、传播公司品牌，提升客户与消费者对产品认知度及对公司的依赖与支持；\n3、依沟通计划进行有效的时间管理，完整的记录沟通过程信息，通过手持系统及时提交；\n4、保证产品最佳陈列效果，确保正常的价盘及产品新鲜度管理；\n5、有效执行公司既定的各项活动，如有奖陈列、CE活动等；\n6、拓展所负责区域内的新业务（推广新品、增加新的消费者），确保业绩的可持续性成长；\n','1、本科学历，专业不限制；\n2、正直诚实、积极进取、客户导向、具有较强的沟通协调、解决问题、学习力及创新力；\n3、能接受在烟台集中培训3-6个月的时间；\n','刘','先生','shinhocr@shinhofood.com',0,'2017-05-26 16:15:49','2017-05-27 04:15:49',20,20),
	(59,'市场营销',1,104,1014,'2',4,'不限专业','1、掌握完整客户信息，诚相待与CS店老板进行交互沟通，建立良好客情关系，理解客户需求与痛点并协同解决；\n2、传播公司品牌，提升客户与消费者对产品认知度及对公司的依赖与支持；\n3、依沟通计划进行有效的时间管理，完整的记录沟通过程信息，通过手持系统及时提交；\n4、保证产品最佳陈列效果，确保正常的价盘及产品新鲜度管理；\n5、有效执行公司既定的各项活动，如有奖陈列、CE活动等；\n6、拓展所负责区域内的新业务（推广新品、增加新的消费者），确保业绩的可持续性成长；\n','1、本科学历，专业不限制；\n2、正直诚实、积极进取、客户导向、具有较强的沟通协调、解决问题、学习力及创新力；\n3、能接受在烟台集中培训3-6个月的时间；\n','刘','先生','shinhocr@shinhofood.com',0,'2017-05-26 16:15:49','2017-05-27 04:15:49',20,20),
	(60,'市场营销',1,104,1015,'1',4,'不限专业','1、掌握完整客户信息，诚相待与CS店老板进行交互沟通，建立良好客情关系，理解客户需求与痛点并协同解决；\n2、传播公司品牌，提升客户与消费者对产品认知度及对公司的依赖与支持；\n3、依沟通计划进行有效的时间管理，完整的记录沟通过程信息，通过手持系统及时提交；\n4、保证产品最佳陈列效果，确保正常的价盘及产品新鲜度管理；\n5、有效执行公司既定的各项活动，如有奖陈列、CE活动等；\n6、拓展所负责区域内的新业务（推广新品、增加新的消费者），确保业绩的可持续性成长；\n','1、本科学历，专业不限制；\n2、正直诚实、积极进取、客户导向、具有较强的沟通协调、解决问题、学习力及创新力；\n3、能接受在烟台集中培训3-6个月的时间；\n','刘','先生','shinhocr@shinhofood.com',0,'2017-05-26 16:15:49','2017-05-27 04:15:49',20,20),
	(61,'市场营销',1,104,1016,'1',4,'不限专业','1、掌握完整客户信息，诚相待与CS店老板进行交互沟通，建立良好客情关系，理解客户需求与痛点并协同解决；\n2、传播公司品牌，提升客户与消费者对产品认知度及对公司的依赖与支持；\n3、依沟通计划进行有效的时间管理，完整的记录沟通过程信息，通过手持系统及时提交；\n4、保证产品最佳陈列效果，确保正常的价盘及产品新鲜度管理；\n5、有效执行公司既定的各项活动，如有奖陈列、CE活动等；\n6、拓展所负责区域内的新业务（推广新品、增加新的消费者），确保业绩的可持续性成长；\n','1、本科学历，专业不限制；\n2、正直诚实、积极进取、客户导向、具有较强的沟通协调、解决问题、学习力及创新力；\n3、能接受在烟台集中培训3-6个月的时间；\n','刘','先生','shinhocr@shinhofood.com',0,'2017-05-26 16:15:49','2017-05-27 04:15:49',20,20),
	(62,'市场营销',1,104,1017,'1',4,'不限专业','1、掌握完整客户信息，诚相待与CS店老板进行交互沟通，建立良好客情关系，理解客户需求与痛点并协同解决；\n2、传播公司品牌，提升客户与消费者对产品认知度及对公司的依赖与支持；\n3、依沟通计划进行有效的时间管理，完整的记录沟通过程信息，通过手持系统及时提交；\n4、保证产品最佳陈列效果，确保正常的价盘及产品新鲜度管理；\n5、有效执行公司既定的各项活动，如有奖陈列、CE活动等；\n6、拓展所负责区域内的新业务（推广新品、增加新的消费者），确保业绩的可持续性成长；\n','1、本科学历，专业不限制；\n2、正直诚实、积极进取、客户导向、具有较强的沟通协调、解决问题、学习力及创新力；\n3、能接受在烟台集中培训3-6个月的时间；\n','刘','先生','shinhocr@shinhofood.com',0,'2017-08-09 09:40:16','2017-05-27 04:15:49',20,20),
	(63,'市场营销',1,104,1018,'2',4,'不限专业','1、掌握完整客户信息，诚相待与CS店老板进行交互沟通，建立良好客情关系，理解客户需求与痛点并协同解决；\n2、传播公司品牌，提升客户与消费者对产品认知度及对公司的依赖与支持；\n3、依沟通计划进行有效的时间管理，完整的记录沟通过程信息，通过手持系统及时提交；\n4、保证产品最佳陈列效果，确保正常的价盘及产品新鲜度管理；\n5、有效执行公司既定的各项活动，如有奖陈列、CE活动等；\n6、拓展所负责区域内的新业务（推广新品、增加新的消费者），确保业绩的可持续性成长；\n','1、本科学历，专业不限制；\n2、正直诚实、积极进取、客户导向、具有较强的沟通协调、解决问题、学习力及创新力；\n3、能接受在烟台集中培训3-6个月的时间；\n','刘','先生','shinhocr@shinhofood.com',0,'2017-08-09 09:40:16','2017-05-27 04:15:49',20,20),
	(64,'市场企划',1,104,1004,'3',4,'相关专业','1、竞品的渠道分析、产品诉求点的调查整理与分析，竞品品项、产品结构、价格策略、市场销售情况、畅销品项等的对比；\n2、参与公司促销活动方案的设计、策划、实施与业务管理；\n3、参与各区域市场信息的指导、协调与管理，通报市场动态、公司基本状况及应对策略；\n4、参与新品牌、新产品前期工作的调研与实施，并负责和供应商进行各方位工作的对专业素质要求；\n','1、本科学历，市场营销、广告学、设计类、管理类、数学及统计类专业，意愿从市场营销、市场企划、数据分析类工作的应届生。\n2、具有良好的沟通协调和统筹规划的能力，有很好的抗压能力。\n3、具备好奇心和不断的自我学习能力。','刘','先生','shinhocr@shinhofood.com',0,'2017-08-09 09:40:16','2017-05-27 04:23:28',20,20),
	(65,'市场企划',1,104,1006,'7',4,'相关专业','1、竞品的渠道分析、产品诉求点的调查整理与分析，竞品品项、产品结构、价格策略、市场销售情况、畅销品项等的对比；\n2、参与公司促销活动方案的设计、策划、实施与业务管理；\n3、参与各区域市场信息的指导、协调与管理，通报市场动态、公司基本状况及应对策略；\n4、参与新品牌、新产品前期工作的调研与实施，并负责和供应商进行各方位工作的对专业素质要求；\n','1、本科学历，市场营销、广告学、设计类、管理类、数学及统计类专业，意愿从市场营销、市场企划、数据分析类工作的应届生。\n2、具有良好的沟通协调和统筹规划的能力，有很好的抗压能力。\n3、具备好奇心和不断的自我学习能力。','刘','先生','shinhocr@shinhofood.com',0,'2017-08-09 09:40:16','2017-05-27 04:23:28',20,20),
	(66,'电气工程师-章丘',2,103,1007,'1',3,'电气、机电类','1、参与工厂自动化生产设备的技术性改造论证、方案设计、实施和效果评估。 \n2、设备点检和资产管理；\n3、参与产品的试制、调试、转产工作;\n4、解决产品生产过程中的设备技术问题;\n5、指导设备维修工顺利完成本职工作。 ',' 1、电气、机电类专业，专科及以上学历。\n2、3年以上机电、电气设备维修相关工作经验。\n3、沟通协调能力强。\n4、熟悉自动化专业知识，管道安装知识、机械配件知识等。 ','焦','小姐','zhaopin@shinhofood.com',1,'2017-08-15 17:01:38','2017-08-15 17:01:38',22,22),
	(67,'生产主管-章丘',2,103,1007,'3',4,'食品生物、机械、管理','1、生产计划协调：协调其他部门根据生产需求合理配置原材料、设备工具、动力等各项资源；落实个生产组的生产进程，确保达成生产计划并及时反馈生产完成情况，解决存在的问题。\n2、生产工艺执行：考核各生产组作业SOP的执行情况，对发生不符合的工艺流程、工艺参数等进行分析、提出纠正措施并识别、分析潜在的不符合项，提出预防改进措施，跟踪落实改进效果。 \n3、生产成本管理：根据成本预算，合理调控生产过程中的制造费用；建立COST DOWN体系。 \n4、组织运营体系建立：管理车间日常事务， 指导、培训各生产组长完成本职工作；制定并完善车间的规章制度并监督执行。 \n5、设备维护保养：做好设备月间；季度；年度维护保养和检修计划并定期实施。\n6、车间现场管理：执行车间管理标准，管理车间环境。 ','1.本科及以上学历，食品、生物、机械、管理等相关专业；\n2.2-3年生产制造管理经验；或有意向从事生产管理的应届生； \n3.熟悉车间生产作业，熟悉相关品质管理方法； \n4.能独立进行成本分析并制定改善方案； \n5.了解ISO9000、HACCP、ISO14001等管理体系； \n6.有较强组织协调能力、应变能力及内外沟通能力。','焦','小姐','zhaopin@shinhofood.com',1,'2017-08-15 17:07:50','2017-08-15 17:07:50',22,22),
	(68,'生产主管-长清',2,103,1007,'1',4,'食品生物、机械、管理','1、生产计划协调：协调其他部门根据生产需求合理配置原材料、设备工具、动力等各项资源；落实个生产组的生产进程，确保达成生产计划并及时反馈生产完成情况，解决存在的问题。\n2、生产工艺执行：考核各生产组作业SOP的执行情况，对发生不符合的工艺流程、工艺参数等进行分析、提出纠正措施并识别、分析潜在的不符合项，提出预防改进措施，跟踪落实改进效果。\n3、生产成本管理：根据成本预算，合理调控生产过程中的制造费用；建立COST DOWN体系。 \n4、组织运营体系建立：管理车间日常事务， 指导、培训各生产组长完成本职工作；制定并完善车间的规章制度并监督执行。 \n5、设备维护保养：做好设备月间；季度；年度维护保养和检修计划并定期实施。\n6、车间现场管理：执行车间管理标准，管理车间环境。 ','1.本科及以上学历，食品、生物、机械、管理等相关专业；\n2.2-3年生产制造管理经验；或有意向从事生产管理的应届生； \n3.熟悉车间生产作业，熟悉相关品质管理方法； \n4.能独立进行成本分析并制定改善方案； \n5.了解ISO9000、HACCP、ISO14001等管理体系； \n6.有较强组织协调能力、应变能力及内外沟通能力。','曾','先生','zhaopin@shinhofood.com',1,'2017-08-15 17:09:35','2017-08-15 17:09:35',22,22),
	(69,'品控员-章丘',2,103,1007,'1',4,'食品、生物相关专业','1、监督实施质量标准，监督与生产、质量相关的工作、流程；\n2、完成质量状况统计编报，提出改进建议；\n3、质量投诉、质量事故的调查、原因分析、处理意见的提报及相关部门的回复；\n4、对不符合标准的产品下达召回通知并提出处理意见；对退货产品进行鉴定、检查、提交处理方案；对发生不符合的工艺流程、工艺参数、体系等进行分析、提出纠正措施；对潜在的不符合进行识别、分析，提出预防改进措施，跟踪落实改进结果；\n5、掌握各项生产技术，了解先进技术的应用，为车间提供技术支持；\n6、指导操作工人掌握作业程序，以完成生产任务；\n7、检测设备、仪器的内校、外校、监督使用及维护保养；','1、本科及以上学历，食品、生物相关专业；\n2、有食品生产现场监督工作经验者优先；\n3、有较强的执行力及沟通能力；\n4、熟练使用办公软件；','焦','小姐','zhaopin@shinhofood.com',1,'2017-08-15 17:11:39','2017-08-15 17:11:39',22,22),
	(70,'检验员-章丘',2,103,1007,'1',4,'食品、生物等相关专业','1、负责原辅料、半成品、成品的理化检验工作，按照检验计划及时准确检测；\n2、计量器具校准工作，要求按照计量器具管理规定及时精确校准，化验室仪器设备维护保养；\n3、检测数据如有异常及时反馈，要求检测准确，异常反馈及时，并根据要求进行相关的复测及协助分析工作；\n4、药品配置、合理存放等；\n5、掌握并可以运用质量管理工具对质量运行状况进行分析，对存在的问题提出解决方案。\n6、对质量相关报表进行及时的填写。 ','1、食品、生物等相关专业，本科学历，具有食品检验资格证书者、具有工作经验者优先；\n2、了解食品加工行业的现场管理，了解统计分析知识掌握QC七大工具的基本运用，了解ISO22000、ISO9001、ISO14001三大体系知识；\n3、具备较强的沟通能力、良好的团队合作意识，为人处事诚恳，工作责任心强、学习能力强，勤奋有吃苦耐劳精神。','张','小姐','zhaopin@shinhofood.com',1,'2017-08-15 17:14:32','2017-08-15 17:14:32',22,22),
	(71,'前台文员-长清',2,103,1007,'1',3,'不限专业','1. 接听、转接电话、接待来访人员。 \n2. 负责办公室的文秘、信息、机要和保密工作，做好办公室档案收集、整理工作。 \n3. 负责公司公文、信件、邮件、报刊杂志的分送，以及传真件的收发工作\n4、负责办公室仓库的保管工作，做好物品出入库的登记。  \n5. 按照公司印信管理规定，保管使用公章，并对其负责。 \n6. 做好公司食堂费用支出、流水帐登记，并对餐费做统计及餐费的收纳、保管。 \n7、统计每月考勤并交相关部门做帐，留底。','1、大专及以上学历，专业不限。\n2、形象气质佳，对工作认真负责。','曾','先生','zhaopin@shinhofood.com',1,'2017-08-15 17:16:50','2017-08-15 17:16:50',22,22),
	(72,'工务行政专员-章丘',2,103,1007,'1',3,'机电、机械类','工作地点：章丘明水经济开发区工业五路777号。\n岗位职责：\n1、根据生产需求和部门主管的要求，实施和监控设备改造、技术改进项目，负责制定详细的项目计划；\n2、管理和实施生产设备及公用设施的维护；\n3、设备故障的分析排除；\n4、管理和监控供应商在公司的施工活动；\n5、配合其它生产部门，协助实施并解决工艺改进项目；\n6、管理部门程序组文件/表单；\n7、图纸绘制与技术资料管理；\n8、维修人员专业技术培训；\n9、完成部门领导交给的其它任务。','1.大专及以上学历，机电、机械类专业；\n2.1年以上生产制造企业设备管理员工作经验，了解机电设备知识；\n3.从事过项目管理工作；\n4.熟练使用办公软件，沟通协调能力强。','张','先生','zhaopin@shinhofood.com',1,'2017-08-15 17:19:12','2017-08-15 17:19:12',22,22),
	(73,'生产统计员-长清',2,103,1007,'1',3,'统计学、财会、金融','1、负责公司生产运行数据的统计、分析；\n2、按时提交报表、上报；\n3、协助处理物流处理发货单据等。','1、统计学、财会、金融等专业优先；\n2、具有一定的统计分析能力，可熟练操作EXCEl等软件；\n3、数据敏感度较好，具有良好的逻辑判断能力；\n4、具有团队合作意识，良好沟通表达能力。','曾','先生','zhaopin@shinhofood.com',1,'2017-08-15 17:29:27','2017-08-15 17:29:27',22,22),
	(74,'IE专员-章丘',2,103,1007,'1',4,'工业工程','1、负责生产过程的改善、流程分析、优化生产线的效率；\n2、根据精益生产来提升产能及生产要素的合理化；\n3、通过制造时间的优化及流程的改进，提高生产效率、减少资源浪费；\n4、对生产过程各环节进行分析评估，提出可实施的精益生产方式预案；\n5、针对产线制造流程和设施的改善，达到产线平衡；\n6、负责产线的工时测定，对工序过程能力进行分析并合理调整；','1、本科学历、工业工程专业；\n2、3年以上制造型企业工业工程师工作经验；\n3、具备生产流程改善经验，了解制造成本结构；\n4、有项目管理工作经验或工厂的改善专案经验；\n5、具有较强的学习力、洞察力，善于发现生产过程中的细节问题；  ','焦','小姐','zhaopin@shinhofood.com',1,'2017-08-15 17:39:39','2017-08-15 17:39:39',22,22),
	(75,'生产计划-章丘',2,103,1007,'1',3,'不限专业','1、落实生产计划执行进度，协调资源，保证生产计划的有效实施；\n2、统计生产计划达成率、每日生产达成情况，及时了解车间产能；\n3、根据生产中心所下月、周销售计划，进行工厂生产月、周生产计划排程；\n4、对内部人机料法环进行分析，进行日生产计划排程；\n5、建立每日的SAP生产订单并下达，最后做技术关闭；\n6、每日/月需求报表提供。','1、大专及以上学历，有相关工作经验；\n2、工作认真细致，具有良好的沟通协调能力，责任心强；\n3、熟练使用办公软件，懂ERP、 SAP者优先。','焦','小姐','zhaopin@shinhofood.com',1,'2017-08-15 17:55:47','2017-08-15 17:55:47',22,22),
	(76,'技术专员',2,103,1006,'1',4,'机械相关专业','1、工程项目中连接设备的图纸设计；\n2、客户改造方案建议及图纸转化；\n3、依据市场和客户的要求，不断的改进产品的内部结构；\n4、根据产品的发展和技术的进步，优化外购件选型；\n5、技术标准、技术文件的拟定、保管、检查与控制；\n6、部门负责人交付的其他工作。','1、211院校统招本科及以上学历，机械相关专业；\n2、5年以内工作经验，或食品机械设计制造、工业工程、发酵等相关专业优秀毕业生；\n3、能够熟练使用AUTO CAD、三维CATIA等软件。','童','小姐','zhaopin@shinhofood.com',1,'2017-08-15 18:03:51','2017-08-15 18:03:51',22,22),
	(77,'仓库管理员',2,103,1006,'2',3,'仓储、物流、会计','1.仓库收货、发货、盘点等现场作业；\n2.账务处理、数据统计、资料整理等信息处理工作；\n3.协调业务、物流生产等相关部门完成生产、发货等任务；\n4.异常处理；','1、大专及以上学历，仓储、物流、会计管理等相关专业，有仓管经验者优先；\n2、能熟练运用各种办公自动化软件，精通SAP系统优先；','林','小姐','zhaopin@shinhofood.com',1,'2017-08-15 18:05:36','2017-08-15 18:05:36',22,22),
	(78,'现场品控员',2,103,1006,'1',4,'食品、生化、发酵','1、现场工艺技术以及食品安全关键点确认；\n2、参与改善项目；\n3、对数据进行分析，提出改善精进建议；\n4、现场异常的处理跟进解决确保闭环；\n5、主管安排的临时性工作；','1、全日制本科及以上学历，食品、生化、发酵相关专业。\n2、有品控经验者优先；','尹','小姐','zhaopin@shinhofood.com',1,'2017-08-17 17:32:50','2017-08-17 17:32:50',22,22),
	(79,'检验员',2,103,1006,'3',4,'食品、生物类相关专业','1、按照研发中心下发的检验计划完成检验检测工作，并保证数据准确及时；检测试验过程中同步完成检验记录；\n2、完成临时安排的样品的检测工作，并保证数据准确及时，同步完成检验记录；\n3、提供检测数据，协助组长完成质量事故产生的原因；发现不符合产品标准的情况立即上报给检验组长；放行符合产品标准的产品；\n4、根据检测数据的变化识别、分析失效，并提交报告，防患于未然；对于已经发生的不符合，进行失效分析，提交报告；\n5、维护保养本职位检验检测时使用的检测设备，完成设备维护记录，发现设备异常，及时上报检验组长；\n6、每天检测工作开始前，完成工作所需检验检测设备的内校，同时完成内校记录；\n7、检测实验室间比对样品并及时反馈结果；有不符合项，需及时分析原因解决。','1、统招本科，食品、生物类相关专业；\n2、有化验经验优先，熟练使用办公软件；','尹','小姐','zhaopin@shinhofood.com',1,'2017-08-17 17:35:33','2017-08-17 17:35:33',22,22),
	(80,'杀菌检验员',2,103,1006,'1',4,'化学、生物、发酵','1、负责半成品和成品的检测；\n2、对数据进行分析，提出改善建议；\n3、出现异常及时上报，并进行合理的处置；\n4、按时完成岗位承担的检测任务及主管安排的临时性工作；','1、本科及以上，全日制本科重点院校化学、生物、发酵相关专业。\n2、有检验相关工作经验者优先。','尹','小姐','zhaopin@shinhofood.com',1,'2017-08-17 17:36:54','2017-08-17 17:36:54',22,22),
	(81,'车间主管-蓬莱',2,103,1006,'1',4,'食品发酵生物检测管理','1、通过日会周会时时宣导、言传身教，不断传达企业文化思想，做好车间团队建设；按照公司奖惩制度和绩效考核制度等管理车间员工；\n2、不断优化完善车间生产标准操作流程，并培训员工，严格执行；\n3、按照质量、成本、安全的要求，及时完成生产计划；\n4、做好生产现场监督工作，关注车间工艺执行、员工精神面貌、车间现场5S、车间节能降耗及现场改善等；\n5、发现工作及流程的不足，通过项目历练，改善现状，并不断提升自身能力；','1、本科学历，食品、发酵、生物技术、检测及管理相关专业；\n2、性格外向，善于沟通；\n3、能够熟练操作办公软件，组织协调能力强；','宋','小姐','zhaopin@shinhofood.com',1,'2017-08-17 17:38:33','2017-08-17 17:38:33',22,22),
	(82,'生产管理',2,103,1006,'2',4,'食品机械IE发酵化工','1、熟悉食品企业管理体系相关知识（ISO9001、ISO14000、HACCP等）；\n2、全面了解车间生产工艺及产品质量要求保证生产顺利进行，有一定成本意识能够有效控制车间能耗，降低生产成本；\n3、具备一定的车间设备管理知识，了解设备的运行情况及保养要求；\n4、具备现场5S管理知识，保持生产现场的卫生及产品质量安全；\n5、认同企业文化，责任感强，能够承受一定的工作压力。','本科及以上，食品类、机械类、工业工程、发酵、化工类相关专业；\n相关专业的应届毕业生亦可；','尹','小姐','zhaopin@shinhofood.com',1,'2017-08-17 18:04:35','2017-08-17 18:04:35',22,22),
	(83,'电气工程师',2,103,1006,'1',4,'电气、机电类相关专业','1、组织维修、机电员工执行设备维护、保养、维修计划，达到保证设备管理按计划实施，以及生产正常运行的目的。\n2、参与工厂生产设备的技术性改造论证、方案设计、实施和效果验证。  \n3、参与现场调试并处理异常故障，提出设备改进措施。\n4、对于现场工作技术的传承和指导。 ','1、本科及以上学历，电气、机电类相关专业，应届生亦可。有大型企业电气维修、设计工作经验者优先；\n2、熟练操作PLC的编程、变频器控制；\n3、扎实的理论基础和技术工作经验，能独立解决生产过程中的电器技术问题；\n4、有较强的责任心，并具有一定的判断与决策能力、沟通、计划与执行、分析能力；\n5、能看懂C语言、C++。','林','小姐','zhaopin@shinhofood.com',1,'2017-08-18 09:06:21','2017-08-18 09:06:21',22,22),
	(84,'机电运维员',2,103,1006,'1',3,'机械设计、电气相关','1、设备基础点检、专业点检、设备维修计划的制订，并确保设备维护保养计划的有效实施；\n2、按规定进行设备操作和日常的维护保养；\n3、参与并协助主管实行的技术改造工作和备件的购置计划。','1、大专及本科学历，机械设计或电气相关专业；熟练运用CAD制图或PLC编程；\n2、有较强的沟通能力，有对外协调的能力。','林','小姐','zhaopin@shinhofood.com',1,'2017-08-18 09:18:57','2017-08-18 09:18:57',22,22),
	(85,'班车司机（芝罘线）',2,103,1006,'1',7,'不限专业','1、负责“芝罘区-开发区大季家欣和工厂”班车的驾驶工作；\n2、其他行政事务工作安排，如总公司年会接送、参观访问接送等。','1、家住芝罘区魁玉路附近优先。早班车6:20发车，7:45到公司。晚上17:10发车，到芝罘区终点站后停车，直接回家。\n2、A1驾驶证，有客运上岗证，从事驾驶工作满3年以上；\n3、3年无重大交通事故，无酒驾行为。','林','小姐','zhaopin@shinhofood.com',0,'2017-08-18 09:21:05','2017-08-18 09:21:05',22,22),
	(86,'ABAP开发工程师',2,105,1006,'2',4,'计算机软件开发相关','1、负责SAP开发工作；\n2、与内部顾问配合，共同完成开发定制、RFC、Function 功能开发等；\n3、参与具体的实际开发（ABAP应用开发，报表，屏幕以及各种接口类的开发），能够完成增强、接口类项目的设计、开发、测试等工作；','1、1年以上ABAP开发经验，可独立完成业务部门的需求，熟悉FI/CO/SD/MM/PP等模块功能；\n2、掌握ABAP report 、ALV、SMARTFORMS、SAPscript Forms等编程技术；\n3、善于沟通和学习，具备较强的分析解决问题的能力及团队合作能力；','张','小姐','zhaopin@shinhofood.com',1,'2017-08-24 10:18:15','2017-08-24 10:18:15',22,22),
	(87,'ASP.NET系统开发工程师',2,105,1008,'2',3,'计算机相关','1、负责企业业务系统的开发及互联网相关产品开发；\n2、为内部客户提供技术解决方案；\n3、利用.net开发工具开发公司内部运营系统。','1、大专及以上学历，两年以上相关工作经验；\n2、熟练掌握C#（asp.net)开发语言的相关特性；\n4、具有 ORACLE、SQLSERVER数据库开发经验；\n5. 有python语言开始经验者优先考虑；\n6、对技术充满热情，勇于尝试，有较强的创新能力。','张','小姐','zhaopin@shinhofood.com',1,'2017-08-24 10:20:20','2017-08-24 10:20:20',22,22),
	(88,'BASIS运维工程师（安全）',2,105,1006,'2',4,'计算机及网络安全','1.负责数据中心内主机及应用安全体系建立与实施；\n2.负责网络中心安全体系建立与实施；\n3.负责终端安全保护；\n4.负责IT运维安全控制平台的调研,业务模式优化,解决方案设计,主导架构设计；','1.本科，熟悉运维安全与网络安全业务,了解变更和配置管理等运维流程；\n2.熟悉主流互联网安全技术和安全产品；\n3.熟悉IT认证系统,访问控制系统及密码凭证管理系统；\n4.熟悉移动安全及云安全；\n5.有软件工程,数据库知识,应用系统设计开发经验者优先；','张','小姐','zhaopin@shinhofood.com',0,'2017-08-24 10:23:15','2017-08-24 10:23:15',22,22),
	(89,'BASIS运维工程师（平台）',2,105,1006,'2',4,'计算机相关','1.负责使用云平台管理与维护；\n2.负责公司互联网应用平台基础架构及中间件维护优化；\n3.负责公司系统配置应用管理；\n4.参与公司项目部署；','1.本科，熟悉主流操作系统,有一定的脚本编程能力；\n2.熟悉主流WEB相关服务器部署及优化；\n3.熟悉主流互联网平台架构,压力测试工具；\n4.熟悉国内主流云平台,有一定的维护经验；\n5.熟悉系统配置应用管理的优先；','张','小姐','zhaopin@shinhofood.com',0,'2017-08-24 10:25:05','2017-08-24 10:25:05',22,22),
	(90,'BASIS助理运维工程师（桌面）',2,105,1006,'2',4,'计算机或自动化','1.负责桌面计算机及相关设备的软硬件维护；\n2.负责小型网络及一卡通设施等维护；\n3.负责电话及视频会议等软硬件维护；\n4.辅助核心网络运维；\n5.辅助IT系统基础架构设计服务器及数据库维护；','1. 本科，应届生亦可，全日制计算机或自动化专业；\n2. 具有良好的服务意识与职业素养,安全意识,沟通能力和良好的语言表达,具备团队协作精神；\n3. 了解windows ad,linux等主流系统,有一定数据库应用基础；\n4. 了解网络、安全,及服务器相关配置；','张','小姐','zhaopin@shinhofood.com',1,'2017-08-24 14:18:53','2017-08-24 14:18:53',22,22),
	(91,'BI开发工程师',2,105,1006,'1',4,'计算机数学统计学会计','1、参与公司BI平台的开发工作；\n2、参与公司业务需求调研和源数据调研；\n3、负责BI前台分析报表的设计与开发；\n4、参与ETL相关接口的开发和测试；','1、本科及以上，计算机、数学、统计学、会计等专业，工作经验不限； \n2、有强烈的责任感，主动性强，具有良好的团队合作精神和高度的责任心；\n3、优先条件：熟悉Plsql编程者优先；熟悉主流BI/ETL产品者优先；具备互联网思维者优先；了解JAVA/C# 开发优先；熟悉JAVASCRIPT者优先。','张','小姐','zhaopin@shinhofood.com',1,'2017-08-24 14:26:27','2017-08-24 14:26:27',22,22),
	(92,'EHS专员',2,105,1006,'1',4,'环境、安全相关专业','1.EHS体系管理、安全管理、事故管理、安全与应急管理；\n2.培训与宣导；职业健康管理；\n3.环境工程管理；EHS氛围打造。','1、本科，环境、安全相关专业；熟练运用办公软件；\n2、五年以上环境、安全工作经验，三年以上管理经验；具有国家注册安全工程师认证者优先\n3、熟悉 ISO14001体系审核与认证相关工作；\n4、责任感、坚持原则、具有团队合作、解决问题及管理能力。','范','小姐','zhaopin@shinhofood.com',1,'2017-08-24 14:28:07','2017-08-24 14:28:07',22,22),
	(93,'FLEX开发工程师',2,105,1006,'1',4,'计算机相关','1、负责企业业务系统的开发；\n2、为内部客户提供技术解决方案；\n3、为用户呈现较好的界面交互体验；','1、熟练使用ActionScript3.0,以及Flex常用组件；\n2、熟悉Flex页面布局，熟练掌握Flex自定义组件的开发和应用；能够用flash开发组件并在flex中进行调用；\n3、熟悉FLEX通信方式(http,socket,webservice)；\n4、对ArcGis及相关接口技术应用熟悉者优先；\n5、对技术充满热情，勇于尝试，有较强的创新能力；','张','小姐','zhaopin@shinhofood.com',1,'2017-08-24 14:43:27','2017-08-24 14:43:27',22,22),
	(94,'IT产品经理',2,105,1008,'1',4,'IT相关专业','1、负责用户的需求发现和分析，系统功能设计；\n2、持续挖掘用户需求进行系统应用创新，合理规划系统功能；\n3、负责系统界面和交互全局和细节设计，持续提升系统交互体验；\n4、负责与协助新系统上线以后的改进，BUG 跟踪、收集改进意见、提供改进方案；\n5、业务系统逻辑修改、用户体验改善、各操作流程优化；','1、本科，具有较强的团队沟通协调能力，对IT系统及技术敏感，思维清晰有条理；\n2、注重系统易用性设计和用户体验，注重细节；\n3、具有较强的文档书写能力；\n4、具有强烈责任心和上进心；\n5、良好的时间管理能力，抗压能力强；','张','小姐','zhaopin@shinhofood.com',1,'2017-08-24 14:55:45','2017-08-24 14:55:45',22,22),
	(95,'IT高级Java开发工程师-烟台',2,105,1006,'1',4,'IT相关专业','1、负责核心模块的功能开发，高质量的编码实现；\n2、理解、分析业务需求，设计技术实现方案，完成平台级产品的功能研发；\n3、解决产品运行中的问题，与产品经理及用户沟通，让用户满意；\n4、Review代码，检测提升代码质量','1、本科及以上，3-5年以上开发经验，精通Java，有扎实的编程功底；\n2、熟悉Struts、Spring、MyBatis等框架，熟悉MySQL等关系数据库；\n3、精通Mysql，能熟练使用SQL语言，并能进行性能优化；\n4、熟悉供电商架构，有电商业务经验者优先；\n5、对服务器性能优化有深刻了解，有高并发项目经验；\n6、熟练地使用SVN、GIT代码管理软件\n7、有持续和快速学习的习惯，有钻研精神，随时可以拥抱任何技术；\n8、具有较强的团队意识，高度的责任感，对工作积极严谨，勇于承担压力；','张','小姐','zhaopin@shinhofood.com',1,'2017-08-24 15:05:45','2017-08-24 15:05:45',22,22),
	(96,'IT零售运维工程师',2,105,1006,'1',3,'计算机相关','1、 IT系统售前技术咨询，地推的标准化宣导和辅导、以及执行；\n2、 IT软硬件系统、门店安装标准化实施和执行；\n3、 IT软硬件系统、硬件及网络等故障的解决；','1、大专/本科学历，计算机及相关专业； 1年以上中大型零售或餐饮门店Helpdesk运维经验；获得ITIL认证优先；\n2、熟悉Windows Android MySQL网络以及常用办公和应用软件；\n3、熟悉零售和餐饮软件系统，并有实战经验2年以上； \n4、熟悉门店POS/打印机/扫码设备/CCTV/BGM/KDS等主流硬件设备；\n5、熟悉交换机/路由器等基本网络设备；\n6、较强的沟通能力，团队合作精神，善于学习，具有一定抗压能力，能经常出差。','张','小姐','zhaopin@shinhofood.com',1,'2017-08-24 15:11:31','2017-08-24 15:11:31',22,22),
	(97,'JAVA/Python开发工程师',2,105,1006,'1',3,'计算机相关专业','1、负责大数据平台的开发维护、相关后台服务的设计与开发；\n2、负责公司产品各阶段数据的整理；\n3、配合数据挖掘工作进行相关程序开发。','1、大专及以上学历，计算机相关专业； \n2、1年以上JAVA或者python项目经验； \n3、熟练使用SSH、SpringMVC等主流技术，熟悉XML、JavaScript等；\n4、熟悉linux系统的相关命令及shell编程；\n5、有数据安全、网络安全、大数据、快消品等行业项目经验者优先。','张','小姐','zhaopin@shinhofood.com',1,'2017-08-24 15:13:50','2017-08-24 15:13:50',22,22),
	(98,'JAVA开发工程师',2,105,1006,'1',3,'计算机相关','1、负责企业业务系统的开发；\n2、为内部客户提供技术解决方案；\n3、为用户呈现较好的界面交互体验；','1、精通Spring-MVC ,Hibernate,Mybatis等框架技术，熟练运用eclipse等开发工具，熟悉MVC等设计模式；\n2、精通HTML5、JQuery、BootStrap、CSS等前端开发技术，熟练进行前后端功能开发；\n3、熟悉Maven构建机制，Tomcat服务器，Eclipse开发环境，能独立配置相关参数和发布服务；\n4、熟练掌握,使用Oracle,MySQL数据库；\n5、充分理解面向对象编程的架构设计，具有较强的逻辑思维能力和较强的分析设计能力，可独立编写需求分析文档和开发设计文档；','张','小姐','zhaopin@shinhofood.com',1,'2017-08-24 15:14:56','2017-08-24 15:14:56',22,22),
	(99,'UI设计师',2,105,1004,'1',3,'美术工业平面广告设计','1.负责移动端产品的界面设计，注重设计细节及表现力；\n2.关注用户体验效果，对产品设计进行优化迭代；\n3.分析行业设计趋势，优化设计流程、制定并推进规范落地。','1、专科及以上学历，美术、工业设计、平面设计、广告设计等相关专业。\n2、3年以上APP设计经验，熟练掌握IOS及Android设计规范；（投递简历时请附上相关作品或作品链接）\n3、热爱UI/UX设计工作，会手绘者优先；\n4、精通Sketch、Photoshop、Illustrator等相关设计软件，如能熟练使用After Effects可作为加分项；\n5、擅长沟通，具有良好的团队精神，并富有工作激情、创新欲望与责任感；','范','小姐','zhaopin@shinhofood.com',1,'2017-08-24 15:20:23','2017-08-24 15:20:23',22,22),
	(100,'WEB前端开发工程师',2,105,1006,'1',4,'计算机相关','1.主要负责前端Web页面的开发和功能实现；\n2.配合后端开发人员与UE设计师，对功能型页面程序提供与整合；\n3.负责前端静态页面及页面JS效果输出；\n4.应用JavaScript和相关技术与后台进行交互通信；\n5.负责持续优化网站的用户体验和可用性；\n6.追踪前端技术的发展，结合实际应用需求进行技术的改进与创新；','1. 本科及研究生学历，3年以上相关工作经验，精通WEB前端技术，对符合WEB标准的网站重构有丰富经验，有成功作品，有大中型网站前端开发经验优先；\n2. 精通HTML5,CSS3,熟悉响应式开发；\n3. 精通Javascript及jQuery。熟悉AngularJS及Bootstrap框架者优先；\n4. 对CSS/Javascript性能优化、解决多浏览器兼容性问题有丰富经验；\n5. 对用户体验、交互操作流程、及用户需求有一定了解；\n6. 熟练地使用SVN、GIT代码管理软件；','张','小姐','zhaopin@shinhofood.com',1,'2017-08-24 15:21:55','2017-08-24 15:21:55',22,22),
	(101,'Web页面UI设计师',2,105,1006,'2',3,'美术、设计或相关专业','1. 负责系统Web页面的设计工作，并与开发人员协同工作完成页面的实现；\n2.模拟用户使用场景，按照UCD的方法设计流畅的用户操作流程、界面结构、产品原型；\n3.对现有产品的易用性进行评估并提出有效的改进方案，持续提升产品的用户体验；\n4.学习并研究业界软件最新交互模式设计、可用性测试，分析同行产品界面及交互优缺点等；','1、大专及以上学历，美术、设计或相关专业优先；3年以上相关工作经验；\n2、对视觉设计的方法和理念有独到的见解和想法，热爱UI界面设计，有出色的审美；\n3、具备扎实的美术基本功，并有成功案例；\n4、熟练掌握相关设计工具软件，如：Photoshop、Illustrator、flash等软件；\n5、乐于分享，推动团队设计能力提升；','张','小姐','zhaopin@shinhofood.com',1,'2017-08-24 15:26:05','2017-08-24 15:26:05',22,22),
	(102,'包材开发工程师',2,105,1006,'1',5,'包材包装相关','1、推进新产品包装的开发项目按照计划进行，并满足公司的要求；组织召开项目会议；协调各部门实现新包装的顺利应用。\n2、包装方案优化与改进，提升产品包装品质以及自动化应用；确保包装成本满足产品公司需求；降低包装成本，提升产品竞争力。\n3、分析收集的产品包装信息和包装行业趋势，寻找到机会点，并向公司推荐、实施。\n4、制定适用于生产的包装技术标准，确保产品包装质量稳定。','1、具有5年以上快消品包装开发岗位经验；\n2、掌握各类包装材料的生产工艺、材料特性以及行业趋势。涵盖塑料包装、玻璃包装、纸包装；\n3、熟悉快消品研发流程，具有项目管理经验者优先；\n4、熟练应用Office办公软件。具有较强的PPT制作能力、熟练应用AutoCAD、PORE者优先；\n5、善于沟通和表达，具有一定的创新思维；解决问题能力强。 ','张','小姐','zhaopin@shinhofood.com',1,'2017-08-24 15:37:31','2017-08-24 15:37:31',22,22),
	(103,'包材开发助理工程师',2,105,1006,'1',4,'包装、材料方向','1.协助包装工程师推进新产品包装的开发项目按照计划进行。\n2.完成各类包材的理化测试以及模拟测试，并完成实验报告。\n3.协助完成包材技术标准的修订。\n4.完成C类包材的结构设计、开发与验证。','1、包装、材料方向应届研究生，或包装方向本科并从事该方向工作3年以上。\n2、熟悉各类包装材料（塑料、玻璃、纸等）的生产工艺、材料特性者优先。熟悉快消品研发流程，具有项目管理经验者优先。\n3、熟练应用Office办公软件。熟练应用AutoCAD、PORE。\n4、善于沟通和表达；具有一定的创新思维；解决问题能力强。','张','小姐','zhaopin@shinhofood.com',1,'2017-08-24 15:38:40','2017-08-24 15:38:40',22,22),
	(104,'采购专员（电商）',2,105,1004,'1',4,'不限专业','1、制定并执行公司的采购计划和品类发展计划，关注品类的销售额、毛利率和损耗；\n2、根据市场趋势，品类发展计划开发新品和供应商，完成相应的新品开发和供应商开发指标，完成采购商品的合同谈判；\n3、分析商品和供应商的表现，制定相应的改进计划并执行；\n4、制定相应商品的促销计划，并协调相关部门完成，提升销售业绩；\n5、关注本部门商品的库存动态及管理采购订单。\n6、完成供应商管理，协助完成供应商对账及结款；','1、3年以上电商行业采购或供应商管理相关工作经验。 \n2、具有良好的市场洞察及敏锐度，拥有良好的沟通谈判技巧，具备解决问题的能力。','张','小姐','zhaopin@shinhofood.com',1,'2017-08-24 16:03:34','2017-08-24 16:03:34',22,22),
	(105,'菜品研发及讲授厨师',2,105,1006,'2',7,'烹饪相关专业','1、结合欣和产品特色进行新菜品研发；\n2、体验顾客的烹饪展示；\n3、对用餐礼仪及菜品食育知识进行培训；\n4、对菜的出品，质量和食品成本负责；','1、烹饪相关专业毕业，或有3年以上厨师工作经验；\n2、具备烹饪课讲授能力；\n3、男女不限，形象气质佳。','范','小姐','zhaopin@shinhofood.com',1,'2017-08-24 16:19:29','2017-08-24 16:19:29',22,22),
	(106,'产品经理（IT）',2,105,1006,'2',4,'IT相关','1、负责用户的需求发现和分析，系统功能设计；\n2、持续挖掘用户需求进行系统应用创新，合理规划系统功能；\n3、负责系统界面和交互全局和细节设计，持续提升系统交互体验；\n4、负责与协助新系统上线以后的改进，BUG 跟踪、收集改进意见、提供改进方案；\n5、业务系统逻辑修改、用户体验改善、各操作流程优化；','1、本科，具有较强的团队沟通协调能力，对IT系统及技术敏感，思维清晰有条理；\n2、注重系统易用性设计和用户体验，注重细节；\n3、具有较强的文档书写能力；\n4、具有强烈责任心和上进心；\n5、良好的时间管理能力，抗压能力强；','张','小姐','zhaopin@shinhofood.com',1,'2017-08-24 16:23:25','2017-08-24 16:23:25',22,22),
	(107,'大数据工程师-烟台',2,105,1006,'2',4,'计算机、数学统计','1. 参与大数据平台的架构设计和搭建；\n2. 参与大数据平台通用工具的设计；\n3. 利用大数据平台实现对数据的分析和处理；','1. 本科及以上学历，计算机、数学统计等相关专业；\n2. 熟悉HADOOP技术（hdfs, hbase, spark, sqoop, storm, kafka, flume, zookeeper等） ；\n3. 具备良好的代码编程习惯，较强的Java或者scala编程能力；\n4. 具有良好的沟通能力，良好的团队合作精神，对工作积极主动，能有条理的完成工作任务；\n5. 熟练掌握MapReduce原理及数据分析相关的二次开发；\n6. 熟悉CDH，有相关开发和优化经验者优先；','张','小姐','zhaopin@shinhofood.com',1,'2017-08-24 16:31:52','2017-08-24 16:31:52',22,22),
	(108,'大数据工程师-北京',2,105,1008,'2',4,'计算机、数学统计','1. 参与大数据平台的架构设计和搭建\n2. 参与大数据平台通用工具的设计\n3. 利用大数据平台实现对数据的分析和处理','1. 本科及以上学历，计算机、数学统计等相关专业\n2. 熟悉HADOOP技术（hdfs, hbase, spark, sqoop, storm, kafka, flume, zookeeper等） \n3. 具备良好的代码编程习惯，较强的Java或者scala编程能力\n4. 具有良好的沟通能力，良好的团队合作精神，对工作积极主动，能有条理的完成工作任务 \n5. 熟练掌握MapReduce原理及数据分析相关的二次开发\n6. 熟悉CDH，有相关开发和优化经验者优先','张','小姐','zhaopin@shinhofood.com',1,'2017-08-24 16:33:11','2017-08-24 16:33:11',22,22),
	(109,'大数据架构师-烟台',2,105,1006,'1',4,'IT相关','1、参与大数据平台架构设计，进行基础平台搭建，平台功能设计实施，支持主流大数据分析模型及算法实现。\n2、支持大数据应用开发实施，解决大数据平台重大技术疑难问题。\n3、跟踪前沿技术趋势，负责公司核心技术预研。\n4、对海量业务数据进行整合、分析挖掘，挖掘用户行为特征，为营销、运营及决策提供业务分析及数据支持。','1、精通大数据相关的设计原理和基本架构理念，对业界技术的发展理解深刻，并有成功的大数据平台架构设计实施经验\n2、熟悉大数据开发框架（Hadoop，MR，HIVE，Flume，Spark,zookeeper等），主流NOSQL   DB和分布式缓存技术；\n3、能很好的融合业务需求和业界技术发展，完成平台设计和指导开发；\n4、对重大疑难问题能够准确定位，分析并解决；\n5、对数据有高度敏感性，对数据建模有深刻理解；\n6、有快消品行业从业经验者优先。','张','小姐','zhaopin@shinhofood.com',1,'2017-08-24 16:34:57','2017-08-24 16:34:57',22,22),
	(110,'大数据架构师-北京',2,105,1008,'1',4,'IT相关','1、参与大数据平台架构设计，进行基础平台搭建，平台功能设计实施，支持主流大数据分析模型及算法实现。\n2、支持大数据应用开发实施，解决大数据平台重大技术疑难问题。\n3、跟踪前沿技术趋势，负责公司核心技术预研。\n4、对海量业务数据进行整合、分析挖掘，挖掘用户行为特征，为营销、运营及决策提供业务分析及数据支持。','1、精通大数据相关的设计原理和基本架构理念，对业界技术的发展理解深刻，并有成功的大数据平台架构设计实施经验\n2、熟悉大数据开发框架（Hadoop，MR，HIVE，Flume，Spark,zookeeper等），主流NOSQL   DB和分布式缓存技术；\n3、能很好的融合业务需求和业界技术发展，完成平台设计和指导开发；\n4、对重大疑难问题能够准确定位，分析并解决；\n5、对数据有高度敏感性，对数据建模有深刻理解；\n6、有快消品行业从业经验者优先。','张','小姐','zhaopin@shinhofood.com',1,'2017-08-24 16:36:11','2017-08-24 16:36:11',22,22),
	(111,'法律法规助理工程师',2,105,1006,'1',4,'食品/生物等相关','1、及时收集国内外法律法规，能有效识别及翻译，并对识别的法规进行培训。\n2、协助制定有效的预防控制风险措施，保证公司产品、标识、宣称持续合规。\n3、解读与我司相关的法规，确保产品标识宣称合规性，并确保标签审核记录及标准样可追溯。','1、食品工程/生物科学/生物工程/食品安全等相关专业；\n2、研究生应届毕业，本科2-3年以上行业工作经验，对调味品行业信息了解，市场敏锐度高；\n3、英语6级以上，有海外留学经验者优先。','张','小姐','zhaopin@shinhofood.com',1,'2017-08-31 09:45:28','2017-08-31 09:45:28',22,22),
	(112,'法务专员',2,105,1006,'1',4,'法律相关专业','1、解答经营管理中的法律咨询；\n2、参与公司物资采购项目的招、投标；\n3、审查合同；\n4、制定公司相关制度，并修改、创新；\n5、出具非诉讼事务法律意见；\n6、协助处理诉讼案件。','1、大学本科及以上学历；\n2、通过国家司法考试。','张','小姐','zhaopin@shinhofood.com',1,'2017-09-08 16:39:36','2017-09-08 16:39:36',22,22),
	(113,'法务专员（知识产权方向）',2,105,1004,'1',4,'法律、机械等','1.知识产权相关的规章制度及流程的建立完善及实施；\n2.专利、商标、著作权等业务办理；\n3.知识产权诉讼：协调外部律师和公司内相关部门；\n4.知识产权相关的培训；','1、本科及以上学历，法律、机械等相关专业毕业；\n2、3-8年及以上知识产权管理相关工作经验；\n3、熟悉相关政策和法律，对国家政策导向有一定分析和研究；\n4、具备较强的学习能力、发现问题、解决问题的能力；\n5、具备良好的人际交往能力、组织协调能力、沟通能力以及解决复杂问题的能力。','张','小姐','zhaopin@shinhofood.com',1,'2017-09-08 16:40:46','2017-09-08 16:40:46',22,22),
	(114,'供应商质量管理专员',2,105,1006,'1',4,'食品、生物等相关','1、供应商质量管理体系的维护和运营（制度、流程）；\n2、根据风险评估，制定供应商审核计划，按期执行并完成审核报告；\n3、协助现有供应商进行质量的持续改进；跟进供应商质量改善进度和效果；\n4、对原料、包材供应商进行资质审核及管理及异常信息系统的维护及管理；\n5、协助各工厂对原料、包材质量问题进行分析及有效解决；\n6、对各工厂的物料验收工作进行监督和指导。','1、本科及以上学历，食品、生物等相关专业；\n2、2年以上食品质量工作经验，具有供应商质量管理、质量体系、物料验收等经验的优先；\n3、熟悉质量体系知识（如ISO9001,22000,HACCP等）；\n4、能够熟练操作Office等常用办公软件；\n5、良好的沟通和承压能力，能够适应一定频率的出差。','范','小姐','zhaopin@shinhofood.com',1,'2017-09-08 16:42:36','2017-09-08 16:42:36',22,22),
	(115,'行销分析专员（财务）',2,105,1006,'1',4,'数学、统计学等','1.及时、准确、系统、完整的为大区及公司决策提供数据支持及数据变动的驱动因素和对应的解决方案；                     \n2.根据销售端、公司管理层需求，对现有的报表进行调整、改进；\n3.信息同步化的持续开发；\n4.规范及标准化业务流程，明确业务流程中各岗位的职责，以提供工作效率；\n5.销售预算的编制、审核。完善跨部门间项目的业务流程，做到项目事先预算、事中控制、事后反馈与分析；\n6.主动学习并持续改进。','1、全日制本科及以上学历，数学、统计学等相关专业；\n2、最好有快消品分析的工作经验或在会计事务所工作的经历,有四大会计师事务所从业经验者优先；\n3、有责任心、上进心、逻辑、表达能力强；\n4、能接受不定期出差。','张','小姐','zhaopin@shinhofood.com',1,'2017-09-08 16:51:25','2017-09-08 16:51:25',22,22),
	(116,'行政管理专员',2,105,1004,'1',3,'不限专业','1、前台接待；\n2、员工活动的策划与组织；\n3、空间氛围、团队氛围的营造与管理；\n4、员工福利及其它行政事项；','1、大专及以上学历；\n2、形象气质佳，有亲和力和服务意识。\n3、简历中请附个人照片，如简历无照片，请先上传照片再投递。','范','小姐','zhaopin@shinhofood.com',1,'2017-09-08 16:53:58','2017-09-08 16:53:58',22,22),
	(117,'欣和企业2018校园招聘',1,104,1005,'200',4,'不限专业','2018校园招聘职位对象为2018年3-10月毕业的应届生。\n一、关于欣和\n欣和，是一家围绕“食物”为事业核心的公司，始终秉承着“待世界如家人”的信念。我们坚信自己不吃的，就绝对不会卖给消费者。\n从一袋酱开始，我们一直为餐桌上的每一顿饭挂心。低头吃饭，抬头做人。我们埋头苦干，只希望有一天抬头，看到中国亿万家，全都好好吃，放心吃，健康地吃。\n我们坚持最初的信念，秉持着乐观、自信、鼓舞人心、亲切并且真诚的态度，寻找更多志同道合的人，引领行业的改变，为饮食生态的改善带来积极影响。\n二、招聘职位\n详见各岗位的岗位职责和任职要求。\n','三、校招行程（将于9月底发布，敬请期待）\n四、应聘流程\n1、向美味邮箱shinhocr@shinhofood.com投递简历（姓名+学校+专业+应聘职位）\n2、请收到通知后，携带简历和笔参加宣讲会-->笔试-->初面-->复面-->offer\n五、加入我们，您将获得\n1、完善的薪资福利：有竞争力的薪酬待遇，完善的五险一金政策，年终奖，带薪年假等；\n2、丰富的员工活动：全员旅游、体检、欣和宝贝周末活动、羽毛球、篮球等活动基地，公司年会；\n3、温暖的食宿关怀：公司内部员工餐厅、免费宿舍和免费洗衣房，餐补；\n4、真挚的节日祝福：生日会、生日蛋糕卡；妇女节、中秋节、春节等会有不同形式的节日福利；婚庆、生子等，公司为每个员工送上温馨礼品；\n5、和谐的工作氛围：舒适的办公环境，良好的部门内和跨部门合作。','刘','先生','shinhocr@shinhofood.com',0,'2017-09-18 17:04:49','2017-09-08 16:57:58',22,22),
	(118,'基础研究高级工程师',1,105,1006,'2',6,'食品相关','1、 进行微生物、食品发酵等活性物质等研究，为实际生产指导、应用、开发新工艺、新技术;\n2、 挖掘产品的营养价值和技术价值，进行产品的营养机理研究和前瞻性技术研究；\n3、 重要难点技术问题的解决攻克;\n4、 科技项目、专利、技术中心等项目协助申报。','学历：博士。食品相关专业。\n研究方向1：食品发酵、营养功能、基因等研究方向；\n研究方向2：酶工程、活性物质研究方向；\n能力：爱专研，熟悉食品、生物、微生物等方面的现代分析技术和营养研究领域；','刘','先生','shinhocr@shinhofood.com',1,'2017-09-18 13:50:19','2017-09-18 13:50:19',22,22),
	(119,'基础研究工程师',1,105,1006,'1',5,'食品','1、进行含油产品的研究及分析，为实际生产指导、应用；\n2、挖掘产品的营养价值，公司产品附加功能价值研究；\n3、公司含油类产品疑难技术问题的解决；\n4、参与收集行业最新信息，收集各大专院校最新科研成果，引进并应用到实际生产中。','学历：硕士研究生。食品专业。\n研究方向：油脂方面\n能力：爱专研，对油脂的加工及质量控制等有较强的专业知识和实践，具备良好的沟通能力、发现并解决问题的能力，以及良好的分析能力。','刘','先生','shinhocr@shinhofood.com',1,'2017-09-18 13:54:45','2017-09-18 13:54:45',22,22),
	(120,'供应商质量管理助理工程师',1,105,1006,'1',5,'农业或海洋水产','1、对公司相关物料进行全面的专业知识了解和储备。\n2、根据新产品需求，进行新物料的开发及引入。\n3、新物料采购工作衔接。新物料合同、订单等工作协调。\n4、新供应商考察。','学历：硕士研究生。农业或海洋水产相关专业。\n研究方向：农业（果蔬类、农副产品类）或海洋水产；\n能力：自律性好，诚恳。较强的沟通能力和解决问题的能力。','刘','先生','shinhocr@shinhofood.com',1,'2017-09-18 13:56:01','2017-09-18 13:56:01',22,22),
	(121,'食品工程设计工程师',1,105,1006,'1',5,'食品工艺（工程）设计','1、通过验证确保新产线的匹配性，确保新产线满足工艺需求。跟进解决新产品中试时发现的工艺设计问题。\n2、对现有产线设计问题进行数据分析，降低生产成本，提高生产效率，提升产品质量。\n3、掌握食品加工行业工艺设计发展动态，综合评估实施可行性，提出改善建议及措施。','学历：硕士研究生；食品工艺设计、食品工程设计相关专业。\n研究方向：食品工厂工程设计\n实习经历：在食品企业进行工程工艺设计的经历\n能力：有一定的沟通能力，工作主动性强，有前瞻性','刘','先生','shinhocr@shinhofood.com',1,'2017-09-18 13:59:11','2017-09-18 13:59:11',22,22),
	(122,'包装设计工程师',1,105,1004,'1',4,'工业设计、包装设计','1、提供新产品包装的设计方案；创意新颖，引领时尚，关注消费者体验。\n2、主导进行现有产品包装设计方案的优化与改进，提升产品包装品质以及自动化应用。\n3、分析包装材料发展趋势，选用低碳环保安全的包装材料。 \n4、分析收集的产品包装信息和包装行业趋势，寻找到机会点，并向公司推荐和实施。','1、大学本科以上，工业设计、包装设计专业优先。\n2、熟练应用AutoCAD、PORE、Solidworks、PS等设计软件；掌握使用Office办公软件。具有较强的PPT制作能力者优先；\n3、了解各类包装材料的生产工艺、材料特性以及行业趋势。涵盖塑料包装、玻璃包装、纸包装。\n4、善于沟通和表达、形象佳；具有一定的创新思维；逻辑能力强。','刘','先生','shinhocr@shinhofood.com',1,'2017-09-18 14:00:21','2017-09-18 14:00:21',22,22),
	(123,'产品开发工程师',1,105,1005,'3',5,'食品相关','工作地点：烟台、上海\n1、根据各产品设计要求，制定设计方案。\n2、设计新产品内容物、新产品工艺、新产品形态等，负责新产品前三批工业化生产。\n3、保证新产品顺利量产及转产。\n4、关注新品上市后的表现。','学历：硕士研究生，食品及食品相关、食品科学或发酵专业。\n研发方向：与食品调味相关/香料及香辛料/烘焙、休闲食品相关方向\n实习经历：调味品生产实习经历/有香辛料公司实习经历\n能力：善烹饪，口感好，较强的沟通能力、学习力、执行力、解决问题的能力，在学校以及实习过程中表现出较强的创新能力。','刘','先生','shinhocr@shinhofood.com',1,'2017-09-18 14:15:04','2017-09-18 14:15:04',22,22),
	(124,'包装开发助理工程师',1,105,1006,'2',5,'包装开发/结构/材料','1、推进新产品包装的开发项目按照计划进行，并满足公司的要求；组织召开项目会议；协调各部门实现新包装的顺利应用。\n2、包装方案优化与改进，提升产品包装品质以及自动化应用；确保包装成本满足产品公司需求；降低包装成本，提升产品竞争力。\n3、分析收集的产品包装信息和包装行业趋势，寻找到机会点，并向公司推荐、实施。\n4、制定适用于生产的包装技术标准，确保产品包装质量稳定；','学历：硕士研究生及以上学历，包装开发/包装结构/包装材料等专业；\n研究方向：包装工程、工业设计\n能力：熟悉不同原材料、包装材料的生产工艺； 参加过包材相关开发和设计的实习或是比赛；','刘','先生','shinhocr@shinhofood.com',1,'2017-09-18 14:16:37','2017-09-18 14:16:37',22,22),
	(125,'产品工艺助理工程师',1,105,1006,'1',5,'食品','1、进行生产现场的工艺跟进，挖掘分析改善点，进行现有工艺的改善分析； \n2、研究新技术、新设备，进行创新性工艺研究项目；','学历：硕士研究生及以上学历，食品科学与工程、发酵工程、生物工程专业；\n研究方向：食品科学与工程、发酵工艺相关\n能力：喜欢实验研究，具有钻研精神。','刘','先生','shinhocr@shinhofood.com',1,'2017-09-18 14:19:51','2017-09-18 14:19:51',22,22),
	(126,'设备管理工程师-研发',1,105,1006,'3',5,'机械设备','1、了解及分析行业技术发展动态，引进先进设备技术，提高技术竞争力。\n2、根据新品工艺技术参数和相关要求，参与设备加工、选型、采购、验收等项目管理工作；\n3、负责进行新产品设备的选型、调研等工作；\n4、通过验证新设备的匹配性，确保新设备满足产品生产需求。','学历：研究生及以上学历；机械类、设备类、自动化、计量管理等专业；\n研究方向：设备设计、制造、计量管理\n实习经历：在食品企业进行机械设备或计量研究、开发、改善的经历\n能力：有钻研精神，有一定的沟通能力，工作主动性强，有食品工厂机械制造、自动化设计、计量管理的基础知识','刘','先生','shinhocr@shinhofood.com',1,'2017-09-18 14:24:01','2017-09-18 14:24:01',22,22),
	(127,'HR专员',1,105,1006,'1',4,'人力资源','1.确保各项业务手续办理的及时性及准确性（入职、合同、工作证、考勤卡、盖章资料等）\n2.确保档案合同资料的完整性和准确性，避免相关法律风险；\n3.为公司各级组织提供准确、及时的数据，在规定时间内准确提供人事数据与差异分析；\n4.保证系统和电子版人事信息的完整度，为数据分析提供准确依据。','1.本科及以上学历；人力资源相关专业；\n2.为人诚恳，工作踏实、认真，责任心强，良好的沟通能力、学习能力。','刘','先生','shinhocr@shinhofood.com',1,'2017-09-18 14:25:36','2017-09-18 14:25:36',22,22),
	(128,'设备管理工程师-本部',1,105,1006,'2',4,'机械电气自动化','集团层面设备管理工作的开展，主要包括以下：\n1、各工厂设备巡检标准及体系建立与推进；\n2、集团设备台账与档案建设，ACCESS数据库的设计、使用；\n3、各工厂设备保养、维修、大修流程的建议与审议，并能给出指导和决策建议；\n4、负责设备技术人员的培训组织和专业技术学习，并持续推进；\n5、AMPM体系工作推动和开展，并能检核和指导各工厂AMPM建设。','机械电气自动化设计、设备管理等相关专业。\n1、掌握CAD制图、PLC编程、OFFICE、数据库软件。\n2、品行端正，踏实认真，善于沟通。','刘','先生','shinhocr@shinhofood.com',1,'2017-09-18 14:29:52','2017-09-18 14:29:52',22,22),
	(129,'法务专员',1,105,1006,'2',4,'法学相关','1、知识产权方向；\n2、合同审核；\n3、诉讼；\n4、法律风险提示；','法学相关专业。本科工科、研究生知识产权方向者优先。','刘','先生','shinhocr@shinhofood.com',1,'2017-09-18 14:32:27','2017-09-18 14:32:27',22,22),
	(130,'信息管理助理工程师',1,105,1005,'2',4,'信息安全、计算机','工作地点：烟台、北京\n1、按照BS7799或ISO27001标准建立公司信息安全管理体系。\n2、公司信息安全风险管理，风险检测、识别、评估，向管理层及业务部门提出改善优化建议。\n3、推进IT审计发现改进工作，客观评价执行标准的符合性、有效性，切实调整与优化评价指标。\n4、具备良好的文档编写、沟通及协调能力。','信息安全、网络信息安全、计算机相关专业，有项目开发经验者优先。','刘','先生','shinhocr@shinhofood.com',1,'2017-09-18 14:35:19','2017-09-18 14:35:19',22,22),
	(131,'产品经理（IT）',1,105,1004,'3',4,'计算机相关专业','1、协助产品经理进行产品生命周期管理，信息反馈及产品流程改进等；\n2、协助产品经理完成日常产品文档整理；\n3、协助产品经理完成日常产品运维工作；\n4、从用户需求研究、设计、PRD原型图、简单测试等多方面进行系统培训；\n5、深入了解企业文化及技能，未来转化为合格的产品专家；','计算机相关专业优先，POS支付方向/大数据方向/类金融方向。','刘','先生','shinhocr@shinhofood.com',1,'2017-09-18 14:37:04','2017-09-18 14:37:04',22,22),
	(132,'技术研发储备',1,105,1005,'3',4,'计算机相关专业','工作地点：上海、烟台\n1.在Java开发工程师、前端开发工程师的带领下定期完成量化的工作要求；能独立处理和解决所负责的任务；\n2.根据开发进度和任务分配，完成相应模块软件的开发任务；','计算机相关专业优先。','刘','先生','shinhocr@shinhofood.com',1,'2017-09-18 14:38:16','2017-09-18 14:38:16',22,22),
	(133,'运营维护储备',1,105,1005,'2',4,'计算机相关专业','工作地点：上海、烟台\n1、协助运维工程师处理日常运维工作；\n2、通过学习了解系统运维的工作内容.\n3、从数据运维、软硬件运维、实施运维等多方面进行培训.\n4、深入了解企业文化及技能，转化为合格的运维工程师/经理。','计算机相关专业优先。','刘','先生','shinhocr@shinhofood.com',1,'2017-09-18 14:39:15','2017-09-18 14:39:15',22,22),
	(134,'讲解员',1,105,1006,'3',4,'不限专业','1.负责公司企业文化、历史、生产工艺流程、产品、品牌等讲解及顾客体验；\n2.及时、准确、灵活处理接待中的突发事件；处理接待收尾工作并记录文字总结存档，分析研究接待工作细节，参与流程优化。\n3.熟知、掌握馆内各项设备和展品的相关知识，不断补充、丰富讲解内容，并能根据不同的游客对象提供相应的讲解服务\n4.客户来访行程安排确认，接送安排，公司各有关部门协调，现场应急处理\n5.严格执行公司各项规章制度，为游客提供形象、生动的讲解服务，服从上级工作安排和管理；','专业不限。播音主持、中文、新闻、传播/传媒、数学、统计、营销、管理、信息管理、设计等优先。\n1、具有良好的职业形象，气质优雅得体，具备传播文化使者的气质形象，普通话标准，身高165cm以上。\n2、性格开朗，对生活工作充满热情, 具备良好的服务意识和亲和力，较好的沟通协调能力。\n3、思维敏捷，反应灵活，能有多种方法解决问题。\n4、极强的工作责任心和敬业精神。\n5、递交简历时请附一张清晰近景生活照。','刘','先生','shinhocr@shinhofood.com',1,'2017-09-18 14:40:12','2017-09-18 14:40:12',22,22),
	(135,'体验设计专员',1,105,1005,'3',4,'不限专业','工作地点：上海、烟台\n1、与运营和产品配合，负责公司、产品、市场活动等文案撰写，创意策划；\n2、结合产品特色，根据产品周期和特色，撰写相应说明及推广文案；\n3、网络软性推广活动（事件营销、话题营销等）话题策划；\n4、市场情报、参考素材的搜集及分析，制造话题、提炼可用观点及文宣素材；\n5、对线上活动进行商家反馈收集，进行活动效果总结。','专业不限。播音主持、中文、新闻、传播/传媒、数学、统计、营销、管理、信息管理、设计等优先。\n1、具备良好合作态度及团队精神，富有工作激情、创造力和责任感。\n2、具有优秀的分析、解决问题能力、思路清晰、考虑问题细致；有较强的工作责任心和事业心、团队精神。\n3、有超强的自我驱动能力，能在较大压力下保持良好工作状态。\n4、可接受出差。','刘','先生','shinhocr@shinhofood.com',1,'2017-09-18 14:41:32','2017-09-18 14:41:32',22,22),
	(136,'审计专员',1,105,1006,'1',4,'会计、审计','1、建立公司采购、生产、职能等系统公司审计标准化作业流程及相关制度规定；\n2、根据部门的实际情况及审计部的审计流程，制定详细的审计计划；\n3、在预算计划下实施年度审计计划，保证过程客观、有效；\n4、接受主管提出的临时审核需求；\n5、在审计结束后，进行审计报告与改善跟踪，关闭审计问题。','会计、审计相关专业。','刘','先生','shinhocr@shinhofood.com',1,'2017-09-18 14:42:37','2017-09-18 14:42:37',22,22),
	(137,'数据分析（专项研究）',1,105,1005,'2',4,'不限专业','工作地点：烟台、上海\n1、相关销售、市场数据的分析、挖掘；连续性数据分析基础上，根据营销所需，探究可能的模型建立和尝试，更好的对不同营销情景下的市场output有所预测及建议启示；\n2、洞悉竞争环境，了解竞争动态，并且可以综合分析、把握竞争对手状况；\n3、不定时的案头研究，通过网络、实地走访、外部信息提供者，进行相关行业、竞争、消费者生活状态、趋势方面的信息了解、整合与提炼洞察。','市场营销、统计/数学、心理学优先；经济/金融其次。','刘','先生','shinhocr@shinhofood.com',1,'2017-09-18 14:45:56','2017-09-18 14:45:56',22,22),
	(138,'财务分析',1,105,1006,'1',5,'财务管理相关','1、从财务角度对公司各销售组织过去和现在的经营成果、财务状况及其变动进行系统反映并分析；\n2、利用系统对销售端业务流程执行过程中涉及财务专业部分进行规范及标准化；完善跨部门间项目的业务流程；\n3、熟练使用公司的各运营系统软件，并在此基础上协助部门主管做好销售分析系统的报表开发及优化；\n4、日常工作中对销售端的答疑及工作的协助解决；推进以及对销售端人员进行报表使用、系统使用、费用说明等进行宣导。','研究生，财务管理相关专业。','刘','先生','shinhocr@shinhofood.com',1,'2017-09-18 14:46:58','2017-09-18 14:46:58',22,22),
	(139,'运营储备',1,105,1006,'10',4,'经济类、管理类','主要培养方向为区域商业顾问，是公司与门店的沟通桥梁，负责辅导门店的各项运作，对门店问题提出实时对策与建议。\n透过团队管理、情报搜集、报表分析、订货辅导、商店形象维护等方式提升门店经营效益。','经济类、管理类相关专业。','刘','先生','shinhocr@shinhofood.com',1,'2017-09-18 14:52:23','2017-09-18 14:52:23',22,22),
	(140,'生产管理',1,103,1005,'15',4,'生物食品机械管理类','工作地点：济南长清/济南章丘/烟台/蓬莱。\n1、安排生产计划与生产实施； \n2、生产现场5S、目视化管理和TPM管理； \n3、确保生产过程和产品检测符合既定的设计标准，尤其确保关键工艺的加工保证； \n4、通过持续改进，降低生产成本与提高人员效率； \n5、确保设备完好，符合生产要求； \n6、配合安全健康与环保管理部门工作，采取必要措施，确保生产现场和相关设备符合国家和公司相关标准； \n7、制定并实施生产一线相关培训，确保一线人员的操作符合工艺与工业工程等要求； \n8、一线员工的团队建设与持续改进参与。','生物、食品、机械、管理类专业；\n沟通及协调能力强，务实勤奋；\n作为生产管理的储备，定位为1年后的车间班长，因此：\n1、有意向从事生产管理工作，可以接受1年时间在一线实习；\n2、吃苦耐劳，具备发展潜质；','刘','先生','shinhocr@shinhofood.com',1,'2017-09-18 14:54:35','2017-09-18 14:54:35',22,22),
	(141,'设备管理',1,103,1007,'5',4,'机械、电气类','1、负责设备台账整理，设备档案的管理；\n2、负责设备AP/PM（点检、保养、计划性维修）的制定，并对实施情况进行跟踪、落实，推动工作顺利进行；\n3、部门内部以及和业务对接部门的沟通和协调，以及总结报告、专项报告制作；','机械、电气类专业；\n专业扎实，执行力强，有较好的沟通与应变能力；','刘','先生','shinhocr@shinhofood.com',1,'2017-09-18 14:55:54','2017-09-18 14:55:54',22,22),
	(142,'仓储管理',1,103,1005,'2',4,'财务会计统计物流管理','工作地点：济南章丘、烟台\n1、负责新员工培养以及岗位分配以及指导下属顺利完成本职工作；\n2、负责仓库设施保养与维护；\n3、定期抽查各仓库盘点情况，保证原辅包,半成品出库数量准确，满足生产需要，保证账实相符；\n4、定期了解生产完成情况，针对仓库存在的问题进行分析，寻找解决措施\n5、负责本部门与相关部门沟通协调工作；\n6、检查各个仓库5S/体系/EHS执行情况，协助仓管做好仓库管理； \n7、负责仓管组知识库的建立以及负责仓库内部目视化管理；\n8、负责部门的月报汇总并提交；\n9、负责仓库年度预算；\n10、负责安全库存的梳理及制定；','本科及以上学历，财务、会计、统计、物流管理相关专业。','刘','先生','shinhocr@shinhofood.com',1,'2017-09-18 15:06:19','2017-09-18 15:06:19',22,22),
	(143,'EHS专员',1,103,1007,'1',4,'安全工程及环境工程','1、维护及更新执行公司相关安全、健康、环境文件、规定制度，进行定期的安全检查及整改处理，对员工进行安全教育、训练实施及记录管理；\n2、制定安全生产制度和应急预案，组织安全学习、事故演练；\n3、负责消防体系的建立，消防平面图的更新及消防灭火/逃生的演练；\n4、掌握职业健康相关法律法规和其他要求，建立职业健康档案并开展相关工作；\n5、掌握公司各类污染物排放标准，监督各排污设施正常运行，达标排放；\n6、承担5S推进相关工作。','安全工程及环境工程相关专业。','刘','先生','shinhocr@shinhofood.com',1,'2017-09-18 15:07:47','2017-09-18 15:07:47',22,22),
	(144,'电气工程师',1,103,1006,'1',4,'电气、机电类','1、 负责电气设备的日常巡检工作，包括配电室；\n2、 配合设备管理员进行配电柜等电气设备维护保养工作的计划制定；\n3、 协助维修班组完成电气设备的检修工作；\n4、 根据需要进行有关电气设备的培训工作；\n5、 能够正确分析、判断、处理各类突发性停电故障；\n6、 检查验收电气检修作业的安全技术措施和设备检修、试验工作；\n7、完成上级领导随时下达的其他工作任务。','1、本科及以上学历，电气、机电类相关专业，应届生亦可。\n有大型企业电气维修、设计工作经验者优先；\n2、熟练操作PLC的编程、变频器控制；\n3、扎实的理论基础和技术工作经验，能独立解决生产过程中的电器技术问题；\n4、有较强的责任心，并具有一定的判断与决策能力、沟通、计划与执行、分析能力；\n5、能看懂C语言、C++。','刘','先生','shinhocr@shinhofood.com',1,'2017-09-18 15:08:52','2017-09-18 15:08:52',22,22),
	(145,'销售运作专员',1,104,1005,'3',4,'数学、统计、信息','工作地点：北京、上海、烟台\nSalesData收集,检核及传输；\n区域多维度营销数据报表制作呈现与解析；\n客户主数据信息管理；\n通过数据分析向业务单元提出具分析报告；\nSales绩效数据核算；','数学专业、统计专业、信息管理与信息技术','刘','先生','shinhocr@shinhofood.com',1,'2017-09-18 15:16:08','2017-09-18 15:16:08',22,22),
	(146,'市场营销专员',1,104,1005,'100',4,'不限专业','工作地点：北京、上海、天津、山东（烟台/青岛/济南/威海/日照/济宁/临沂/聊城/潍坊/淄博/滨州/东营）、河北（石家庄/沧州/保定）、河南（郑州）、浙江（杭州/绍兴）、湖北（武汉）、江苏（南京/无锡/南通/常州）、广东（广州/深圳）、湖南（长沙）、江西（南昌）、陕西（西安）、安徽（合肥）、辽宁\n1.协助业务主管确定区域商超的销售目标，并定期维护商超及开发新商超；\n2.协助商超进行新品推广，如：定价、陈列等；\n3.与商超沟通订货计划，确保商超保持安全库存，督促商超按时完成要货计划，并管理应收账款；\n4.建立和维护客情关系，与商超的有效沟通；\n5.协助经销商进行分销，每天按照公司要求拜访指定客户，如：取得订单、陈列谈判、活动执行、铺货、及账款回收等；\n6.信息收集、分析与反馈，我司产品信息，如销售情况、陈列、价格等；竞品信息，如销售情况、陈列、价格等；\n7.相关报表填写、提报，并确保信息完整准确，提报及时；\n8.协助上级主管向经销商传达公司相关政策。','本科及以上，专业不限。','刘','先生','shinhocr@shinhofood.com',1,'2017-09-18 15:18:35','2017-09-18 15:18:35',22,22),
	(147,'市场企划专员',1,104,1005,'6',4,'不限专业','工作地点：烟台、上海、南京、扬州、盐城。\n1、区域季度、月度促销活动的策划、提报、推进，流程跟进及活动总结；\n2、承接各品牌主题活动的执行、总结；\n3、区域广告资源、制作资源等信息收集并负责相关物料制作、管理；\n4、区域促销活动费用统计汇总及初步检核；\n5、当区域消费者调研及相关竞品信息收集；\n6、具备一定的现场展示和交流会（小型）的主持能力。','本科及以上，专业不限。','刘','先生','shinhocr@shinhofood.com',1,'2017-09-18 15:20:47','2017-09-18 15:20:47',22,22),
	(148,'美食顾问管理专员',1,104,1005,'4',4,'不限专业','工作地点：上海、南京、扬州、盐城\n1.行政管理：导购员招聘管理、离职管理、考勤记录，人员档案管理等日常工作及其他行政工作的处理 \n2.培训管理：导购员工岗前培训、日常培训、销售技能及卖场客情维护的指导 \n3.日常管理：报巡店线路,按巡店线路进行检查产品陈列、卫生状况、物料使用情况等等；每2周开导购员会议 \n4.绩效管理：业绩管理职责、销售方案制定、导购员工资制作 \n5.团队管理：团队活动设定执行、文化传播及导购员福利的发放','市场营销、食品类专业优先','刘','先生','shinhocr@shinhofood.com',1,'2017-09-18 15:45:50','2017-09-18 15:45:50',22,22),
	(149,'国际贸易业务员',1,104,1005,'12',4,'国际贸易及英语日语等','工作地点：北京、上海、烟台、大连、青岛、福建\n1、 维护负责区域客户，跟进客户订单执行、出口商检及国际物流进程，确保客户订单满足；\n2、 严格按照公司要求开发新客户，完善公司国际化市场布局；\n3、 定期更新客户信息档案，及客户关系管理；\n4、 针对负责区域市场情况，开发符合市场需求的产品和包装；\n5、 翻译负责区域所需的外语资料，及客户来访陪同翻译等工作；\n6、 根据部门安排，负责组织参加国际展会的相关工作，如展会规划方案起草、展会设计、物料准备等工作；\n7、 根据部门安排，负责KOSHER, HALAL认证审核，FDA审核等工作，及现场陪同翻译解释；','国际贸易相关专业或者英语、日语等相关专业。','刘','先生','shinhocr@shinhofood.com',1,'2017-09-18 16:22:22','2017-09-18 16:22:22',22,22),
	(150,'电商运营专员',1,104,1008,'1',4,'电商、广告','1.指定月度店铺推广预算方案和日常销售指标，监督完成指标；\n2.淘宝运营推广工具研究，提出应用方案，提高入店流量，增大点击率、浏览量和转化率；\n3.充分利用淘宝直通车、钻石广告、淘宝客等淘宝营销推广活动；\n4.每日对营销数据、交易数据、商品管理监控，优化产品关键词、库存和产品线；\n5.定期针对推广效果进行跟踪、评估，并提交推广效果的统计分析报表，及时提出营销改进措施，并给出可行的改进方案。','电商、广告专业优先','刘','先生','shinhocr@shinhofood.com',1,'2017-09-18 16:32:59','2017-09-18 16:32:59',22,22),
	(151,'电商活动专员',1,104,1008,'1',4,'电商、广告','1、淘宝免费资源活动报名（促销汇、淘金币）； \n2、活动报名、上报并组织活动货品、推广执行、营销方案推广； \n3、制定费用预算及销售报表等工作呈报； \n4、提交活动销售报告，关于商品及策划工作的部门沟通协调； \n5、定期安排促销活动，策划并组织相关方案； \n6、对外争取合作资源与执行。','电商、广告专业优先','刘','先生','shinhocr@shinhofood.com',1,'2017-09-18 16:34:08','2017-09-18 16:34:08',22,22),
	(152,'电商渠道专员',1,104,1008,'1',4,'电商、广告','1、负责1号商城及京东商城店铺日常运营管理，活动提报及产品维护。 \n2、负责相关销售资料的收集统计与分析。 \n3、掌握平台销售动态，策划促销活动方案。 \n4、负责与平台洽谈进驻、促销活动等事宜，完成部门下达的各平台运营指标。 \n5、各平台销售报表制作，数据分析。 \n6、根据公司市场网络开发计划，制定全面工作的计划与安排，对公司营销政策、渠道管理方针、促销及形象整改要求进行监督、控制和效果的追踪与评估。','电商、广告专业优先','刘','先生','shinhocr@shinhofood.com',1,'2017-09-18 16:54:07','2017-09-18 16:54:07',22,22),
	(153,'电商企划专员',1,104,1008,'1',4,'电商、广告专业优先','1、负责电商年度及月度主题活动策划，相关主题文案撰写及活动上线执行。\n2、新产品产品消费者利益点挖掘，新产品上市的企划工作。 \n3、负责与品牌推广相关的线上活动的策划及传播推广执行。 \n4、品牌宣传物料的策划及相关文案撰写。 \n5、跨部门的品牌活动沟通及品牌活动推广合作。','电商、广告专业优先','刘','先生','shinhocr@shinhofood.com',1,'2017-09-18 16:55:00','2017-09-18 16:55:00',22,22),
	(154,'电商推广专员',1,104,1008,'1',4,'电商、广告专业优先','1、店铺SNS开发及运营，如帮派、掌柜说； \n2、负责直通车关键词分析，优化，微博、SNS、淘客、论坛站内站外推广； \n3、制定费用预算及销售报表等工作呈报； \n4、提交推广报表及策划工作的部门沟通协调； \n5、对外争取合作资源与执行。','电商、广告专业优先','刘','先生','shinhocr@shinhofood.com',1,'2017-09-18 16:55:57','2017-09-18 16:55:57',22,22),
	(155,'电商美工',1,104,1008,'1',4,'设计专业','1.负责线上整体布局和视觉效果设计，负责的页面设计、改版、更新、美化等工作； \n2.负责产品详情页面、首页、关联营销模板的设计制作； \n3.能把握不同设计风格，并用视觉设计引导用户；加强店铺访问深度、访问次数、访问时间；\n4.负责店铺促销期间的促销宣传版面设计排版，配合运营推广人员做推广宣传图、直通车及钻石展位推广等图片； \n5.定期更新商品图片和页面、配合店铺销售活动、美化修改产品页面及定期更新店铺主页；','设计专业','刘','先生','shinhocr@shinhofood.com',1,'2017-09-18 16:56:51','2017-09-18 16:56:51',22,22);

/*!40000 ALTER TABLE `recruit` ENABLE KEYS */;
UNLOCK TABLES;


# Dump of table rectype
# ------------------------------------------------------------

DROP TABLE IF EXISTS `rectype`;

CREATE TABLE `rectype` (
  `thisid` int(11) NOT NULL AUTO_INCREMENT,
  `thisname` varchar(100) COLLATE utf8_unicode_ci NOT NULL,
  `isopen` tinyint(4) DEFAULT '0',
  PRIMARY KEY (`thisid`)
) ENGINE=InnoDB DEFAULT CHARSET=utf8 COLLATE=utf8_unicode_ci;

LOCK TABLES `rectype` WRITE;
/*!40000 ALTER TABLE `rectype` DISABLE KEYS */;

INSERT INTO `rectype` (`thisid`, `thisname`, `isopen`)
VALUES
	(103,'生产类',1),
	(104,'营销类',1),
	(105,'职能类',1);

/*!40000 ALTER TABLE `rectype` ENABLE KEYS */;
UNLOCK TABLES;


# Dump of table school_diagram
# ------------------------------------------------------------

DROP TABLE IF EXISTS `school_diagram`;

CREATE TABLE `school_diagram` (
  `thisid` int(11) NOT NULL AUTO_INCREMENT,
  `thisname` varchar(100) DEFAULT NULL,
  `eventid` int(11) NOT NULL,
  `startdate` date DEFAULT NULL,
  `enddate` date DEFAULT NULL,
  `isopen` tinyint(1) NOT NULL DEFAULT '0',
  `thisimg` varchar(50) DEFAULT NULL,
  PRIMARY KEY (`thisid`)
) ENGINE=MyISAM DEFAULT CHARSET=utf8;

LOCK TABLES `school_diagram` WRITE;
/*!40000 ALTER TABLE `school_diagram` DISABLE KEYS */;

INSERT INTO `school_diagram` (`thisid`, `thisname`, `eventid`, `startdate`, `enddate`, `isopen`, `thisimg`)
VALUES
	(28,'签约',3,'2017-10-20','2017-11-30',0,'19605704846.png'),
	(27,'面试',3,'2017-10-11','2017-11-15',0,'19605704794.png'),
	(6,'网申',4,'2016-05-01','2016-05-04',0,NULL),
	(7,'简历筛选',4,'2016-05-05','2016-05-10',0,NULL),
	(8,'在线评测',4,'2016-05-11','2016-05-13',0,NULL),
	(9,'面试',4,'2016-05-14','2016-05-20',0,NULL),
	(10,'录用',4,'2016-05-21','2016-05-24',0,NULL),
	(26,'笔试',3,'2017-10-10','2017-11-10',0,'19605704729.png'),
	(25,'宣讲',3,'2017-10-10','2017-11-10',0,'19605704625.png');

/*!40000 ALTER TABLE `school_diagram` ENABLE KEYS */;
UNLOCK TABLES;


# Dump of table school_diagramo
# ------------------------------------------------------------

DROP TABLE IF EXISTS `school_diagramo`;

CREATE TABLE `school_diagramo` (
  `thisid` int(11) NOT NULL AUTO_INCREMENT,
  `thisname` varchar(100) DEFAULT NULL,
  `eventid` int(11) NOT NULL,
  `startdate` date DEFAULT NULL,
  `enddate` date DEFAULT NULL,
  `isopen` tinyint(1) NOT NULL DEFAULT '0',
  PRIMARY KEY (`thisid`)
) ENGINE=MyISAM DEFAULT CHARSET=utf8;

LOCK TABLES `school_diagramo` WRITE;
/*!40000 ALTER TABLE `school_diagramo` DISABLE KEYS */;

INSERT INTO `school_diagramo` (`thisid`, `thisname`, `eventid`, `startdate`, `enddate`, `isopen`)
VALUES
	(1,'网申',3,NULL,NULL,0),
	(2,'简历筛选',3,NULL,NULL,0),
	(3,'在线评测',3,NULL,NULL,0),
	(4,'面试',3,NULL,NULL,0),
	(5,'录用',3,NULL,NULL,0),
	(6,'网申',4,'2016-05-01','2016-05-04',0),
	(7,'简历筛选',4,'2016-05-05','2016-05-10',0),
	(8,'在线评测',4,'2016-05-11','2016-05-13',0),
	(9,'面试',4,'2016-05-14','2016-05-20',0),
	(10,'录用',4,'2016-05-21','2016-05-24',0);

/*!40000 ALTER TABLE `school_diagramo` ENABLE KEYS */;
UNLOCK TABLES;


# Dump of table school_event
# ------------------------------------------------------------

DROP TABLE IF EXISTS `school_event`;

CREATE TABLE `school_event` (
  `thisid` int(11) NOT NULL AUTO_INCREMENT,
  `thisname` varchar(100) CHARACTER SET utf8 NOT NULL,
  `thisdate` date DEFAULT NULL,
  `thisvideo` varchar(500) DEFAULT NULL,
  `isopen` tinyint(4) NOT NULL DEFAULT '0',
  `thispicp` varchar(50) DEFAULT NULL,
  `thispicm` varchar(50) DEFAULT NULL,
  `thistype` tinyint(4) DEFAULT '1',
  PRIMARY KEY (`thisid`)
) ENGINE=InnoDB DEFAULT CHARSET=latin1;

LOCK TABLES `school_event` WRITE;
/*!40000 ALTER TABLE `school_event` DISABLE KEYS */;

INSERT INTO `school_event` (`thisid`, `thisname`, `thisdate`, `thisvideo`, `isopen`, `thispicp`, `thispicm`, `thistype`)
VALUES
	(3,'欣和2018校园招聘','2017-10-16','http://v.youku.com/v_show/id_XMTYzNTA4OTQ5Ng==.html',1,'19445108748.jpg','19445108865.jpg',2);

/*!40000 ALTER TABLE `school_event` ENABLE KEYS */;
UNLOCK TABLES;


# Dump of table school_evento
# ------------------------------------------------------------

DROP TABLE IF EXISTS `school_evento`;

CREATE TABLE `school_evento` (
  `thisid` int(11) NOT NULL AUTO_INCREMENT,
  `thisname` varchar(100) CHARACTER SET utf8 NOT NULL,
  `thisdate` date DEFAULT NULL,
  `thisvideo` varchar(500) DEFAULT NULL,
  `isopen` tinyint(4) NOT NULL DEFAULT '0',
  PRIMARY KEY (`thisid`)
) ENGINE=InnoDB DEFAULT CHARSET=latin1;

LOCK TABLES `school_evento` WRITE;
/*!40000 ALTER TABLE `school_evento` DISABLE KEYS */;

INSERT INTO `school_evento` (`thisid`, `thisname`, `thisdate`, `thisvideo`, `isopen`)
VALUES
	(3,'2016春季','2016-02-01',NULL,0),
	(4,'2016夏季','2016-05-01','http://v.youku.com/v_show/id_XMTU4NTM3MzU3Mg==.html',0);

/*!40000 ALTER TABLE `school_evento` ENABLE KEYS */;
UNLOCK TABLES;


# Dump of table school_school
# ------------------------------------------------------------

DROP TABLE IF EXISTS `school_school`;

CREATE TABLE `school_school` (
  `thisid` int(11) NOT NULL AUTO_INCREMENT,
  `thisname` varchar(300) NOT NULL,
  `eventid` int(11) NOT NULL,
  `thisarea` varchar(30) DEFAULT NULL,
  `remoteid` varchar(300) DEFAULT NULL,
  `thisaddress` varchar(400) DEFAULT NULL,
  `thisdate` date DEFAULT NULL,
  `thistime` varchar(100) DEFAULT NULL,
  `isopen` tinyint(1) NOT NULL DEFAULT '0',
  `dateadd` timestamp NOT NULL DEFAULT CURRENT_TIMESTAMP,
  PRIMARY KEY (`thisid`)
) ENGINE=MyISAM DEFAULT CHARSET=utf8;

LOCK TABLES `school_school` WRITE;
/*!40000 ALTER TABLE `school_school` DISABLE KEYS */;

INSERT INTO `school_school` (`thisid`, `thisname`, `eventid`, `thisarea`, `remoteid`, `thisaddress`, `thisdate`, `thistime`, `isopen`, `dateadd`)
VALUES
	(50,'大连理工大学',3,'大连',NULL,'西部校区综合教学楼2号楼A403','2017-10-23','15:30-17:00',0,'2017-09-28 13:50:51'),
	(2,'哈尔滨工业大学（威海）',4,'哈尔滨',NULL,'G楼202','2016-11-03','1840~2040',0,'2016-05-25 22:32:00'),
	(5,'不不大學',4,'1',NULL,'台中市中港路99cl4','2016-05-06','13:00~15:00',0,'2016-05-25 22:32:44'),
	(6,'山东大学',4,'1',NULL,'中心校区知新楼C座思源报告厅','2016-10-21','18:00~20:00',0,'2016-05-25 22:33:09'),
	(7,'太太大學',4,'1',NULL,'台中市中港路99cl4','2016-05-08','13:00~15:00',0,'2016-05-25 22:33:25'),
	(8,'超級不不大學',4,'1',NULL,'台中市中港路99cl4','2016-05-06','13:00~15:00',0,'2016-05-26 18:45:55'),
	(9,'超級太太大學',4,'1',NULL,'台中市中港路99cl4','2016-05-06','13:00~15:00',0,'2016-05-26 18:46:13'),
	(10,'一一大學',4,'3',NULL,'長沙市測試路343號','2016-05-09','13:00~15:00',0,'2016-05-30 15:06:19'),
	(11,'二二大學',4,'1',NULL,'測試市測試路','2016-05-08','13:00~15:00',0,'2016-05-30 15:07:34'),
	(12,'辽宁大学',4,'1',NULL,'蒲河校区方圆楼102','2016-11-03','15:00~17:30',0,'2016-05-30 20:41:55'),
	(13,'江南大学',4,'1',NULL,'北区大学生活动中心音乐厅','2016-11-03','18:00~20:00',0,'2016-05-30 20:43:05'),
	(14,'北京林业大学',4,'1',NULL,'生物楼313','2016-11-03','19:00~21:00',0,'2016-05-30 20:44:50'),
	(15,'哈尔滨工业大学（威海）',4,'哈尔滨',NULL,'G楼202','2016-11-03','1840~2040',0,'2016-05-30 20:47:28'),
	(48,'天津科技大学',3,'天津',NULL,'泰达校区9号楼17阶','2017-10-17','16:00-18:00',0,'2017-09-28 13:49:09'),
	(47,'吉林大学',3,'长春',NULL,'萃文教学楼8阶','2017-10-17','18:00-20:00',0,'2017-09-28 13:48:00'),
	(46,'江南大学',3,'无锡',NULL,'第二教学楼2D108','2017-10-17','18:00-20:00',0,'2017-09-28 13:47:04'),
	(45,'齐鲁工业大学',3,'济南',NULL,'2教JT204','2017-10-16','14:00-18:00',0,'2017-09-28 13:45:02'),
	(44,'中国海洋大学',3,'青岛',NULL,'第四教学区4201','2017-10-16','15:30-17:30',0,'2017-09-28 13:43:50'),
	(43,'哈尔滨工业大学',3,'哈尔滨',NULL,'一校区活动中心427','2017-10-11','18:30-20:30',0,'2017-09-28 13:43:13'),
	(42,'烟台大学',3,'烟台',NULL,'综合楼108','2017-10-11','18:00-20:30',0,'2017-09-28 13:42:06'),
	(41,'中国农业大学',3,'北京',NULL,'东校区三教224','2017-10-11','14:00-18:00',0,'2017-09-28 13:41:22'),
	(49,'济南大学',3,'济南',NULL,'经管楼210','2017-10-19','16:00-18:00',0,'2017-09-28 13:50:17'),
	(40,'山东农业大学',3,'泰安',NULL,'本部N103','2017-10-11','10:00-12:00',0,'2017-09-28 13:40:37'),
	(39,'华东理工大学',3,'上海',NULL,'第四教学楼107','2017-10-12','18:30-20:00',0,'2017-09-28 13:34:20'),
	(51,'山东大学',3,'济南',NULL,'就业中心第二报告厅（18号楼西连廊A208）','2017-10-24','18:30-21:00',0,'2017-09-28 13:51:59'),
	(52,'大连大学',3,'大连',NULL,'招生就业指导处101','2017-10-26','18:00-20:00',0,'2017-09-28 13:52:39'),
	(53,'山东理工大学',3,'淄博',NULL,'大学生就业市场','2017-10-31','18:00-20:00',0,'2017-09-28 13:53:33'),
	(54,'河北大学',3,'保定',NULL,'就业大厅（北市区五四东路校区）','2017-11-09','09:00-12:00',0,'2017-09-28 13:54:19'),
	(55,'河北经贸大学',3,'石家庄',NULL,'就业报告厅（校本部，即北校区）','2017-11-06','09:30-11:30',0,'2017-09-28 13:56:33'),
	(56,'上海交通大学',3,'上海',NULL,'铁生馆100号','2017-11-02','13:00-15:00',0,'2017-09-28 13:57:16'),
	(57,'青岛科技大学',3,'青岛',NULL,'崂山校区大学生就业指导中心就业信息发布室','2017-10-20','18:00-20:30',0,'2017-09-30 09:41:09'),
	(58,'上海海事大学',3,'上海',NULL,'海洋科学与工程学院109','2017-10-25','18:00-20:00',0,'2017-10-23 14:18:58');

/*!40000 ALTER TABLE `school_school` ENABLE KEYS */;
UNLOCK TABLES;


# Dump of table school_schoolo
# ------------------------------------------------------------

DROP TABLE IF EXISTS `school_schoolo`;

CREATE TABLE `school_schoolo` (
  `thisid` int(11) NOT NULL AUTO_INCREMENT,
  `thisname` varchar(300) NOT NULL,
  `eventid` int(11) NOT NULL,
  `thisarea` varchar(30) DEFAULT NULL,
  `remoteid` varchar(300) DEFAULT NULL,
  `thisaddress` varchar(400) DEFAULT NULL,
  `thisdate` date DEFAULT NULL,
  `thistime` varchar(100) DEFAULT NULL,
  `isopen` tinyint(1) NOT NULL DEFAULT '0',
  `dateadd` timestamp NOT NULL DEFAULT CURRENT_TIMESTAMP,
  PRIMARY KEY (`thisid`)
) ENGINE=MyISAM DEFAULT CHARSET=utf8;



# Dump of table series
# ------------------------------------------------------------

DROP TABLE IF EXISTS `series`;

CREATE TABLE `series` (
  `thisid` int(11) NOT NULL AUTO_INCREMENT,
  `brandid` int(11) DEFAULT NULL,
  `thisname` varchar(200) DEFAULT NULL,
  `thispic` varchar(30) DEFAULT NULL,
  `thisintro1` varchar(100) DEFAULT NULL,
  `thisintro2` varchar(300) DEFAULT NULL,
  `dateadd` timestamp NOT NULL DEFAULT CURRENT_TIMESTAMP,
  `dateupdate` datetime DEFAULT NULL,
  `isopen` tinyint(4) DEFAULT '0',
  `sorting` int(10) DEFAULT NULL,
  `bgcolor` tinyint(4) DEFAULT '1',
  PRIMARY KEY (`thisid`)
) ENGINE=InnoDB DEFAULT CHARSET=utf8;

LOCK TABLES `series` WRITE;
/*!40000 ALTER TABLE `series` DISABLE KEYS */;

INSERT INTO `series` (`thisid`, `brandid`, `thisname`, `thispic`, `thisintro1`, `thisintro2`, `dateadd`, `dateupdate`, `isopen`, `sorting`, `bgcolor`)
VALUES
	(1,41,'蔬菜系类','19605507961.jpg','安心蔬菜','每一颗果实都是“实力派”','2017-10-16 09:10:39','2017-10-16 09:10:39',0,NULL,0),
	(2,41,'水果系列','19605511458.jpg','安心水果','颗颗来自土地的心意','2017-10-16 09:11:35','2017-10-16 09:11:35',0,NULL,0),
	(3,41,'杂粮系列','19605512121.jpg','五谷杂粮','健康的膳食搭配里，五谷杂粮扮演着重要的角色','2017-10-16 09:12:24','2017-10-16 10:13:21',0,NULL,1);

/*!40000 ALTER TABLE `series` ENABLE KEYS */;
UNLOCK TABLES;


# Dump of table stepts
# ------------------------------------------------------------

DROP TABLE IF EXISTS `stepts`;

CREATE TABLE `stepts` (
  `thisid` int(11) NOT NULL AUTO_INCREMENT,
  `dishid` int(11) DEFAULT NULL,
  `thisname` varchar(100) DEFAULT NULL,
  `thisintro` varchar(6000) DEFAULT NULL,
  `thispic` varchar(30) DEFAULT NULL,
  `dateadd` timestamp NOT NULL DEFAULT CURRENT_TIMESTAMP,
  `dateupdate` datetime DEFAULT NULL,
  `sorting` int(10) DEFAULT NULL,
  PRIMARY KEY (`thisid`)
) ENGINE=InnoDB DEFAULT CHARSET=utf8;

LOCK TABLES `stepts` WRITE;
/*!40000 ALTER TABLE `stepts` DISABLE KEYS */;

INSERT INTO `stepts` (`thisid`, `dishid`, `thisname`, `thisintro`, `thispic`, `dateadd`, `dateupdate`, `sorting`)
VALUES
	(69,13,'','鸡蛋洗净、入锅煮熟。','19446377600.jpg','2017-05-28 04:54:33',NULL,NULL),
	(70,13,'','煮熟的鸡蛋去壳，待用。','19446377769.jpg','2017-05-28 04:54:33',NULL,NULL),
	(71,13,'','另起锅加入六月鲜特级酱油， 六月鲜红烧酱油，海鲜酱，韩国幼砂糖，立顿红茶包，八角，桂皮，香叶等调料及水熬成卤汁。','19446377990.jpg','2017-05-28 04:54:33',NULL,NULL),
	(72,13,'','将鸡蛋放入卤汁卤上色、入味即可。','19446378224.jpg','2017-05-28 04:54:33',NULL,NULL),
	(73,13,'','鸡蛋切半，摆盘即可。','19446378445.jpg','2017-05-28 04:54:33',NULL,NULL),
	(130,20,'','将鹅掌炸熟，并煲制成鲍汁鹅掌。','19446474450.jpg','2017-05-28 06:59:25',NULL,NULL),
	(225,14,'','准备带点肥的排骨，排骨宰成 4 厘米的段，姜切片， 葱洗净去头拴成一结（3 根左右）。','19446382865.jpg','2017-06-01 13:10:35',NULL,NULL),
	(226,14,'','排骨加水加适量盐煮至八成熟，时间充足的话可用电饭堡煮，捞出排骨（汤备用），沥干后备用。','19446383138.jpg','2017-06-01 13:10:35',NULL,NULL),
	(227,14,'','待油还是冷的时候放入糖（要多, 大概一份糖,  2.5 或 3 份油）, 小火慢慢把糖炒化，待糖水开始变成棕红色, 且开始冒棕红色的泡沫。','19446383398.jpg','2017-06-01 13:10:35',NULL,NULL),
	(228,14,'','马上把排骨倒入锅中炒匀,（不要太多油了，因为炸排骨还会出油的）翻炒，先倒入黄酒炒出酒香，再加六月鲜原汁酱油炒出酱香，然后往锅里浇汤，一次不要浇太多，再炒。','19446383567.jpg','2017-06-01 13:10:35',NULL,NULL),
	(229,14,'','放入姜片, 花椒和香料, 炒出香味后倒入少许料酒和六月鲜红烧酱油上色, 掺入清水, 加入盐和葱结, 大火烧开后转至小火慢慢烧至排骨粑软, 然后夹去锅里的葱和大块头的香料, 大火收汁, 待汤汁变浓时, 加入味精起锅即成。','19446383788.jpg','2017-06-01 13:10:35',NULL,NULL),
	(230,1,'','将箱加热至摄氏 190 度（华氏 350 度）。制作混合香辛料（ 90g 小茴香籽、75g 香菜籽、30g 四川辣椒、5g 丁香、60g 肉桂棒、90g 黄糖、60g 海盐、30g 黑胡椒、六月鲜原汁酱油适量），将所有材料放入搅拌机搅拌成粉末状，用滤网过滤后，在密封罐中保存，滤出的粗颗粒保留在滤网中。','19349869552.jpg','2017-06-01 13:37:44',NULL,NULL),
	(231,1,'','将橄榄油，2 大勺混合香辛料均匀涂抹于鹅的表层，确保涂抹均匀。','19349869942.jpg','2017-06-01 13:37:44',NULL,NULL),
	(232,1,'','苹果去核，填入梅子，与少许迷迭香叶一起填入鹅中。 四分之一洋葱去皮，胡萝卜、芹菜切块，放入一个大的烤盘中，并放入剩余的迷迭香叶，鹅内脏，搅拌均匀，加入 150ml 冷鸡高汤，至于烤箱底层，直接将将整只鹅放在上层，这样烘烤过程中鹅肉的油会渗透至下层，鹅肉会更加香脆，肉质更为多汁。烤 3-4 小时（每公斤鹅烤一个小时）直至全熟，呈金黄色，香脆。每隔 20 分钟，将盘内的肉汁淋一遍在鹅上，可以将烤肉叉从鹅腿肉部分叉进去，便于浇汁，直至肉汁完全覆于鹅肉上。','19349870553.jpg','2017-06-01 13:37:44',NULL,NULL),
	(233,1,'','鹅肉烤 2 个小时的时候，将底层的蔬菜烤盘取出，换一个盘子，撇去蔬菜烤盘上面的鹅油（可存在罐子里可以用来制作烤物或者甜胡萝卜），将蔬菜盘放在加温过的铁架上，加入钵酒煮三分钟至酒变稠，撒上面粉，炖十分钟左右制成烤肉酱汁。','19349870995.jpg','2017-06-01 13:37:44',NULL,NULL),
	(234,1,'','鹅烤好后，从烤箱内取出，覆上一层保鲜膜，裹上毛巾，静至 20 分钟，撇去油，将油与烤肉酱汁混合在一起中火加热。将鹅肚子里的苹果取出，与鹅、蔬菜盘和肉酱汁一起装盘。','19349871307.jpg','2017-06-01 13:37:44',NULL,NULL),
	(240,2,'','将一个大平底锅大火加热，加入黄油和白洋葱。','19381279164.jpg','2017-06-01 13:51:49',NULL,NULL),
	(241,2,'','加入蔬菜茶、盐和胡椒调味倒入六月鲜原汁酱油，炖 15 分钟直至熟透变软。','19381279385.jpg','2017-06-01 13:51:49',NULL,NULL),
	(242,2,'','将所有原料加入电热混合机搅拌顺滑，放入滤网中过滤，最后放入冷冻箱内急速冷却。','19381279658.jpg','2017-06-01 13:51:49',NULL,NULL),
	(243,2,'','将所有原料加入电热混合机搅拌顺滑，放入滤网中过滤，最后放入冷冻箱内急速冷却。','19381279918.jpg','2017-06-01 13:51:49',NULL,NULL),
	(244,2,'','将过滤出的南瓜汤倒入碗中，加入牛奶即可。','19381280126.jpg','2017-06-01 13:51:49',NULL,NULL),
	(245,15,'','清水中放入白酒醋、月桂叶和 2 汤匙黑胡椒粒，放入蹄膀 15 分钟焯熟。','19446391536.jpg','2017-06-01 13:53:01',NULL,NULL),
	(246,15,'','加入黑胡椒粒、四川花椒适量、丁香适量、肉桂，加入六月鲜特级酱油，梳打水和水，慢火焖 2-3 小时，焖好的蹄髈风干。','19446391796.jpg','2017-06-01 13:53:01',NULL,NULL),
	(247,15,'','炒锅中放入干辣椒、四川花椒适量、丁香适量，炒香至有辣味，加入蹄髈炒香 5 分钟。','19446392056.jpg','2017-06-01 13:53:01',NULL,NULL),
	(248,15,'','蹄髈拆骨，卷蹄髈。','19446392225.jpg','2017-06-01 13:53:01',NULL,NULL),
	(249,15,'','摆盘即可。','19446392381.jpg','2017-06-01 13:53:01',NULL,NULL),
	(254,4,'','把菠萝去顶、去皮。','19381310936.jpg','2017-06-01 13:59:20',NULL,NULL),
	(255,4,'','菠萝底部留一厘米左右薄片，做成星星状。','19381311222.jpg','2017-06-01 13:59:20',NULL,NULL),
	(256,4,'','其余菠萝削成如同圣诞树的形状，菠萝上面放一只梨。','19381311417.jpg','2017-06-01 13:59:20',NULL,NULL),
	(257,4,'','用牙签把所有的水果一层层插在菠萝的上面。','19381311703.jpg','2017-06-01 13:59:20',NULL,NULL),
	(258,4,'','星形菠萝插在菠萝的顶部即可。','19382198407.jpg','2017-06-01 13:59:20',NULL,NULL),
	(259,5,'','蛋黄蛋白分开。','19382222886.jpg','2017-06-01 14:00:52',NULL,NULL),
	(260,5,'','蛋黄里里面依次加入 30g 的白砂糖搅匀；加入 35g  的玉米油搅匀；再加入 35g 的六月鲜淡盐酱油搅匀；最后放 50g 的面粉搅匀，最后再一起混合搅匀。','19382223328.jpg','2017-06-01 14:00:52',NULL,NULL),
	(261,5,'','蛋白打发至干性发泡。打发的过程中加入另外的 50g 白砂糖，分三次间断加入。','19382224433.jpg','2017-06-01 14:00:52',NULL,NULL),
	(262,5,'','先放一半的蛋白到蛋黄里，用翻拌的手法翻拌。翻拌均匀之后，再加入另一半的蛋白到蛋黄中翻拌翻拌。','19382224693.jpg','2017-06-01 14:00:52',NULL,NULL),
	(263,5,'','之后覆模，放入烤箱。 155 度， 40 分钟。从烤箱取出，倒扣，放凉越 40 分钟，全部放凉后脱模。','19382225005.jpg','2017-06-01 14:00:52',NULL,NULL),
	(264,5,'','用新鲜柠檬、蓝莓点缀，装盘即可。','19382225226.jpg','2017-06-01 14:00:52',NULL,NULL),
	(265,16,'','大闸蟹隔水蒸熟，拆蟹肉。','19446410815.jpg','2017-06-01 14:05:45',NULL,NULL),
	(266,16,'','将豆腐切成 2x2cm 的方块，下沸水汆一下捞出待用。','19446411023.jpg','2017-06-01 14:05:45',NULL,NULL),
	(267,16,'','将锅烧热加油，下姜末开锅，将蟹肉煸香炒透，烹黄酒，加汤、盐、白糖、鸡粉。','19446411244.jpg','2017-06-01 14:05:45',NULL,NULL),
	(268,16,'','待烧沸后下嫩豆腐，待豆腐入味汁浓后，撒上胡椒粉，勾湿淀粉，淋油、香醋，装盆撒上葱花即可。','19446411413.jpg','2017-06-01 14:05:45',NULL,NULL),
	(269,17,'','葱姜蒜切末，笋丁，青椒丁，香菇丁沸水汆水捞出待用。黄鱼净膛洗净沥干，在鱼身两面个切 2/3 深。','19446423282.jpg','2017-06-01 14:08:59',NULL,NULL),
	(270,17,'','黄鱼加盐，鸡粉，六月鲜特级酱油腌制 20 分钟，在黄鱼身上打一层薄干淀粉。','19446423568.jpg','2017-06-01 14:08:59',NULL,NULL),
	(271,17,'','锅中倒油 8 成热后放鱼，炸成两面金黄，捞出备用。','19446423815.jpg','2017-06-01 14:08:59',NULL,NULL),
	(272,17,'','调制糖醋汁（白糖 3 汤匙，黄酒少许，六月鲜特级酱油少许，六月鲜红烧酱油少许，盐 1 汤匙，香醋 1 汤匙）。','19446424101.jpg','2017-06-01 14:08:59',NULL,NULL),
	(273,17,'','锅中留底油，爆香姜蒜倒入调好的糖醋汁，小火熬 2 分钟后倒入笋丁，青椒丁，香菇丁，用水淀粉勾芡，浇在鱼上即可。','19446424322.jpg','2017-06-01 14:08:59',NULL,NULL),
	(274,6,'','现切橙剖半，将酒杯口蘸在橙片上 2 秒钟。','19382238213.jpg','2017-06-01 14:10:09',NULL,NULL),
	(275,6,'','将酒杯口在少许 干燥桂花中粘连，使杯口粘连。','19382238421.jpg','2017-06-01 14:10:09',NULL,NULL),
	(276,6,'','Martini Dry 马天尼干 30mL、Croft 珂珞芙奶油雪莉酒 20mL、 酱油（六月鲜特级酱油或是淡盐酱油皆可）2~3mL、Martini Brut 马天尼干型气泡酒 100mL，倒入冰杯中。','19382240007.jpg','2017-06-01 14:10:09',NULL,NULL),
	(277,6,'','将冰杯摇晃 3 秒钟，即可将鸡尾酒倒入酒杯中。','19382240852.jpg','2017-06-01 14:10:09',NULL,NULL),
	(278,18,'','将鹅掌炸熟，并煲制成鲍汁鹅掌。','19446453585.jpg','2017-06-01 14:11:51',NULL,NULL),
	(279,18,'','明虾洗净烧制成茄汁明虾，牛月展制作成五香牛月展。','19446484317.jpg','2017-06-01 14:11:51',NULL,NULL),
	(280,18,'','鸡用水烫成白切鸡，莲藕用南乳汁煮熟。','19446484655.jpg','2017-06-01 14:11:51',NULL,NULL),
	(281,18,'','进口瑶柱，花椒，蛋饺，腊肠，花菇，墨鱼丸，娃娃菜等分别发好煮熟。','19446484941.jpg','2017-06-01 14:11:51',NULL,NULL),
	(282,18,'','把娃娃菜放入砂锅中垫底，再放入莲藕，中辗，蛋饺，墨鱼丸，腊肠等。最后将煮好的茄汁明虾铺在下面，加入少许高汤，加入鸡粉、黄酒、味达美臻品蚝油，用小火煮开即可。','19446485214.jpg','2017-06-01 14:11:51',NULL,NULL),
	(283,7,'','剪掉红、黄、绿甜椒的尖部，切出所有籽；将甜椒在沸水中煮熟 4 分钟至变软。','19382252058.jpg','2017-06-01 14:13:14',NULL,NULL),
	(284,7,'','大煎锅里煸炒红洋葱和大蒜；加入牛肉麋炒至变色。','19382252708.jpg','2017-06-01 14:13:14',NULL,NULL),
	(285,7,'','大煎锅里，加入西红柿、红酒和鸡汤，加入迷迭香煨煮 30 分钟，加入酱油和调味品。','19382254138.jpg','2017-06-01 14:13:14',NULL,NULL),
	(286,7,'','将大煎锅里的肉麋填入红、黄、绿甜椒。','19382254905.jpg','2017-06-01 14:13:14',NULL,NULL),
	(287,7,'','顶部撒入马苏里拉和帕玛森混合芝士末，放入烤箱中烘烤，180 度 25-30 分钟，取出装盘即可。','19382255529.jpg','2017-06-01 14:13:14',NULL,NULL),
	(288,19,'','干香菇泡开，切成小片，入沸水汆水捞出。','19446469770.jpg','2017-06-01 14:14:01',NULL,NULL),
	(289,19,'','鸡蛋打散搅匀，别太用力，再加入鸡蛋 2 倍的冷水搅匀。','19446470004.jpg','2017-06-01 14:14:01',NULL,NULL),
	(290,19,'','再放入干贝，香菇片，盐，鸡粉，倒入容器里。','19446470498.jpg','2017-06-01 14:14:01',NULL,NULL),
	(291,19,'','蒸锅水烧开后，把备好的鸡蛋液放入中火蒸 6 分钟后，炖蛋完成，再淋上葱花，六月鲜淡盐酱油即可。','19446470758.jpg','2017-06-01 14:14:01',NULL,NULL),
	(292,21,'','将大虾从虾背上剪开，用牙签挑出虾线，用水洗净。','19446482601.jpg','2017-06-01 14:15:30',NULL,NULL),
	(293,21,'','烧热锅，放入适量的油，放入虾煎熟待用。','19446482783.jpg','2017-06-01 14:15:30',NULL,NULL),
	(294,21,'','葱切成葱段，葱花，姜切片，陈皮切成末状。','19446482991.jpg','2017-06-01 14:15:30',NULL,NULL),
	(295,21,'','将锅放油和姜片、葱段炒香，加六月鲜、糖、鸡粉、黄酒、陈皮等调味。','19446483186.jpg','2017-06-01 14:15:30',NULL,NULL),
	(296,21,'','加入水熬制片刻，使锅内的水略显粘稠时放入煎好的明虾翻炒片刻，出锅时撒上葱花，陈皮装盘即可。','19446483433.jpg','2017-06-01 14:15:30',NULL,NULL),
	(297,8,'','烧一锅水，加入葱、姜、黄酒，把水晶鸡入锅，待沸腾后关火加盖焖 25 分钟，待鸡断生后捞出，入冰水冷却。','19394601967.jpg','2017-06-01 14:16:03',NULL,NULL),
	(298,8,'','黑豆苗烫熟、冷却、沥干水分加入六月鲜淡盐酱油，葱油拌匀。','19394602266.jpg','2017-06-01 14:16:03',NULL,NULL),
	(299,8,'','烫熟的水晶鸡把鸡肉带皮撕成丝，加入姜末、葱花，最后加入砂糖、老抽酱油拌匀。','19394612224.jpg','2017-06-01 14:16:03',NULL,NULL),
	(300,8,'','黑豆苗装盆打底，装入鸡丝。','19394613498.jpg','2017-06-01 14:16:03',NULL,NULL),
	(301,22,'','虾仁洗净加盐，生粉用手抓揉起胶后备用。','19446570897.jpg','2017-06-01 14:20:34',NULL,NULL),
	(302,22,'','将澄粉、生粉加水用筷子搅拌成糊状，再搓成条，用小刀将面团分成 10g 一块的面团，用手压扁，用擀面杖擀成面皮，在面皮上放上虾仁馅。','19446571131.jpg','2017-06-01 14:20:34',NULL,NULL),
	(303,22,'','包成饺子形状或半圆状。','19446571326.jpg','2017-06-01 14:20:34',NULL,NULL),
	(304,22,'','蒸笼里铺上油纸，将做好的虾饺放在蒸笼里，大火蒸 4-5 分钟，即可出笼。','19446571547.jpg','2017-06-01 14:20:34',NULL,NULL),
	(305,9,'','龙豆去除边角改刀切成菱形。','19394621480.jpg','2017-06-01 14:21:13',NULL,NULL),
	(306,9,'','沸水烫熟，过冰水待用，然后鲜核桃仁入锅烫熟。','19394623209.jpg','2017-06-01 14:21:13',NULL,NULL),
	(307,9,'','捞出材料，过冰水冷却待用。','19394623742.jpg','2017-06-01 14:21:13',NULL,NULL),
	(308,9,'','加入鲜露汁、鸡粉、葱油、六月鲜原汁酱油，搅拌均匀，装盘即可。','19394624249.jpg','2017-06-01 14:21:13',NULL,NULL),
	(309,23,'','罗马生菜，红叶生菜用流动水洗干净摘成小片即可。','19446576656.jpg','2017-06-01 14:25:23',NULL,NULL),
	(310,23,'','上述各水果去皮取果肉滚刀小块即可。','19446576851.jpg','2017-06-01 14:25:23',NULL,NULL),
	(311,23,'','将六月鲜酱油倒入容器，加入棋牌黄芥末、沙拉酱搅拌均匀，整成调料汁。','19446577033.jpg','2017-06-01 14:25:23',NULL,NULL),
	(312,23,'','将 1，2 步骤装盘拌匀，拌入调料即可装盘，食用。','19446577189.jpg','2017-06-01 14:25:23',NULL,NULL),
	(319,10,'','牛柳切成 2x2cm 的粒备用。','19446335246.jpg','2017-06-01 14:26:15',NULL,NULL),
	(320,10,'','凉瓜和彩椒取芯切粒，松仁过油后，用吸油纸吸油。','19446335454.jpg','2017-06-01 14:26:15',NULL,NULL),
	(321,10,'','橄榄油起锅，加入牛柳粒翻炒至变色，取出备用。','19446336195.jpg','2017-06-01 14:26:15',NULL,NULL),
	(322,10,'','重新起锅，放入细葱、姜、干葱爆香，加入彩椒、凉瓜，加入六月鲜特级酱油翻炒。','19446336429.jpg','2017-06-01 14:26:15',NULL,NULL),
	(323,10,'','将处理过的牛柳一起倒入锅中翻炒并放入黄酒、砂糖、味达美蚝油翻炒。','19446336637.jpg','2017-06-01 14:26:15',NULL,NULL),
	(324,10,'','装盆，装饰淋上薄荷汁即可。','19446346270.jpg','2017-06-01 14:26:15',NULL,NULL),
	(325,24,'','老母鸡洗净切块。','19446580101.jpg','2017-06-01 14:26:27',NULL,NULL),
	(326,24,'','山药去皮切块，洗净黑木耳。','19446580309.jpg','2017-06-01 14:26:27',NULL,NULL),
	(327,24,'','将山药、黑木耳分别开水汆水后捞出。','19446580465.jpg','2017-06-01 14:26:27',NULL,NULL),
	(328,24,'','鸡放入炖锅，再注入冷水 500g，放在炉子上慢火炖至鸡肉酥软，捞出，淋上鸡汤。','19446580686.jpg','2017-06-01 14:26:27',NULL,NULL),
	(329,24,'','然后将山药、木耳加入炖好的中。','19446580842.jpg','2017-06-01 14:26:27',NULL,NULL),
	(330,24,'','加盐、酱油、鸡粉即可。','19446580985.jpg','2017-06-01 14:26:27',NULL,NULL),
	(331,11,'','把六月鲜特级酱油、芝麻风味沙拉酱、花生酱调制成风味麻酱。','19446364951.jpg','2017-06-01 14:28:01',NULL,NULL),
	(332,11,'','把冰草放入冰水清洗，沥干水分，小红萝卜切片冰镇后也沥干水分。','19446365159.jpg','2017-06-01 14:28:01',NULL,NULL),
	(333,11,'','把冰草和萝卜片有机黄瓜花混合后装盆，淋上酱汁即可。','19446365393.jpg','2017-06-01 14:28:01',NULL,NULL),
	(334,12,'','把调料 [A] 调制成酱汁备用。','19446371633.jpg','2017-06-01 14:50:19',NULL,NULL),
	(335,12,'','将六月鲜特级酱油倒入容器，加入韩国幼砂糖，搅拌，放入微波加热至糖融化，搅拌均匀即可。','19446371854.jpg','2017-06-01 14:50:19',NULL,NULL),
	(336,12,'','把牛油果去皮去核切成小块，金枪鱼切块。','19446372075.jpg','2017-06-01 14:50:19',NULL,NULL),
	(337,12,'','加入调料 [A] 装盆，淋上六月鲜糖汁调料 [B]，搅拌均匀。','19446372478.jpg','2017-06-01 14:50:19',NULL,NULL),
	(338,12,'','将拌好的金枪鱼牛油果摆盘，稍作装饰即可。','19446372725.jpg','2017-06-01 14:50:19',NULL,NULL),
	(339,3,'','新鲜莳萝和香菜切碎。','19381294387.jpg','2017-06-01 14:53:06',NULL,NULL),
	(340,3,'','将三文鱼有皮的一面朝下，置于烤盘上，用橘子和柠檬汁，盐和黄糖将三文鱼抹匀，用新鲜莳萝碎和香菜碎覆盖，倒上伏特加，用保鲜膜裹严，放置冰箱 48 小时。','19381294621.jpg','2017-06-01 14:53:06',NULL,NULL),
	(341,3,'','甜菜根沙拉做法：调料 [A] 甜菜根捣碎，以六月鲜特级酱油和香醋调味。\n酸奶油做法：调料 [B] 酸奶油中拌入芥末酱、莳萝、柠檬调味。','19381302018.jpg','2017-06-01 14:53:06',NULL,NULL),
	(342,3,'','48 小时后将三文鱼取出，搭配甜菜根沙拉和酸奶油食用。','19381302460.jpg','2017-06-01 14:53:06',NULL,NULL),
	(347,25,'','水适量，烧开，西兰花入睡焯2分钟，滴入几滴油，使西兰花颜色鲜亮，捞出，芦笋入热水焯1分钟，西红柿过一下热水。','19456551075.jpg','2017-06-05 18:18:51',NULL,NULL),
	(348,25,'','平底锅烧热，加入少许橄榄油，放入牛排，两面分别煎至起硬壳，火关小，煎2两分钟。蒜切片，放到牛排旁边煎至出香味。','19456551426.jpg','2017-06-05 18:18:51',NULL,NULL),
	(349,25,'','倒入六月鲜特级原汁酱油10g，撒入黑胡椒粉。','19456551647.jpg','2017-06-05 18:18:51',NULL,NULL),
	(350,25,'','煎好的牛排装盘，用西红柿、西兰花、芦笋、柠檬点缀。','19456552284.jpg','2017-06-05 18:18:51',NULL,NULL),
	(351,26,'','鸡胸肉切大片，用适量橄榄油、盐、黑胡椒适量腌制15分钟。','19456559824.jpg','2017-06-05 18:34:48',NULL,NULL),
	(352,26,'','生菜、洗净、撕片，西红柿洗净切两半。牛油果切半、去核，取出果肉、切丁。','19456561410.jpg','2017-06-05 18:34:48',NULL,NULL),
	(353,26,'','锅烧热，加入适量橄榄油，放入鸡胸肉，煎至筷子可以轻松插入。','19456560266.jpg','2017-06-05 18:34:48',NULL,NULL),
	(354,26,'','鸡胸肉，放凉、切丁。','19456564335.jpg','2017-06-05 18:34:48',NULL,NULL),
	(355,26,'','依次加入六月鲜淡盐酱油、醯官醋、蜂蜜，调制调汁。','19456564530.jpg','2017-06-05 18:34:48',NULL,NULL),
	(356,26,'','苦菊、生菜装入盘子，西红柿装点，淋上调汁搅拌即可。','19456565505.jpg','2017-06-05 18:34:48',NULL,NULL),
	(361,27,'','讲牛肉洗净、切成小块，准备一个汤锅，放入半锅水，将牛肉冷水下锅，开大火煮沸，改用小伙，用勺子去浮沫，焖至 30 分钟。','19456584563.jpg','2017-06-06 11:00:43',NULL,NULL),
	(362,27,'','将蔬菜一一洗净，土豆、胡萝卜、西红柿去皮，卷心菜切成一寸长菱形，土豆切滚刀块，胡萝卜切片，洋葱切丝，芹菜切丁，红肠切片备用。','19456584771.jpg','2017-06-06 11:00:43',NULL,NULL),
	(363,27,'','在牛肉汤烧至半小时后，取炒锅，锅烧热后加入适量橄榄油，放入奶油，烧热后先加入土豆块煸炒至外边熟后放入红肠，炒香后放入其他蔬菜，再放入番茄酱和番茄沙司，加入盐煸炒一两分种后放入汤中，继续小火熬制。','19456584966.jpg','2017-06-06 11:00:43',NULL,NULL),
	(364,27,'','炒锅洗净，擦干，开小火把锅烤干后，把水淀粉放入锅内，反复炒至水淀粉发热，颜色微黄就趁热放入汤里，用大汤勺搅匀。再熬制 20 分种左右，根据个人口味放六月鲜特级酱油、盐和糖调好口味放入胡椒粉即可食用。','19456585252.jpg','2017-06-06 11:00:43',NULL,NULL),
	(369,29,'','西兰花掰成朵，与青豆、玉米粒、胡萝卜丁一同焯熟后沥干；胡萝卜刻成五角星形，小番茄切半；鸡蛋取蛋清加盐打散后，入锅炒熟盛出。   ','19457374235.jpg','2017-06-06 11:54:59',NULL,NULL),
	(370,29,'','将西兰花在盘中堆好。','19457374313.jpg','2017-06-06 11:54:59',NULL,NULL),
	(371,29,'','在盘周围摆放上炒熟的蛋清，再撒上焯好的玉米粒、胡萝卜丁和青豆。','19457374404.jpg','2017-06-06 11:54:59',NULL,NULL),
	(372,29,'','味达美臻品蚝油、六月鲜特级淡盐酱油混合均匀，加凉开水调成蚝油汁，淋入盘中即可。','19457375080.jpg','2017-06-06 11:54:59',NULL,NULL),
	(373,30,'','将鲜黄菊花的花瓣撕下，放入冷盐水中浸泡3分钟。胡萝卜削去外皮，同黄瓜一起洗净，切成细丝。    ','19457380163.jpg','2017-06-06 12:01:57',NULL,NULL),
	(374,30,'','黄菊花瓣、黄瓜丝和胡萝卜丝放入盘中，调入醯官醋原浆米醋、六月鲜特级酱油和芝麻油拌匀。 撒入白芝麻即可。','19457381658.jpg','2017-06-06 12:01:57',NULL,NULL),
	(377,31,'','贝丁焯水捞出。','19457389289.jpg','2017-06-06 12:21:15',NULL,NULL),
	(378,31,'','加入圆葱碎，青红椒碎。倒入温拌汁，拌匀即可。','19457389575.jpg','2017-06-06 12:21:15',NULL,NULL),
	(379,32,'','将三文鱼薄片，用六月鲜特级酱油、料酒和胡椒粉腌渍 5 分钟。','19457401938.jpg','2017-06-06 12:33:02',NULL,NULL),
	(380,32,'','锅中烧水，加入少量芝麻油、盐，将芥蓝段焯水后捞出，码入盘中。','19457402133.jpg','2017-06-06 12:33:02',NULL,NULL),
	(381,32,'','将腌渍好的三文鱼片卷上金针菇。','19457402445.jpg','2017-06-06 12:33:02',NULL,NULL),
	(382,32,'','三文鱼片卷放入平底锅中，煎至两面金黄取出，放入码好的芥蓝上即可。','19457402861.jpg','2017-06-06 12:33:02',NULL,NULL),
	(394,34,'','芦笋洗净、去皮，切掉末端。','19461086190.jpg','2017-06-09 19:11:55',NULL,NULL),
	(395,34,'','锅中烧开水，加少许盐和几滴油，将芦笋放入烫一两分钟，捞出过凉水，可让芦笋更绿更脆。','19461086398.jpg','2017-06-09 19:11:55',NULL,NULL),
	(396,34,'','将焯好的芦笋摆盘，锅中放六月鲜特级酱油一勺，清水适量，煮沸后在芦笋上淋上即可。','19461087256.jpg','2017-06-09 19:11:55',NULL,NULL),
	(400,35,'','将各种菌类、西芹清洗干净，改刀备用。 锅中倒入适量水烧沸，放入鸡腿菇、蟹味菇、西芹丁。 ','19461090610.jpg','2017-06-09 19:17:44',NULL,NULL),
	(401,35,'','倒入六月鲜酱油和盐调味。','19461090922.jpg','2017-06-09 19:17:44',NULL,NULL),
	(402,35,'','将熟时加少量水淀粉勾芡即可。','19461091208.jpg','2017-06-09 19:17:44',NULL,NULL),
	(407,36,'','胡萝卜切小丁，葱、姜、蒜切末备用。','19461097214.jpg','2017-06-09 19:28:38',NULL,NULL),
	(408,36,'','锅中倒适量油，油热后，放入葱、姜炒出香味，放入胡萝卜丁翻炒均匀。加入隔夜米饭后倒入六月鲜酱油翻炒均匀，盖上锅盖焖 10 秒钟，加少许盐调味即可。','19461097565.jpg','2017-06-09 19:28:38',NULL,NULL),
	(409,36,'','打开锅盖放入青豆、玉米粒蒜末。','19461098007.jpg','2017-06-09 19:28:38',NULL,NULL),
	(410,36,'','将米饭和食材翻炒均匀即可。','19461098163.jpg','2017-06-09 19:28:38',NULL,NULL),
	(411,33,'','香菜、青椒、薄荷叶、小红辣椒洗净，切碎。','19461071851.jpg','2017-06-12 14:36:55',NULL,NULL),
	(412,33,'','炒锅烧热，加入少许橄榄油，加入牛肉炒至变色，出锅。','19461072228.jpg','2017-06-12 14:36:55',NULL,NULL),
	(413,33,'','锅内加入洋葱碎、黑胡椒翻炒，加入炒好的肉末，倒入150 g 水，加入芝士片、香菜、青椒、小红辣椒翻炒。倒入六月鲜淡盐酱油、六月鲜红烧酱油，加入芝士碎，放入薄荷叶，翻炒出锅。','19461073021.jpg','2017-06-12 14:36:55',NULL,NULL),
	(414,33,'','将成品面饼入锅加热，卷入肉馅和生菜即可。','19461074139.jpg','2017-06-12 14:36:55',NULL,NULL),
	(415,37,'','将肋排洗净，改刀切成小块。水烧开焯水，捞出吸干表面水分。','19464261583.jpg','2017-06-12 15:05:41',NULL,NULL),
	(416,37,'','放在煎锅中煎制成金黄色。','19464262051.jpg','2017-06-12 15:05:41',NULL,NULL),
	(417,37,'','将六月鲜红烧酱油、六月鲜特级酱油、盐、话梅、花雕酒、冰糖、没过排骨的水放入锅中煨制 10 分钟。','19464263299.jpg','2017-06-12 15:05:41',NULL,NULL),
	(418,37,'','等烧开，収汁，颜色变成酱色，放入少许水淀粉勾芡，即可起锅装盘。','19464263403.jpg','2017-06-12 15:05:41',NULL,NULL),
	(424,38,'','樱桃小萝卜和黄瓜切片。','19464268967.jpg','2017-06-12 15:17:44',NULL,NULL),
	(425,38,'','将切好的樱桃小萝卜和黄瓜放入盘中。将六月鲜特级酱油，醯官醋原浆米醋，白糖于小碗中调匀。','19464269097.jpg','2017-06-12 15:17:44',NULL,NULL),
	(426,38,'','淋上调制好的料汁即可。','19464269578.jpg','2017-06-12 15:17:44',NULL,NULL),
	(435,40,'','花椰菜洗净切块，青、红辣椒洗净、切块。蒜切片、葱切段，小红辣椒切段。','19464292705.jpg','2017-06-12 15:44:27',NULL,NULL),
	(436,40,'','炒锅烧热，加入适量禾然橄榄油，加入花椰菜翻炒，加入青红椒翻炒，花椰菜表面呈焦黄色出锅。','19464292887.jpg','2017-06-12 15:44:27',NULL,NULL),
	(437,40,'','加入蒜片、小红辣椒翻炒，把炒过的花椰菜倒入锅中翻炒。翻炒熟，加入六月鲜特级酱油调味，出锅，摆盘即可。','19464293862.jpg','2017-06-12 15:44:27',NULL,NULL),
	(472,43,'','大鸭洗净，锅中少许油煸炒姜、葱、八角。','19582025450.jpg','2017-09-28 09:28:28',NULL,NULL),
	(473,43,'','然后放入大鸭烹料酒、加六月鲜红烧酱油、六月鲜特级酱油、冰糖和水。','19582025515.jpg','2017-09-28 09:28:28',NULL,NULL),
	(474,43,'','大火烧开小火烧1小时后收汁即可。','19582025554.jpg','2017-09-28 09:28:28',NULL,NULL),
	(479,45,'','海带丝洗净，金针菇用开水略烫后控干水分装盘，全部调味料调成酱汁淋上即可。','19582153877.jpg','2017-09-28 09:29:22',NULL,NULL),
	(480,46,'','秋葵开水略烫后控干水分装盘，全部调味料调成酱汁淋上即可。','19582162756.jpg','2017-09-28 09:29:53',NULL,NULL),
	(506,44,'','五花肉切成块放入冷水锅中煮开烫去血水后洗净。','','2017-09-28 11:59:58',NULL,NULL),
	(507,44,'','锅中少许油煸炒葱、姜、放入五花肉烹料酒加六月鲜红烧酱油、板栗仁、糖、水烧开后用小火烧30分钟后收汁即可。','','2017-09-28 11:59:58',NULL,NULL),
	(508,28,'','鸡翅洗净沥干，在鸡翅表面划上3刀。','19586729578.jpg','2017-09-29 15:56:58',NULL,NULL),
	(509,28,'','加入料酒拌匀腌制15分钟，新鲜橙子切开榨汁，留橙皮切丁。','19586731632.jpg','2017-09-29 15:56:58',NULL,NULL),
	(510,28,'','烧热油，将鸡翅煎至两面金黄色。','19586731528.jpg','2017-09-29 15:56:58',NULL,NULL),
	(511,28,'','倒入橙汁、六月鲜酱油、盐、鸡精、白糖调味后煮开。','19586733322.jpg','2017-09-29 15:56:58',NULL,NULL),
	(512,28,'','加入橙皮大火收汁即可。','19586733452.jpg','2017-09-29 15:56:58',NULL,NULL),
	(515,41,'','大闸蟹洗净加一些姜片蒸10分钟。','','2017-10-16 16:32:29',NULL,NULL),
	(516,41,'','六月鲜特级酱油、醯官醋原浆米醋、姜丝调汁蘸食。','','2017-10-16 16:32:29',NULL,NULL),
	(517,47,'','莲藕去皮切成圆片。','19582181177.jpg','2017-10-16 16:36:59',NULL,NULL),
	(518,47,'','猪肉馅加六月鲜特级酱油、葱、鸡蛋、淀粉调味。','19582181775.jpg','2017-10-16 16:36:59',NULL,NULL),
	(519,47,'','猪肉馅填入两片莲藕中蘸少许淀粉。','19582181840.jpg','2017-10-16 16:36:59',NULL,NULL),
	(520,47,'','入油锅炸脆即可。','19582181892.jpg','2017-10-16 16:36:59',NULL,NULL),
	(521,48,'','鱼洗净后放入盘中加料酒、葱、姜蒸十分钟后淋上六月鲜柠檬蒸鱼酱油，放一些大葱丝爆香油即可。','19585314931.jpg','2017-10-16 16:37:26',NULL,NULL),
	(528,54,'','肉糜、六月鲜红烧酱油、六月鲜特级酱油、糖、葱姜水、胡椒粉、鸡蛋调成肉馅；低筋粉加猪油、水调成面团做成胚皮包入肉馅放入烤箱烤20分钟即可。','19585367399.jpg','2017-10-16 16:41:42',NULL,NULL),
	(533,58,'','牛排和杏鲍菇改刀成粒，红椒、黄椒、洋葱切成菱形用开水烫一下。','19585419347.jpg','2017-10-16 16:55:27',NULL,NULL),
	(534,58,'','杏鲍菇炸成金黄色。','19585417657.jpg','2017-10-16 16:55:27',NULL,NULL),
	(535,58,'','牛排用黑胡椒粉和六月鲜原汁酱油腌味后放入锅中煎熟备用。','19585419477.jpg','2017-10-16 16:55:27',NULL,NULL),
	(536,58,'','锅中放六月鲜原汁酱油、六月鲜红烧酱油、味达美臻品蚝油、糖、黑胡椒、淀粉调成芡汁后放入牛排、杏鲍菇、红椒、黄椒、洋葱翻匀即可。','19585417761.jpg','2017-10-16 16:55:27',NULL,NULL),
	(537,57,'','大虾剪去触须，去除沙囊、虾线后洗干净。','19585411508.jpg','2017-10-16 16:56:09',NULL,NULL),
	(538,57,'','锅中放少许油将大虾两面煎一下。','19585411599.jpg','2017-10-16 16:56:09',NULL,NULL),
	(539,57,'','加料酒、葱、姜、调味料煮十分钟即可。','19585411638.jpg','2017-10-16 16:56:09',NULL,NULL),
	(544,53,'','面粉和成面团擀成饺子皮，肉米、韭菜、开洋鸡蛋、味达美臻品蚝油、六月鲜特级酱油拌馅包入饺子皮中即可。','19585355647.jpg','2017-10-16 17:01:44',NULL,NULL),
	(545,50,'','梭子蟹洗净加一些姜片蒸10分钟，味达美清香米醋、味达美味极鲜酱油、糖、姜丝调汁蘸食。','19585326683.jpg','2017-10-16 17:04:07',NULL,NULL),
	(554,42,'','虾仁洗净在背部用刀划开。','19582017533.jpg','2017-10-16 17:15:24',NULL,NULL),
	(555,42,'','加味达美味极鲜酱油、料酒腌20分钟后裹上干淀粉。','19582017598.jpg','2017-10-16 17:15:24',NULL,NULL),
	(556,42,'','放入油锅中炸脆捞出。','19582017637.jpg','2017-10-16 17:15:24',NULL,NULL),
	(557,42,'','锅中少许油煸炒蒜片、姜片、美人椒加味达美清香米醋、葱伴侣6月香辣椒酱、炸好的虾仁用少许淀粉勾芡翻炒即可。','19582017689.jpg','2017-10-16 17:15:24',NULL,NULL),
	(562,39,'','春笋和莴笋切成丁。','19464281395.jpg','2017-10-16 17:30:37',NULL,NULL),
	(563,39,'','春笋和莴笋焯水备用。海虾挑去虾线并去皮，用盐、白胡椒粉和料酒 10 mL腌制。','19464281824.jpg','2017-10-16 17:30:37',NULL,NULL),
	(564,39,'','锅中倒入少量油，约 5 成热时，放入腌制好的虾仁炒至变色。锅中底油加热，放入双笋丁翻炒，放入虾仁，烹入10mL料酒。','19464281993.jpg','2017-10-16 17:30:37',NULL,NULL),
	(565,39,'','淋上六月鲜特级淡盐酱油即可。','19464284489.jpg','2017-10-16 17:30:37',NULL,NULL),
	(621,49,'','洗净鲈鱼切下鱼头，去除大骨，在鱼肉上改刀成十字花刀加六月鲜特级酱油、料酒、鸡蛋、淀粉腌味。','19585304674.jpg','2017-10-27 13:44:12',NULL,NULL),
	(622,49,'','把鱼身和鱼头拍上少许干淀粉。','19585304739.jpg','2017-10-27 13:44:12',NULL,NULL),
	(623,49,'','放入油锅中炸脆捞出装盘。','19585304791.jpg','2017-10-27 13:44:12',NULL,NULL),
	(624,49,'','锅中留少许油，加番茄酱、六月鲜特级酱油、醯官醋原浆苹果醋、白糖、胡萝卜粒、小青豆、水勾芡后淋在鱼上即可。','19585304856.jpg','2017-10-27 13:44:12',NULL,NULL),
	(637,59,'','将洗净的苹果切薄片，去掉中间的核籽；','19613412065.jpg','2017-10-27 14:52:03',NULL,NULL),
	(638,59,'','苹果片放入密封瓶中，铺入一层黄冰糖，倒入醯官醋原浆米醋完全浸泡；','19613413365.jpg','2017-10-27 14:52:03',NULL,NULL),
	(639,59,'','阴凉处密封保存15天即可。','19613414691.jpg','2017-10-27 14:52:03',NULL,NULL),
	(640,60,'','准备好泡制柠檬醋所需要的食材；','19613435660.jpg','2017-10-27 14:57:24',NULL,NULL),
	(641,60,'','将柠檬洗切擦干，将其切成均匀的薄片，放入密封瓶中；','19613437727.jpg','2017-10-27 14:57:24',NULL,NULL),
	(642,60,'','加入一层黄冰糖；','19613438260.jpg','2017-10-27 14:57:24',NULL,NULL),
	(643,60,'','倒入醯官醋原浆米醋完全浸泡即可；','19613446398.jpg','2017-10-27 14:57:24',NULL,NULL),
	(644,60,'','阴凉处密封保存3天即可稀释饮用。','19613447919.jpg','2017-10-27 14:57:24',NULL,NULL),
	(645,61,'','准备好泡制黑豆醋所需要的食材；','19613464611.jpg','2017-10-27 15:10:19',NULL,NULL),
	(646,61,'','青仁黑豆冲洗干净，自然晾干，放入平底锅中用小火慢慢翻炒，直至黑豆皮裂开小口，炒制后的香气溢出；冷却后将所有青仁黑豆放入干净无油的密封瓶中。','19613466834.jpg','2017-10-27 15:10:19',NULL,NULL),
	(647,61,'','加入食盐，按喜好添加禾然龙眼蜂蜜或冰糖，加入醯官醋原浆米醋浸泡即可；','19613466912.jpg','2017-10-27 15:10:19',NULL,NULL),
	(648,61,'','封存30天，开封后可每日取30毫升，用5倍的凉开水稀释后饮用。','19613466977.jpg','2017-10-27 15:10:19',NULL,NULL),
	(649,62,'','准备好泡制彩椒醋需要的食材；','19614604854.jpg','2017-10-27 15:12:47',NULL,NULL),
	(650,62,'','三种彩椒洗净外皮，自然晾干后切成细条；','19614607818.jpg','2017-10-27 15:12:47',NULL,NULL),
	(651,62,'','彩椒条依次放入密封瓶中，倒入纯酿原浆米醋完全浸泡；','19614607870.jpg','2017-10-27 15:12:47',NULL,NULL),
	(652,62,'','阴凉处密封保存10天即可食用。','19614607909.jpg','2017-10-27 15:12:47',NULL,NULL),
	(661,63,'','准备好泡制香蕉醋所需要的食材；','19615722295.jpg','2017-10-27 15:37:25',NULL,NULL),
	(662,63,'','香蕉剥皮后切片或切段，放入密封瓶中；','19615722464.jpg','2017-10-27 15:37:25',NULL,NULL),
	(663,63,'','铺入一层黑糖（或原汁红糖）；','19615722672.jpg','2017-10-27 15:37:25',NULL,NULL),
	(664,63,'','倒入醯原浆苹果醋完全浸泡即可。','19615722854.jpg','2017-10-27 15:37:25',NULL,NULL),
	(677,65,'','挑选无虫眼、无黑点的新鲜山楂清洗并晒干；','19616765948.jpg','2017-10-27 15:57:50',NULL,NULL),
	(678,65,'','将山楂去蒂放入干燥的密封瓶中，放入黄冰糖碎；','19616766026.jpg','2017-10-27 15:57:50',NULL,NULL),
	(679,65,'','倒入醯官醋原浆米醋完全浸泡；','19616766143.jpg','2017-10-27 15:57:50',NULL,NULL),
	(680,65,'','封存10天，开封后每日早餐后取20毫升，用10倍的温水稀释后饮用。','19616766403.jpg','2017-10-27 15:57:50',NULL,NULL),
	(681,66,'','准备好泡制仔姜醋所需要的食材；','19616796277.jpg','2017-10-27 16:00:52',NULL,NULL),
	(682,66,'','鲜仔姜无须去皮，连同姜芽一同洗净，自然晒干；切薄片，放入密封瓶中；','19616796485.jpg','2017-10-27 16:00:52',NULL,NULL),
	(683,66,'','铺入一层黄冰糖；','19616796758.jpg','2017-10-27 16:00:52',NULL,NULL),
	(684,66,'','倒入纯酿原浆米醋完全浸泡即可。','19616797005.jpg','2017-10-27 16:00:52',NULL,NULL),
	(692,68,'','准备好泡醋所需要的食材；','19618984983.jpg','2017-10-28 09:08:50',NULL,NULL),
	(693,68,'','挑选干净完整、色泽艳丽的玫瑰干花花朵放入密封瓶中倒入所有蜂蜜腌渍一晚上；倒入约八成满的纯酿原浆米醋浸泡；','19618985438.jpg','2017-10-28 09:08:50',NULL,NULL),
	(694,68,'','放在阴凉干燥的地方密封保存3天，因为米醋有较强的脱色能力，泡制3日后玫瑰醋会成为漂亮的枚红色。开封后可每日取20毫升，用5倍的凉开水或蜂蜜水稀释后饮用。','19618987427.jpg','2017-10-28 09:08:50',NULL,NULL),
	(695,69,'','准备好泡制金桔醋所需要的食材；','19618994499.jpg','2017-10-28 09:21:53',NULL,NULL),
	(696,69,'','新鲜金橘洗净外皮后自然风干后对半切开；','19618995136.jpg','2017-10-28 09:21:53',NULL,NULL),
	(697,69,'','对半切好的金桔放入密封瓶中，洒入黄冰糖；','19618995747.jpg','2017-10-28 09:21:53',NULL,NULL),
	(698,69,'','倒入纯酿原浆米醋完全浸泡；','19618996228.jpg','2017-10-28 09:21:53',NULL,NULL),
	(699,69,'','在阴凉处存放10天，开封后可每日取用30毫升，用5倍的40度的温开水稀释后饮用。','19618996969.jpg','2017-10-28 09:21:53',NULL,NULL),
	(704,52,'','水杯中加入20mL醯官醋原浆苹果醋、40mL禾然龙眼蜂蜜、320mL纯净水搅拌；然后撒入桂花粒和应季水果，即可饮用。','19619103712.jpg','2017-10-28 11:39:36',NULL,NULL),
	(705,64,'','准备好泡制红心火龙果醋所需要的食材；','19615870521.jpg','2017-10-28 11:44:03',NULL,NULL),
	(706,64,'','红心火龙果对半切开，连里层含大量花青素的粉红色果皮一同取出，切成小块；','19615870612.jpg','2017-10-28 11:44:03',NULL,NULL),
	(707,64,'','放入一层黄冰糖；','19615870729.jpg','2017-10-28 11:44:03',NULL,NULL),
	(708,64,'','倒入醯官醋原浆米醋完全浸泡即可。','19615870859.jpg','2017-10-28 11:44:03',NULL,NULL),
	(709,67,'','准备好泡制橙子醋所需要的食材；','19617886275.jpg','2017-10-28 11:46:39',NULL,NULL),
	(710,67,'','将橙子清洗干净，用厨房用纸擦净后切块；','19617886457.jpg','2017-10-28 11:46:39',NULL,NULL),
	(711,67,'','连皮切成薄片，放入密封瓶中，倒入醯官醋原浆米醋完全浸泡；','19617886756.jpg','2017-10-28 11:46:39',NULL,NULL),
	(712,67,'','阴凉处封存30天，开封后每日餐后取20毫升，用10倍的温水稀释后饮用。','19617887172.jpg','2017-10-28 11:46:39',NULL,NULL),
	(713,56,'','豆腐切成正方形大块入油锅中炸至金黄色。','19585404956.jpg','2017-10-30 15:17:51',NULL,NULL),
	(714,56,'','肉糜加六月鲜特级酱油、虾米、淀粉、鸡蛋调成肉馅。','19585405008.jpg','2017-10-30 15:17:51',NULL,NULL),
	(715,56,'','将炸好的豆腐表面挖一小洞填入肉馅并用虾仁盖住。','19585404527.jpg','2017-10-30 15:17:51',NULL,NULL),
	(716,56,'','锅中少许油煸香黄豆酱加六月鲜特级酱油、味达美臻品蚝油，然后放入豆腐加少许水大火烧开，小火焖烧十分钟即可。','19585404566.jpg','2017-10-30 15:17:51',NULL,NULL),
	(737,72,'','准备好制作百香果苹果醋饮所需要的食材；\n','19625922888.jpg','2017-11-03 13:25:51',NULL,NULL),
	(738,72,'','用水果刀将百香果切成两半，挖出果肉，放入水壶中，果皮废弃；','19625923174.jpg','2017-11-03 13:25:51',NULL,NULL),
	(739,72,'','取量杯，先倒入50ml白砂糖，再倒入50ml醯官醋原浆苹果醋；','19625924123.jpg','2017-11-03 13:25:51',NULL,NULL),
	(740,72,'','搅拌混合均匀后倒入冷水壶；','19625924786.jpg','2017-11-03 13:25:51',NULL,NULL),
	(741,72,'','同一个量杯，取用900ml纯净水，搅拌挂在杯壁的醋液后一起倒入水壶；','19625925683.jpg','2017-11-03 13:25:51',NULL,NULL),
	(742,72,'','好喝到可以去开店。','19625926385.jpg','2017-11-03 13:25:51',NULL,NULL),
	(748,73,'','泡制时准备削皮的菠萝一个，醯官醋原浆米醋一瓶，干燥的密封罐一个；','19625931338.jpg','2017-11-03 13:36:22',NULL,NULL),
	(749,73,'','根据密封罐罐口的大小，将菠萝切合适的大小，放入无水分的密封罐中；','19625931871.jpg','2017-11-03 13:36:22',NULL,NULL),
	(750,73,'','倒入醯官醋原浆米醋淹没至菠萝即可；','19625932235.jpg','2017-11-03 13:36:22',NULL,NULL),
	(751,73,'','阴凉处密封保存3-5天即可取用稀释；','19625932534.jpg','2017-11-03 13:36:22',NULL,NULL),
	(752,73,'','比例按照50ml泡制菠萝醋混合25ml白砂糖后加入300ml纯净水充分搅拌即可饮用。','19625935901.jpg','2017-11-03 13:36:22',NULL,NULL),
	(753,71,'','准备好泡制草莓醋所需要的食材；\n','19625833344.jpg','2017-11-14 16:28:01',NULL,NULL),
	(754,71,'','将草莓去蒂；','19625833760.jpg','2017-11-14 16:28:01',NULL,NULL),
	(755,71,'','将处理好的草莓放入干燥的密封罐内；','19625834787.jpg','2017-11-14 16:28:01',NULL,NULL),
	(756,71,'','加入适量的凤梨切片和冰糖，倒入醯官醋原浆米醋淹没水果；','19625835125.jpg','2017-11-14 16:28:01',NULL,NULL),
	(757,71,'','阴凉处保存3天，即可取用泡制醋稀释饮用。','19625835450.jpg','2017-11-14 16:28:01',NULL,NULL),
	(758,70,'','准备好泡制花生醋所需要的食材；\n','19625792966.jpg','2017-11-14 16:29:13',NULL,NULL),
	(759,70,'','如果是有机免洗花生可直接放入消毒玻璃瓶中，如果不是免洗的就清洗干净再放进去，倒入醯官醋原浆米醋浸泡；','19625793330.jpg','2017-11-14 16:29:13',NULL,NULL),
	(760,70,'','完全浸泡后，封存45天即可。','19625793473.jpg','2017-11-14 16:29:13',NULL,NULL);

/*!40000 ALTER TABLE `stepts` ENABLE KEYS */;
UNLOCK TABLES;


# Dump of table sys
# ------------------------------------------------------------

DROP TABLE IF EXISTS `sys`;

CREATE TABLE `sys` (
  `thisid` int(11) NOT NULL AUTO_INCREMENT,
  `code` varchar(50) NOT NULL,
  `chk` varchar(50) NOT NULL,
  `chkb` varchar(50) NOT NULL,
  PRIMARY KEY (`thisid`)
) ENGINE=InnoDB DEFAULT CHARSET=utf8;



# Dump of table tcdlink
# ------------------------------------------------------------

DROP TABLE IF EXISTS `tcdlink`;

CREATE TABLE `tcdlink` (
  `thisid` int(11) NOT NULL AUTO_INCREMENT,
  `tconid` int(11) DEFAULT NULL,
  `dishid` int(11) DEFAULT NULL,
  `isopen` tinyint(4) DEFAULT '0',
  PRIMARY KEY (`thisid`)
) ENGINE=InnoDB DEFAULT CHARSET=utf8;

LOCK TABLES `tcdlink` WRITE;
/*!40000 ALTER TABLE `tcdlink` DISABLE KEYS */;

INSERT INTO `tcdlink` (`thisid`, `tconid`, `dishid`, `isopen`)
VALUES
	(1,8,6,0),
	(5,48,25,0),
	(6,48,27,0),
	(7,51,25,0),
	(8,51,26,0),
	(9,51,27,0),
	(13,56,25,0),
	(14,56,26,0),
	(15,56,27,0);

/*!40000 ALTER TABLE `tcdlink` ENABLE KEYS */;
UNLOCK TABLES;


# Dump of table tdlink
# ------------------------------------------------------------

DROP TABLE IF EXISTS `tdlink`;

CREATE TABLE `tdlink` (
  `thisid` int(11) NOT NULL AUTO_INCREMENT,
  `topicid` int(11) DEFAULT NULL,
  `dishid` int(11) DEFAULT NULL,
  `isopen` tinyint(4) DEFAULT '0',
  PRIMARY KEY (`thisid`)
) ENGINE=InnoDB DEFAULT CHARSET=utf8;

LOCK TABLES `tdlink` WRITE;
/*!40000 ALTER TABLE `tdlink` DISABLE KEYS */;

INSERT INTO `tdlink` (`thisid`, `topicid`, `dishid`, `isopen`)
VALUES
	(162,1,1,1),
	(163,1,2,1),
	(164,1,3,1),
	(165,1,4,1),
	(166,1,5,1),
	(167,1,6,1),
	(168,1,7,1),
	(169,2,8,1),
	(170,2,9,1),
	(171,2,10,1),
	(172,2,11,1),
	(173,2,12,1),
	(174,2,13,1),
	(175,2,14,1),
	(176,2,15,1),
	(177,3,16,1),
	(178,3,17,1),
	(179,3,18,1),
	(180,3,19,1),
	(181,3,21,1),
	(182,3,22,1),
	(183,3,23,1),
	(184,3,24,1),
	(185,4,25,1),
	(186,4,26,1),
	(187,4,27,1),
	(188,4,28,1),
	(189,4,29,1),
	(190,4,30,1),
	(191,4,31,1),
	(192,4,32,1);

/*!40000 ALTER TABLE `tdlink` ENABLE KEYS */;
UNLOCK TABLES;


# Dump of table tech
# ------------------------------------------------------------

DROP TABLE IF EXISTS `tech`;

CREATE TABLE `tech` (
  `thisid` int(11) NOT NULL AUTO_INCREMENT,
  `thisname` varchar(200) DEFAULT NULL,
  `dateadd` timestamp NOT NULL DEFAULT CURRENT_TIMESTAMP,
  `dateupdate` datetime DEFAULT NULL,
  PRIMARY KEY (`thisid`)
) ENGINE=InnoDB DEFAULT CHARSET=utf8;



# Dump of table topic
# ------------------------------------------------------------

DROP TABLE IF EXISTS `topic`;

CREATE TABLE `topic` (
  `thisid` int(11) NOT NULL AUTO_INCREMENT,
  `peopleid` int(11) DEFAULT NULL,
  `thisname` varchar(200) DEFAULT NULL,
  `thispic` varchar(30) DEFAULT NULL,
  `thisintro` varchar(500) DEFAULT NULL,
  `thispicp` varchar(30) DEFAULT NULL,
  `thispicm` varchar(30) DEFAULT NULL,
  `dateadd` timestamp NOT NULL DEFAULT CURRENT_TIMESTAMP,
  `dateupdate` datetime DEFAULT NULL,
  `isopen` tinyint(4) NOT NULL DEFAULT '0',
  `sorting` int(10) DEFAULT NULL,
  PRIMARY KEY (`thisid`)
) ENGINE=InnoDB DEFAULT CHARSET=utf8;

LOCK TABLES `topic` WRITE;
/*!40000 ALTER TABLE `topic` DISABLE KEYS */;

INSERT INTO `topic` (`thisid`, `peopleid`, `thisname`, `thispic`, `thisintro`, `thispicp`, `thispicm`, `dateadd`, `dateupdate`, `isopen`, `sorting`)
VALUES
	(1,1,'美食和朋友一样，都是最好的陪伴','19382275679.jpg','上海的圣诞，窗外没有雪花纷飞，屋内依旧暖意融融，圣诞树上的小灯调皮闪烁，我们四人喝着酒，吃着一桌料理，互相调侃打闹，好像又回到留学时光，心底隐隐有声音在说：如果时间能就此停住，停住。','19382276199.jpg','19382276238.jpg','2016-12-25 11:12:10','2017-10-20 18:54:57',1,NULL),
	(2,2,'从我们的餐桌开始，让每个人都吃到诚食好味','19446394643.jpg','或许诚食的魔力在于，用心就能创造出好味。看着同事们吃着美食，一脸幸福和满足，我想我们所有的努力和用心都值得。 或许诚食的魔力还在于，将人们聚拢在一起。感谢可以与如此多志同道合的人一起，一起为土地、为农夫、为家庭做更多有意义的改变。','19446396229.jpg','19446396333.jpg','2017-01-01 06:18:28','2017-10-20 19:00:56',1,NULL),
	(3,3,'家人在即为家，味蕾深处是故乡','19446561407.jpg','当下，我们都在抱怨年味变淡，的确，少了鞭炮、祭祀、耍龙灯等年俗，记忆中的年味离我们越来越远。但或许，我们亦可创造属于自己的年味，比如将家里打理得喜气洋洋，用心置办年货，亲力亲为制作一桌料理，放下手机，认认真真和家里人吃一顿饭，为新年创造一些仪式感，这样，我们对新的一年也自然有了更多地期待和憧憬。','19446563240.jpg','19446563409.jpg','2017-01-20 09:52:14','2017-10-20 19:01:41',1,NULL),
	(4,4,'最好的爱情 是平淡日子里的用心坚守','19473413622.jpg','对于职场女性来说，爱情、事业和生活，可能是人生中最重要的三大课题。年少时一心专注于事业，随着年龄和阅历的增长，逐渐将更多的时间交给生活。平淡流年里，唯有用心陪伴，一路扶持，共同成长，才能成为更好的我们。','19473415650.jpg','19473415741.jpg','2017-06-20 18:37:39','2017-10-20 19:03:50',1,NULL);

/*!40000 ALTER TABLE `topic` ENABLE KEYS */;
UNLOCK TABLES;


# Dump of table topiccon
# ------------------------------------------------------------

DROP TABLE IF EXISTS `topiccon`;

CREATE TABLE `topiccon` (
  `thisid` int(11) NOT NULL AUTO_INCREMENT,
  `topicid` int(11) DEFAULT NULL,
  `thistitle` varchar(300) DEFAULT NULL,
  `text1` text,
  `thispic` varchar(30) DEFAULT NULL,
  `imgdes` varchar(200) DEFAULT NULL,
  `videolink` varchar(300) DEFAULT NULL,
  `videodes` varchar(500) DEFAULT NULL,
  `dishid` int(11) DEFAULT NULL,
  PRIMARY KEY (`thisid`)
) ENGINE=InnoDB DEFAULT CHARSET=utf8;

LOCK TABLES `topiccon` WRITE;
/*!40000 ALTER TABLE `topiccon` DISABLE KEYS */;

INSERT INTO `topiccon` (`thisid`, `topicid`, `thistitle`, `text1`, `thispic`, `imgdes`, `videolink`, `videodes`, `dishid`)
VALUES
	(12,1,'','','','','http://v.youku.com/v_show/id_XMjgyNDEwNTA4OA','旧连结 v.youku.com/v_show/id_XMTg4ODg1MjI4OA',NULL),
	(13,1,'','此刻是 2016 年 12 月 24 日晚1 1:30，收拾完餐桌和厨房，Christmas Eve 终于进入完美 Ending。\n\nZoe、敏、Y 已喝 High，十数小时的奔波加上彻夜的闲聊，终于耗光三只的精力，齐齐陷入梦乡。','','','','',NULL),
	(14,1,'','','19382410515.jpg','','','',NULL),
	(15,1,'','一年前，我从伦敦硕士毕业，至台湾工作又和团队辗转上海。我们四人，亦有一年多未见。伦敦到上海，相隔 9200 多公里，8 小时时差，一路需要飞行 12 小时才能相见。不得不感谢缘分，让我们从天涯各方的陌生人变成一辈子的知心闺蜜。\n\n去年的今天，我们在伦敦的寄宿家庭品尝房东阿姨的烤鹅，喝着自调的鸡尾酒，今年竟齐聚上海，由我来为大家准备圣诞大餐。一切缘起，还是一个月前的那通 Facetime。','','','','',NULL),
	(16,1,'','','19382410931.jpg','','','',NULL),
	(17,1,'','彼时 Zoe 远在伦敦，视讯里竟一脸沮丧，哭诉自己压力太大，怀念往昔时光，聊着聊着竟萌生大家齐来上海过圣诞的想法。我自然欢喜雀跃，但随之也有了难题：鸡尾酒我拿手，但正宗的圣诞大餐，尤其 Zoe 提到的三文鱼，还得请人指教。 正当困惑时，记事板上一张摄于富豪酒店的照片带来灵感：当时这道三文鱼，惊艳了一桌人，何不亲至酒店请教主厨？他可是西式料理的宗师。\n\n周末，通过好朋友 Li 的引荐，主厨 Funhoff 先生欣然答应了我的请求。一番沟通，菜单很快被商定下来：烤鹅、南瓜汤、五彩甜椒盅、圣诞树水果拼盘，当然还有最重要的欧式腌三文鱼。','','','','',NULL),
	(18,1,'','','19382411412.jpg','','','',NULL),
	(19,1,'','我相信让大家快乐的料理，不应该是复杂或讲究厨艺老道，简单、用心、分享才是秘方吧。就像三文鱼，腌制过程虽然简单，但用料的多少、腌制时间都极为讲究。据说烹饪时用的心思，一口就能尝出来，因此绝对不能掉以轻心。为了照顾国人的口味，Funhoff 先生还特别研制用六月鲜淡盐酱油和香醋调制甜菜根沙拉，成为搭配三文鱼最奇妙的蘸料。','','','','',NULL),
	(20,1,'','','19382411802.jpg','','','',NULL),
	(21,1,'','对于英国人来说，烤鹅才是圣诞大餐，并非影视剧中常见的烤鸡。餐桌上有了烤鹅，才有了圣诞的味道。初时以为烤鹅制作极其繁冗复杂，看着 Funhoff 先生一步步操作竟有快手菜的感觉，只是烤制时间至少需 2 个钟头，颇需耐心。烤制过程中鹅肉吸收了水果和香辛料的精华，喷香扑鼻，果肉里又夹杂着浓郁的肉香，令人垂涎。烤出的厚厚鹅油，可存在罐子里制作烤物或甜胡萝卜。','','','','',NULL),
	(25,1,'','南瓜汤的制作亦十分简单，将食材炒制炖煮后，放入搅拌机搅拌、过滤、搭配酸奶即大功告成，我预感她将成为我的拿手菜之一。而五彩甜椒和水果拼盘，除了需要一些耐心，绝对是色彩控们的心头好，就像 Y，一看到用菠萝、葡萄、草莓、蓝莓等水果制作的圣诞树拼盘时，眼中简直有烟花绽放直呼「so cute」。鸡尾酒“六月香芬”算是一次意外的尝试，获得一致好评，秘诀就在于加了 2-3mL 的六月鲜薄盐酱油，口感出奇的馥郁清爽。 这一整天在客厅和厨房来回奔走几乎有十余趟，制作料理、组装圣诞树、布置餐桌、摆盘上菜，身体是累的，但内心却十分欢喜，巨蟹座的本性实在暴露无遗。','','','','',NULL),
	(26,1,'','','19382433135.jpg','','','',NULL),
	(27,1,'','上海的圣诞，窗外没有雪花纷飞，屋内依旧暖意融融，圣诞树上的小灯调皮闪烁，我们四人喝着酒，吃着一桌料理，互相调侃打闹，好像又回到留学时光，心底隐隐有声音在说：如果时间能就此停住，停住，My dear Zoe、敏、Y，希望明年的今天，我们依然能围聚在餐桌前，无论是美食还是情谊，愿都化作彼此最值得珍藏的记忆呀。','','','','',NULL),
	(28,2,'','','','','v.youku.com/v_show/id_XMTg4OTE3MzA1Mg','',NULL),
	(29,2,'','','19446398907.jpg','','','',NULL),
	(30,2,'','2015 年 9 月 9 日，怀着「让更多人结识友善耕耘的农夫，一步一步、一米一米地改善中国的饮食生态」的愿想，一米市集正式上线，很高兴经过一年多的努力，我们正被越来越多的消费者所看见、所理解、所认可、所选择、所信赖。\n\n对于吃这件事，我和一米市集所倡导的一样，不单以外表或口感来判断食物好坏，而是从自我学习开始，对每餐食材的种养方式追根问底，清楚每一口都来自何处：是横沙岛孕育的生猛多汁，是低温水域出产的肥美紧实，是从双手长出的淳朴爽脆。\n\n好吃的食物从来不会骗人，寻找每一份诚食，便是我与团队一直致力的方向。打造一个品牌和一种全新的生活方式，路途充满困难和挑战。但感谢，我拥有一群和我一样为食物坚守的人，一群可以为寻找一颗自然生长的草莓而上山下乡、走遍田野的人。','','','','',NULL),
	(31,2,'','','19446399570.jpg','','','',NULL),
	(32,2,'','2016 结束之前，我希望能给这群可爱的人一份惊喜——亲自下厨准备一桌元旦大餐，好好品尝我们亲手打造的用心诚食。可惜在做菜上，我精通台湾卤味，至于其他菜品，颇费了番脑筋。 在裸心飞的拳击训练中，有幸得到主厨 Louis 的试菜邀请，对饮食相同的理念让我们一见如故。我将元旦大餐的计划向他透露，热情的 Louis 邀请我到他的烹饪教室，开始对我进行 「抱佛脚式」的紧急指导。','','','','',NULL),
	(33,2,'','','19446400038.jpg','','','',NULL),
	(34,2,'','在「快手、健康、好吃」的基调上，我们快速拟定出菜单：金枪鱼牛油果沙拉、红烧排骨、凉拌鸡丝、凉瓜松子牛配薄荷汁、鲜核桃拌龙豆、拌沙拉菜以及创意菜品六月鲜红酒蹄膀，光是听听就令人食指大动。当然，餐桌上必须有我最拿手的卤蛋！ 从产地到厨房，是我一直在做的事情，而从厨房到舌尖，所需要的用心程度可以说不遑多让。同样的卤蛋，换一种思路，加一些步骤，便能做出诱人的溏心；金枪鱼牛油果沙拉，加上六月鲜调的酱汁，便能将金枪鱼的紧实鲜美和牛油果的丰腴细腻完美融合，恰到好处的咸鲜，既不会寡淡腻口，也不会反客为主；我了解国人多用黄酒、米酒或啤酒炖肉，但换成红酒，蹄髈中就多了果香味，配合六月鲜，口感软糯香浓，色泽更加红亮迷人；至于人人都爱的红烧排骨，炖煮中用葱结代替葱花或者葱段，香酥解腻，摆盘清爽利落，也消除了不喜吃葱人士的顾虑。','','','','',NULL),
	(35,2,'','','19446400480.jpg','','','',NULL),
	(36,2,'','','19446400662.jpg','','','',NULL),
	(37,2,'','元旦 Party 当天，我一早便占领了厨房。新鲜的排骨、低调的牛油果、水灵的小红萝卜，所有食材都来自于一米市集的诚食农夫，对食材的自信让我对下厨有了更多期待。尽管过程当中避免不了手忙脚乱，余光还能瞄到同事好奇偷看，或许切菜的手法不够专业，或许下厨的身影不够利落，不过，最终的味道还真是不赖。 或许诚食的魔力在于，用心就能创造出好味。看着同事们吃着美食，一脸幸福和满足，我想我们所有的努力和用心都值得。 或许诚食的魔力还在于，将人们聚拢在一起。感谢可以与如此多志同道合的人一起，一起为土地、为农夫、为家庭做更多有意义的改变。','','','','',NULL),
	(38,3,'','','','','http://v.youku.com/v_show/id_XMjgyNDE0MDAyNA','旧连结 v.youku.com/v_show/id_XMTkxOTY1NTMzNg',NULL),
	(39,3,'','','19446564540.jpg','','','',NULL),
	(40,3,'','近来练字，每写到「家」总能触动心弦，《说文解字》里讲，家上为「宀」，意为全家生活的居所，下为「豕」，即猪畜，用于生计口腹或祭祀，一家人有房屋有食物，彼此生活有了依靠和慰藉，就成了家。\n\n这些年，我和先生打拼事业，对家一直心有亏欠。为了照顾我俩和孩子，父母舍弃熟悉的家乡迁居上海。我们在家的时间有限，既没有给到他们足够的陪伴，也没有给孩子足够的安全感，这也成为我最大的遗憾。 临近春节，各路媒体纷纷鼓励大家把感谢祝福大声表达出来，但喜欢太极和书法的我，可能身体里真的住着一个老灵魂，我会通过旅游时给父母寄送明信片，来代替面对面的心意表达。对于春节，除了送全家一场说走就走的旅程，还能有什么方式来表达对二老的感谢？','','','','',NULL),
	(41,3,'','','19446564904.jpg','','','',NULL),
	(42,3,'','当看到苏大厨发布在朋友圈的佳肴，我想我找到了答案——亲自下厨为家人做一桌团圆家宴！往年年夜饭多由母亲准备，十分辛劳，今年就由我来掌勺！ 我希望将传统的家乡菜和我曾吃过的好味都带到餐桌上，听闻我的计划，身为五星酒店主厨的苏老师笑称可以倾囊相授。在我们老家，糖醋鱼是道名菜，俗语说「无鱼不成席」，老师便建议制作糖醋黄花鱼，以及果味油焖虾作为年菜代表。考虑我们一家人都偏爱客家菜，详细商议之下，新年盆菜、山药木耳炖鸡、香菇干贝炖蛋、蟹粉豆腐、什锦如意菜、水晶虾饺被一一列于笔记本里。\n\n糖醋黄花鱼的秘诀在于腌制和调汁勾芡，黄鱼加盐、鸡粉、六月鲜腌制 20 分钟，短了不入味，长了肉质就干，炸前裹一层薄干淀粉，不仅可以预防爆油，炸鱼颜色也更加金黄诱人。果味油焖虾选的是进口大虾，因加了陈皮，所以在鲜嫩微甜的口感中多了些许甘香。制作这道菜并不十分复杂，但将虾线成功剥离的成就感，可以和想出一个大创意相媲美。此前，对于盆菜也只在《舌尖》中有所了解，没想到竟然有机会来完成她。苏老师依旧笑眯眯地一脸淡定：很简单的，很简单的。的确，盆菜的重点在于准备好一切食材，然后一层一层往上码，选择哪些食材、如何保证美观整齐，考验的就是做菜人的耐心和用心了。掌握了盆菜的秘密，其它如炖鸡、炖蛋等，学习起来就变得游刃有余。','','','','',NULL),
	(43,3,'','','19446565437.jpg','','','',NULL),
	(44,3,'','曾记得有人问蔡澜厨艺的最高境界，蔡先生答「用心」，饭好不好吃全赖做饭的人是不是用心。而对于美食的最高境界，他说最好吃的东西不需要很多添加剂，也不需要多复杂的烹饪过程，就是简单和本真。我不能自夸我的年夜饭口味有满分，但确实是以百分百的用心来完成。\n\n春节，一家人都被我驱至客厅休息，不放心的妈妈频频在厨房外张望，看我是否需要帮忙。还好，适应了一开始的慌乱，看看笔记本上的烹饪要点，也慢慢找到了下厨的节奏。尤记得盆菜上桌时大家惊叹的表情，平日严肃的父亲像个孩子一样，直呼糖醋鱼和油焖虾做得地道，孩子也破天荒要了两碗米饭，母亲吃起小醋，开玩笑明年还由我掌勺，自己要做甩手掌柜。','','','','',NULL),
	(45,3,'','','19446566776.jpg','','','',NULL),
	(46,3,'','当下，我们都在抱怨年味变淡，的确，少了鞭炮、祭祀、耍龙灯等年俗，记忆中的年味离我们越来越远。但或许，我们亦可创造属于自己的年味，比如将家里打理得喜气洋洋，用心置办年货，亲力亲为制作一桌料理，放下手机，认认真真和家里人吃一顿饭，为新年创造一些仪式感，这样，我们对新的一年也自然有了更多地期待和憧憬。','','','','',NULL),
	(47,4,'','','','','v.youku.com/v_show/id_XMjgyNDE4NDgxMg==.html?spm=a2h3j.8428770.3416059.1','',NULL),
	(53,4,'','学生时代，总认为爱是王菲歌里的风风火火轰轰烈烈，直至看张曼玉与黎明的《甜蜜蜜》，才意识到爱充满微妙与无常，尤其在时间与空间的考验下，坚守一生的承诺是如此需要勇气和毅力。\n\n成年后，为了更好的事业发展，我与男友也开始了北京与上海的两地生活。此前，我一直认为自己的内心足够强大，但是，当生活中突然少了熟悉的陪伴，当快乐和悲伤都无法第一时间与他分享，当深夜回家只能一个人默默疏解压力，我对这段感情第一次产生了犹豫和不安。','19546281495.jpg','','','',NULL),
	(54,4,'','初时的分别对我们都是巨大的考验，但对这段感情的共同守护，让我们很快找到了新的相处方式，我们约定，无论多忙，每天都必须有一次电话或facetime，并且尽可能在节假日相聚。那些无法陪伴的日子，我们各自提升自己，让每分每秒都过得充实丰盈。周末，我会独自去健身，或和朋友聚会，或学习烘焙和烹饪新菜式。当我们重聚时，除了有聊不完的话题，餐桌上也有了更多我的味道。我们像过情人节般对待每一次的短暂相聚，如此，平淡的等待也变成了满心的期待。\n','19546281859.jpg','','','',NULL),
	(55,4,'','在我看来，平淡生活里，下厨是最有滋味的仪式。狐狸曾对小王子说：“你下午四点钟来，那么从三点钟起，我就开始感到幸福。时间越临近，我就越感到幸福。到了四点钟的时候，我就会坐立不安；我就会发现幸福的代价。但是，如果你随便什么时候来，我就不知道在什么时候该准备好我的心情……应当有一定的仪式。” 在与他相恋的第7个情人节，我决定不再如往年一样，由他挑选餐厅，而是亲自下厨，在家中打造一桌精致浪漫的情人节晚宴。\n','19546282145.jpg','','','',NULL),
	(56,4,'','如果用菜品来诠释我们的相恋之路，那么第一道便是牛排，加入六月鲜的菲力牛排在锅中滋滋作响，浓郁的香气被彻底激发，当中式调料邂逅西式牛排，一如长于南方口味清淡的我遇上生于北方嗜辣重口的他，谁说不是命运的巧遇；如果用一道菜代表异地的思念，那么非罗宋汤莫属。罗宋译自RUSSIA，代表着身处上海的俄国人对故乡的思念。我与他，分别身处上海和北京，一千多个日日夜夜的思念，我们用爱和信任共同构筑起更加稳固的未来。锅中，洋葱、土豆、番茄、红肠等各色食材被炖煮得酥烂浓稠，酸甜的香气萦绕鼻间，浅尝一口，味蕾瞬间悉数打开；第三道简简单单的蔬菜彩虹沙拉，或许就是我们现在状态的最好注解。看似平淡简单，却是不简单的用心准备。健康有机的蔬菜，仔细清洗、切丁或撕成小片、耐心摆盘，特别选用了淡盐酱油制作油醋汁，少一点盐，多一份健康，是无负担的美味享用。','','','','',NULL),
	(57,4,'','情人节当天，看着他风尘仆仆的走进家门，冲我温柔笑着，这些年的异地生活带给我们的是什么？不是互相的猜疑，是各自的进步与成长，是对彼此更深入的理解与包容，是一段更加稳固与真挚的情感。如果三年前的情人节礼物，我收到的是离别，那么三年后，他在我面前拿着戒指缓缓跪下的那一刻，我收到的是这个男人一辈子的承诺。\n我们都曾向往轰轰烈烈的爱情，但最终打动我们的，是平淡日子里的用心陪伴。未来，我们可能还将面临更多的挑战，但若能一直紧握彼此的双手，用心坚守，我相信，爱就永远不会褪色。\n','19546283432.jpg','','','',NULL),
	(58,4,'·心情小结','对于职场女性来说，爱情、事业和生活，可能是人生中最重要的三大课题。年少时一心专注于事业，随着年龄和阅历的增长，逐渐将更多的时间交给生活。为了追求事业，我与爱人分隔两地，共同坚守着我们的双城之恋。为事业忙碌的同时，也倍加珍惜每一次的相聚。这段聚少离多的岁月教会我们的，是爱情从来不是轰轰烈烈的誓言，而是细水长流的用心坚守。平淡流年里，唯有用心陪伴，一路扶持，共同成长，才能成为更好的我们。','','','','',NULL);

/*!40000 ALTER TABLE `topiccon` ENABLE KEYS */;
UNLOCK TABLES;


# Dump of table xxx_newscontent
# ------------------------------------------------------------

DROP TABLE IF EXISTS `xxx_newscontent`;

CREATE TABLE `xxx_newscontent` (
  `thisid` int(11) NOT NULL AUTO_INCREMENT,
  `newsid` int(11) NOT NULL,
  `thistitle` varchar(400) DEFAULT NULL,
  `text1` text,
  `thispic` varchar(200) DEFAULT NULL,
  `imglink` varchar(400) DEFAULT NULL,
  `imgdes` varchar(600) DEFAULT NULL,
  `videolink` varchar(400) DEFAULT NULL,
  `videodes` varchar(600) DEFAULT NULL,
  PRIMARY KEY (`thisid`)
) ENGINE=MyISAM DEFAULT CHARSET=utf8;

LOCK TABLES `xxx_newscontent` WRITE;
/*!40000 ALTER TABLE `xxx_newscontent` DISABLE KEYS */;

INSERT INTO `xxx_newscontent` (`thisid`, `newsid`, `thistitle`, `text1`, `thispic`, `imglink`, `imgdes`, `videolink`, `videodes`)
VALUES
	(252,2,'fdsfds','作为市场上第一家运用自动化生产设备生产的酱油酿造企业，欣和率先引进世界上先进的高盐稀态酿造工艺，更好的保留原材料的营养成分的同时，做到了更安全健康的生产工艺。欣和也率先运用了生产工艺透明化的理念，邀请消费者来参观我们的生产产线。优质的酿造原料，透明的酿造工艺。让消费者更加了解酱油从哪里来，因为了解，也更加信赖欣和。欣和像孕育生命般酿造每一瓶酱油，为消费者提供健康安全的专业酱油。','news_2.jpg',NULL,'','',''),
	(3,3,'','健康私房菜，是欣和六月鲜不同于其他品牌的消费者沟通方式，六月鲜不仅只是一款酱油，更是一种生活方式的代表。六月鲜将健康、快乐、便利的饮食文化理念，带给每一位上海消费者。走进家庭，一起分享健康的饮食，是六月鲜健康私房菜创办的初衷。\r\n','news_3.jpg',NULL,'','',''),
	(4,3,'','从2005年到2010年，6届健康私房菜大赛一路走来，六月鲜品牌不仅将健康的生活方式带给上海的消费者，赢得上海消费者的信任，更把“六月鲜”- 鲜酱油，这款来自山东烟台的酱油品牌深深种入上海消费者心里。“六月xi，蛮灵哦”。一时间，六月鲜成为上海鲜味酱油的第一品牌。','news_4.jpg',NULL,'','',''),
	(5,4,'','在品尝过人生五味之后，你还期待什么味道？作为高端酱油的领导品牌，六月鲜不仅在品质上追求卓越，同样也引领着时尚健康的新生活状态，倡导着一种生活哲学。基于对于生活品质的领悟与倡导，六月鲜提出五味之上的概念。\r\n“在品尝过人生五味之后，你还期待什么味道？六月鲜，每一滴都经历了六个月足期酿造，是值得期待的五味之上”。这种健康乐活积极的生活态度，也正是五味之上的六月鲜所倡导的品牌态度。\r\n','news_5.jpg',NULL,'','',''),
	(6,4,'','五味之上的理念提出伊始，借助广大的媒体推动，与消费者形成了非常高的互动以及反响。作为民生的调味品品牌，六月鲜已逐步表现出不同于传统企业的时尚、创新的独特个性，五味之上开启了六月鲜时尚创新的品牌传播之路。\r\n','news_6.jpg',NULL,'','',''),
	(7,5,'','自六月鲜产品上市以来，六月鲜优美的瓶体曲线，成为六月鲜标志的形象代表。六月鲜的瓶体设计，不仅从人体力学的角度，更适合烹饪的家庭主妇握拿产品，更代表了女性优美腰身曲线。精致生活，是她们所追求的生活方式。内心的坚韧，用心的孕育，赢得成功的同时，又收获了满满的幸福。经历了五味之上的生活阅历，更能品得淡然而来的幸福。幸福就是，一把青菜，几下料理，换来一份鲜美。','news_7.jpg',NULL,'','',''),
	(8,5,'','幸福就是，用一道红烧肉，轻易俘获所有人的筷子。','news_8.jpg',NULL,'','',''),
	(9,5,'','幸福就是，吃面条的时候，发出的哧溜哧溜的声音。','news_9.jpg',NULL,'','',''),
	(10,5,'','每一个都市人，追求幸福，渴望成功。成功需要步步积累，幸福却是只要用心生活，即刻发生，瞬间拥有。六月鲜，坚持6个月足期恒温酿造，像孕育生命一样酿造每一瓶酱油；富含多种氨基酸，酯香丰沛，萃炼食材的本味；让每一口入嘴的食物不仅美味，更能将点滴的用心融入滋味；让味蕾，品尝到幸福。','news_10.jpg',NULL,'','',''),
	(11,10,'','2012年中秋节，六月鲜，继续延续精致生活的态度主张，让幸福变简单。中秋是家人团圆的日子，中秋是阖家赏月的日子。中秋，家人团聚在一起，享受相聚的时光。\r\n六月鲜，精选优质的原料，坚持六个月足期发酵，不添加防腐剂，在这阖家团圆的日子里，为每个家庭送上幸福的味道。\r\n六月鲜，让幸福变简单。幸福就是，这个中秋有两个月亮，一个是月圆，一个是团圆。月圆，看着，圆满；团圆，吃着，美满。','news_11.jpg',NULL,'','',''),
	(12,11,'','每年的农历八月十五，对于全球华人来说，不仅仅是一个时间的概念，更是对于阖家团圆的一贯向往和期盼。13年的中秋之夜，欣和六月鲜，号召大家#一起酱油吧#，将大家对于中秋祝福的力量汇聚，一起点亮上海外滩的震旦大厦和花旗银行大厦。2013年的中秋之夜，上海滩这两栋标志性的建筑物瞬间变身巨型的“六月鲜”酱油瓶。','news_12.jpg',NULL,'2013年的中秋之夜，上海外滩的震旦大厦和花旗银行大厦','',''),
	(14,13,'rgwe','rtrt\r\ndjfhjlfhsa\r\ndsf','news_14.jpg',NULL,'rtrtrt','v.youku.comv_showid_XODgxMjM0NTAw.html?from&#061;y1.3-idx-uhome-1519-20887.212790-212949.5-1.1-8-1-5-0','TEST ONLY'),
	(13,11,'','六月鲜每一滴酱油都是经过六个月的孕育而成,就像藏在我们心中的心意与情感,一点一滴积累成爱。六月鲜相信用心用情的酿造，就是让生活更有美味的秘诀。凡是用心付出，持之以恒，一定会让每个人充满正能量，创造更美好的生活。六月，不只是时间，更是用心凝聚的团圆和欢庆。','news_13.jpg',NULL,'','v.youku.comv_showid_XMTU5OTc3MjIwNA&#061;&#061;.html',''),
	(15,12,'','每年的农历八月十五，对于全球华人来说，不仅仅是一个时间的概念，更是对于阖家团圆的一贯向往和期盼。13年的中秋之夜，欣和六月鲜，号召大家#一起酱油吧#，将大家对于中秋祝福的力量汇聚，一起点亮上海外滩的震旦大厦和花旗银行大厦。2013年的中秋之夜，上海滩这两栋标志性的建筑物瞬间变身巨型的“六月鲜”酱油瓶。','news_15.jpg',NULL,'','',''),
	(16,12,'','','news_16.jpg',NULL,'2013年的中秋之夜，上海外滩的震旦大厦和花旗银行大厦','',''),
	(18,14,'','2013年度春节，欣和以其独特的创新能力以及对中国传统节日理解力，开创了别具声色的新春篇章，装满幸福“欣”年味。\r\n欣，是迎春的喜悦，是美好的祝福。\r\n欣，是繁荣，是团圆。\r\n欣，是欣和带来的满满的幸福味。','news_18.jpg',NULL,'','',''),
	(19,14,'','欣年味，是一种幸福的味道。欣和将传统的原酿工艺和现代科技相结合，让每个家庭在大年团聚之夜，可以享用高品质的调味品带来的幸福年味。','news_19.jpg',NULL,'','',''),
	(17,12,'','六月鲜每一滴酱油都是经过六个月的孕育而成,就像藏在我们心中的心意与情感,一点一滴积累成爱。六月鲜相信用心用情的酿造，就是让生活更有美味的秘诀。凡是用心付出，持之以恒，一定会让每个人充满正能量，创造更美好的生活。六月，不只是时间，更是用心凝聚的团圆和欢庆。','news_17.jpg',NULL,'','v.youku.comv_showid_XMTU5OTc3MjIwNA&#061;&#061;.html',''),
	(20,14,'','欣年味，是一种特殊的容器。它包裹着浓浓的幸福，洋溢在每个日子里。欣和，在这个春节，每个春节包装瓶里面，装满的不只是调味品，更是每家每户浓浓的幸福新年味。','news_20.jpg',NULL,'','',''),
	(21,14,'','欣年味，是一种祝福，是欣和旗下的每款产品给每个家庭带来的欣欣向荣，家和万事兴的新年祝福。','news_21.jpg',NULL,'','',''),
	(22,14,'','欣年味，更是欣和20年的坚持的精神，不断钻研美味的境界，酿造让家人感动的味道。同年，欣和也推出了新春贺岁装产品-蛇年装六月鲜，预祝大家新春愉快。','news_22.jpg',NULL,'2013春节纪念装六月鲜-蛇年装','',''),
	(23,15,'','六月的儿童节，是孩子们欢乐的等待\r\n六月的端午节，是一家人共聚一堂的期待\r\n六月的父亲节，是儿女们对父母感恩的翘首以待\r\n六月的六月鲜，坚持六个月足期发酵，六个月的静待，不只是时间，更是每一份的用心和坚持\r\n六月鲜香，亲情季，不论多忙，在这个充满亲情的季节里，记得回家和家人一起吃饭。','news_23.jpg',NULL,'','',''),
	(24,15,'','-你还记得最幸福的事情是什么么？\r\n-最幸福的事情就是一家人一起吃饭。\r\n-你还记得最好吃的菜是什么么？\r\n-妈妈做的每一道菜都好吃。\r\n六月，记得回家和家人一起吃饭','news_24.jpg',NULL,'','v.youku.comv_showid_XMTYwNTIxNzI0OA&#061;&#061;.html','欣和六月鲜，幸福每一天'),
	(25,16,'','六月鲜是国内第一个坚持六个月发酵的酱油品牌，六月鲜也是唯一专注于酱油品类的酱油品牌，六月鲜是旗下所有产品均不添加防腐剂的酱油品牌，六月鲜历经20个六个月，只为一瓶好酱油。六月鲜，以六个月的轮回孕育每一瓶酱油，在接下来的每一个六个月里。','news_25.jpg',NULL,'','',''),
	(26,16,'','精选优质的东北非转基因大豆，200天以上成长期的山东冬小麦，历经20年用爱心呵护成长起来的菌种，只为酿造出滴滴特级的品质酱油；\r\n六个月，不仅仅是对消费者的时间承诺，更是六月鲜对酿造过程的用心坚持。','news_26.jpg',NULL,'','',''),
	(27,16,'','六月鲜细心呵护每一个家庭的母亲，用心孕育健康安全的产品。发酵的过程，如同孕育的过程，期间充满了希望和美好，同样也会有担心和焦虑，我们像孕育生命一样酿造每一瓶酱油，用心去呵护每一个细节，只为一瓶好酱油。\r\n六月鲜的瓶身，如同女性优美的曲线，六月鲜的标签如同女性身前的围裙，通过围裙，我们能看到她们对于生活点滴用心的孕育。','news_27.jpg',NULL,'','',''),
	(28,16,'','六月不只是时间，更是用心孕育的过程。','news_28.jpg',NULL,'','v.youku.comv_showid_XMTYwNDE2MTA5Ng&#061;&#061;.html','六月鲜四季篇'),
	(29,17,'','每年的六月，是六月鲜的品牌月。六月鲜是国内第一款完全不添加防腐剂的自然发酵酱油，从产品生产之日起，原料就严选东北非转基因大豆，200天生长期的山东冬小麦，坚持六个月的足期发酵，像孕育生命一样酿造每一瓶酱油。\r\n酱油是属于天然发酵的产物，对于发酵的产物来说，发酵菌是尤为重要，快乐的发酵菌，活力更足，可以将原料分解出更多的风味产物，口味更加鲜美。因此，保持菌种的快乐，也是六月鲜的六个月里要认真做的一件事情。\r\n六月鲜的菌种是国内第一家听上音乐的菌种，欢快的音乐让菌种更加的快乐，会让六月鲜更加的自然鲜美。','news_29.jpg',NULL,'','',''),
	(30,17,'','2014年度六月，六月鲜与北京民谣乐队“小娟与山谷里的居民”合作，打造了一首专属于六月鲜的音乐-《六月》。\r\n“整个音乐中，我们以六拍为节奏反复，把自然大调揉进了明亮的色彩，加入吉他、钢琴、鼓、口琴、长笛、打击乐和人声，利用不同的声音层次来丰富音调，将大豆和冬小麦生长以及酱油酿造的声音点缀其中，用交错起伏的音调表达酱油在时间齿轮中酝酿的画面，从中还加入了水、以及风吹麦浪的声音，让听者可以从音乐中感受自然之美。”\r\n六月，不只是时间，更是用心孕育的自然鲜美之声。\r\n让我们一起聆听六月的声音。','news_30.jpg',NULL,'','v.youku.comv_showid_XMTYwNjQwNTUyMA==.html','为六月鲜菌种打造的专属音乐，听音乐的菌种是快乐的菌种。'),
	(31,18,'','2014年春节主题，欣和六月鲜，延续了去年的年画风格，和六月鲜标志性的窗口形状，从窗口望过去，妈妈手中的菜肴散发出来的香气，和春节氛围的场景融合在一起，烘托出了浓浓的新年的气氛，每次热闹的大年三十，都是妈妈用心盛满的幸福欣年味。','news_31.jpg',NULL,'','',''),
	(32,18,'','我们知道\r\n幸福满满，不只是年夜饭的美味\r\n更是您在厨房里，为家里每个人\r\n用心盛满的欣年味\r\n我们用心酿造每一瓶酱油\r\n为每个用心关爱家人的您','news_32.jpg',NULL,'','',''),
	(33,18,'','2014年春节，也是中国农历的传统马年，带着对千家万户的祝福，欣和六月鲜也推出了新年纪念装－马年装六月鲜，奔腾的骏马，带着新春的祝福，奔向千家万户。','news_33.jpg',NULL,'','',''),
	(34,18,'','六月，不只是时间，更是用心盛满的幸福欣年味。','news_34.jpg',NULL,'','v.youku.comv_showid_XMTYwNDA4MjAyMA&#061;&#061;.html','2014年春节六月鲜广告片'),
	(35,19,'','六月鲜与谢霆锋合作十二道锋味，是因为这两者对于梦想的理解，有着机缘巧合的相似性。做美食，是霆锋的梦想，在累积了多年的演艺生涯之后，霆锋终于决定来实现他十二岁的梦想。霆锋觉得，美食不只是“好吃”这么简单，每一道美食背后，都有一个“锋味”的故事，因此霆锋用十二种情感故事讲述了他的十二道“锋味”美食，每一道霆锋美食背后都是霆锋的用心和付出，每一道霆锋美食背后都是时间沉淀之后痕迹。\r\n六月鲜，也有一个梦想，做中国最好的酱油品牌。坚持六个月足期发酵，一路走来，对于梦想的坚持，一直未曾改变；六月鲜，像孕育生命一样酿造每一瓶酱油，相信每一瓶爱心产品的背后，都是时间的沉淀和用心的付出。\r\n美食是一个载体，，它可以承载亲情，友情，爱情………\r\n借由十二道锋味的故事，六月鲜希望陪伴更多人，去找寻属于自己的锋味美食','news_35.jpg',NULL,'','',''),
	(36,19,'','在浪漫之城杭州的凤凰山下，六月鲜为一对从大学就在一起的恋人，举办了专属他们的私人婚宴，男主人公亲手为自己心目中的公主做了一道菜肴，并许下承诺，做她一辈子的男厨。\r\n六月鲜，用心陪你的每一天。','news_36.jpg',NULL,'','v.youku.comv_showid_XMTYwNjYzNTUzMg&#061;&#061;.html','杭州锋味-六月鲜，用心陪你的每一天'),
	(37,19,'','在首都北京，六月鲜为坚持梦想的励志品牌“趁早”的女性当家人王潇打造了专属她和她的团队的私人家宴，王潇亲手为团队的成员烹饪美味的菜肴，包含着她对于创业伙伴的爱与感恩。时间是看的见，一直是我创业的理念，理想中的目标一定要用时间来兑现。\r\n正如六月鲜，六月不只是时间，更是每一位每一份的用心和坚持。','news_37.jpg',NULL,'','v.youku.comv_showid_XMTYwNjY1MTgyOA&#061;&#061;.html','北京锋味-六月鲜，时间是看的见得'),
	(38,19,'','在古都南京，六月鲜为电台主持“阿束”组织了专属他的“恰同学少年”的私人同学宴，大学年代本真的情感是时间记忆中最美好的味道，在读书的年代，同学之间最纯真的友谊，给予过彼此鼓励和支持，都念念不忘。现如今通讯发达了，交通方便了，却少有见面，但是本真的味道，一直藏在我们记忆深处。\r\n正如六月鲜，坚持六个月足期发酵，只为保留自然最本真的味道。','news_38.jpg',NULL,'','',''),
	(39,19,'','在魔都上海，十二道锋味美食齐聚一堂，每一道锋味美食背后，都是一份专属的情感故事。十二道锋味美食，十二个不同的故事。唯有时间和用心，才是自己锋味美食的最好见证。\r\n六月鲜帮助大家寻找锋味美食，只是希望每个人都拥有用时间和用心打造出的专属的锋味美食。','news_39.jpg',NULL,'','v.youku.comv_showid_XMTYwNjk3Nzc3Ng&#061;&#061;.html','上海锋味-六月鲜，不只是时间'),
	(40,19,'','六月，不只是时间，更是最好的锋味。','news_40.jpg',NULL,'','',''),
	(41,20,'','六月鲜代表着用心孕育，六月鲜也同样代表精致生活。\r\n六月鲜为美丽的女人代言，美丽女人用心去经营属于自己的美丽幸福。\r\n2015年度春节，六月鲜携手欧阳应霁、唐彦、文昊天三位不同领域的时尚设计师，打造专属于美丽女人的美丽厨装。\r\n美丽的女人心怀真性情，不论身在何地，对美丽都有着自己独到的见解，美丽女人坚持属于自己的那份美丽。','news_41.jpg',NULL,'','',''),
	(42,20,'','有一种女人是，即便赢得对手的1000个赞，也不如厨房里面小公主的1个赞。\r\n如珠宝般天生璀璨，大手牵小手，尽享点滴珍味。\r\n这款公主装围裙的设计师是欧阳应霁，他的设计理念是：“每个女人都应该是懂得宠爱自己的公主，每个女人都如同上天赐予的璀璨珠宝。大手牵小手，畅游在美丽的厨房城堡，尽享幸福亲子时光中的点点滴滴。”','news_42.jpg',NULL,'','',''),
	(43,20,'','有一种女人是，即使美貌惊艳了1000个陌生人，也不如用厨艺打动1个深爱的人\r\n如星球般低调自转，却在不经意间高调出味！\r\n这款星球装围裙的设计师是唐彦，他的设计理念是：“在设计中，我将女人比作一个星球的主体。她们不停自转，用自己独到的美形成吸引力，身边很多人也围绕着她转。宇宙浩翰，星空瑰麗，每个女人都是一个星球的主体。”','news_43.jpg',NULL,'','',''),
	(44,20,'','有一种女人是，既能做1000个人眼中的女汉子，也能成为1个人心中的美厨娘。\r\n如傲雪寒梅，美与坚毅并存，简约中绽出真味。\r\n这款女汉子装围裙的设计师是文昊天，他的设计理念是：“一个对自己有自信的美丽女人，无需太多外在的修饰，自有发自内在的韵味。就像一道美味的菜，不一定需要各种调料一应俱全，也许只是几滴鲜美的酱油，就是能简约中绽出真味。”','news_44.jpg',NULL,'','',''),
	(45,20,'','众人瞩目的女高管都有各自的美丽之道，用味道诠释自己对于美丽的理解，也是这次六月鲜号召女高管下厨的活动初衷。下厨也要美美的，看这些女高管的美丽人生之道。','news_45.jpg',NULL,'','',''),
	(46,20,'','六月鲜，如同美丽女人一般，始终坚持用一颗真心，一种真性情，做真正的好酱油。\r\n六月鲜，六月，不只是时间。','news_46.jpg',NULL,'','',''),
	(47,21,'','六月，是六月鲜的品牌月。\r\n因为六月鲜的“六”代表六个月的足期发酵，六月又同样是孕育的月份，有快乐的六一儿童节，有感恩的父亲节，有合家团圆的端午节。\r\n六月，同样是欣和另外一款核心品牌-葱伴侣六月香的生日，历经90天足期发酵的葱伴侣六月香原酿酱系列，香气十足。\r\n葱伴侣原酿酱，坚持原酿，就是这么香。\r\n不管是六个月足期发酵的六月鲜，还是诞生于六月的六月香。\r\n六月都值得被记忆的：自然是醇香，岁月慢慢酿。','news_47.jpg',NULL,'','',''),
	(48,22,'','执着的人，会用一生坚守一个承诺，无论世界多么纷繁，始终会坚持自己的真心信念，守护一份真心滋味。\r\n六月鲜的真心信念是做最好的酱油，坚定拥抱这份最初的信念，才能在二十年的岁月里，不为浮躁的外界所影响，坚定不移的坚持酿造高品质的好酱油。','news_48.jpg',NULL,'','',''),
	(49,22,'','#为真心守真味：一个人的坚持#\r\n梅子茶泡饭，酸甜，微苦，带着回甘，这就是梦想的味道。\r\n对待最初的梦想不能凑合，当你为了最初的梦想走过不同的路，尝遍不同的滋味，你才能找到最初梦想的味道-酸甜，带着微苦，还有之后的回甘。','news_49.jpg',NULL,'','',''),
	(50,22,'','#为真心守真味：两个人坚守真爱#\r\n长长久久鸡汤，要经得起等待，还要守得住坚持，这不仅是煲汤的秘诀，也是爱情的秘方。\r\n爱情是最难跑的长跑，不能靠一时兴起的加速度，而是要一步一步认真坚守，在时间里发酵，持续到永恒。用时间发酵出爱是最香浓的味道。','news_50.jpg',NULL,'','',''),
	(51,22,'','#为真心守真味：坚守生活原味#\r\n原味白灼芦笋，清新的食材本味，最接近自然，也最贴近生活的初心。\r\n都市的生活，会让我们逐渐厌倦，厌倦一成不变的世俗，厌倦失去最初的自我，复原生活本来的样子，无需多余装饰，平淡的家是最不平常的地方。平淡的天然食材原味，才是我们每日微小而平凡的幸福。','news_51.jpg',NULL,'','',''),
	(52,22,'','#为真心守真味：六月鲜，做最好的酱油#\r\n最好的酱油，守护天然食材的本味。为了这份共同的真心，有一群人在背后默默的守候。他们不仅是六月鲜的员工，更是六月鲜真心的守护者。六月鲜，不忘初心，坚持做健康、高品质的酱油，为真心，守真味。','news_52.jpg',NULL,'','',''),
	(53,23,'','每一件看起来简单的事情，是因为他太普通了，每天都会一样的出现，所以简单。\r\n正如六月鲜酱油，这个看起来最普通不过的家庭调味品，几乎出现中国千万家庭的厨房。\r\n但是每件简单的事情背后，实则是不简单。\r\n之所以简单，是因为他的背后存在太多不简单，正如六月鲜酱油。','news_53.jpg',NULL,'','',''),
	(54,23,'','我们选择不简单的原料，坚持选用东北非转基因大豆和200天生长期的山东冬小麦，坚持意味着原料产地和品质的受限，意味每一批原料的都需要反复检验。但是，我们知道，要想做一流的好酱油，把好原料，至关重要。','news_54.jpg',NULL,'','',''),
	(55,23,'','我们选择了不简单的时间，坚持六个月的发酵周期，意味着生产成本的提高，需要更多的场地和发酵罐来满足市场的需求。但是，我们知道，只有六个月发酵的酱油，无论是风味还是营养成分，才是最佳的状态。','news_55.jpg',NULL,'','',''),
	(56,23,'','我们选择了不简单的菌种培养方式，发酵是一件神奇的事情，但是神奇的背后却有着不简单秘密，那就是菌种。菌种是有活力的精灵，快乐的菌种，才可以分解出丰富的营养成分和香氛物质。为了拥有快乐的菌种，六月鲜，用爱心呵护每一个小精灵，给他们听音乐，给他们喜欢的温度，给他们恰如其分的氧气，这的确不简单。但是，我们知道，爱心是可以传递了，我们的爱心，可以通过这些精灵，传给每一瓶六月鲜，走进每一个家庭。','news_56.jpg',NULL,'','',''),
	(57,23,'','我们选择了不简单的科技工艺，一瓶酱油，背后却好多项国家专利，简单不是重复去做同样的事情，利用科技的力量，让生活更加美好。为了再降低百分之几的盐分，反复的计算，真空灌装，就为我们既想减盐，但却坚持不添加防腐剂。但是，我们知道，用爱心和科技发酵的六月鲜酱油，一定会成为世界一流的好酱油。','news_57.jpg',NULL,'','',''),
	(58,23,'','我们选择了不简单的检验标准，生产过程中的检测，出厂前的每瓶检验，各种理化指标，乃至颜色都必须要达标。但是，我们知道，只有每一瓶都达标的六月鲜，才有资格成为进入千万家庭，成为一瓶家家户户厨房里简单的酱油。','news_58.jpg',NULL,'','',''),
	(59,23,'','简单的事情，用心做，一点都不简单。\r\n虽然不简单，却很值得，因为我们知道，这每一份的不简单的用心，都会伴随着每一瓶六月鲜，走进千家万户，都会被端上餐桌，都会被吃到身体里。\r\n真因如此，我们知道，我们对你们的用心，一定不能简单，而且要一直不简单下去。\r\n六月鲜，六月不只是时间。','news_59.jpg',NULL,'','',''),
	(60,23,'','每一件看起来简单的事情，是因为他太普通了，每天都会一样的出现，所以简单。\r\n正如六月鲜酱油，这个看起来最普通不过的家庭调味品，几乎出现中国千万家庭的厨房。\r\n但是每件简单的事情背后，实则是不简单。\r\n之所以简单，是因为他的背后存在太多不简单，正如六月鲜酱油。','news_60.jpg',NULL,'','',''),
	(61,24,'','厨房在家庭的地位不可取代。传统的厨房是女人一个人的战场，充满了油烟、辛劳、和偶尔的小抱怨。但新一代的厨房不应该是这样，有厨房，生活才有滋味。因为没有什么比食物更重要，陪伴我们成长，食物承载着我们和家人们之间不可分割的情感。\r\n你永远难忘\r\n第一次和你最爱的“他”一起下厨烹饪时的甜蜜心情，一边文火慢炖，一边细聊着未来美好的一切。\r\n你永远难忘\r\n有了小天使之后，开始和老公一起学着卷起袖子下厨时的兴奋，一边手忙脚乱，一边幸福无比，新生命的到来，家又有了不一样的方向。\r\n你永远难忘\r\n每次回家，吵着要给妈妈打下手，一定要吃那道拿手菜的喜悦，一边被数落还是长不大的孩子，一边撒娇说长不大就永远陪在妈妈的身边。\r\n新年，一起下厨吧。\r\n六月鲜，这个新一代中国酱油年轻品牌，打破传统的思路，提倡“欣厨主义”，用新时代“围裙”-这个传统厨房的象征，去讲述每个家庭的情感在厨房里徐徐升温的故事。','news_61.jpg',NULL,'','',''),
	(62,24,'','新年，和“他”一起下厨吧。\r\n各自独立，却两位一体。各有各的方向，心里却都系着同一桩梦想，装着同一所屋堂。 面对面坐下，面前摆着一杯茶，永远看不腻对方。谈情如沏，岁月煎煮，细水流长。所以星星伴着月亮，故事慢慢讲；晚餐共烛光, 滋味细细尝尝。用点点滴滴，串起整个家。','news_62.jpg',NULL,'','',''),
	(63,24,'','新年，和妈妈一起下厨吧。\r\n红烧鱼，油焖虾，波点里那一道道童年心心念念的菜肴，是妈妈让你乖乖听话的绝招。 以前坐等它们上桌，如今自己揣摩，练习出妈妈的温柔。于是这一味便成了一家人的美味频率，如同不变的波形，永恒传承。味道传家，让一大家子，走得再远也放不下。 ','news_63.jpg',NULL,'','',''),
	(64,24,'','新年，带&#034;她&#034;一起下厨吧。\r\n一家即是一山，风景各异，却都稳稳当当。不论峰谷起伏，始终庇护着这方土地的一切生机。叶子簇拥成的心，是一家人和睦团结, 共同灌溉着家园，也让那只寓意童真的兔子, 美丽地成长。用家的温情眼光看向世界,千家万户如同群山连绵，岿然不动。\r\n','news_64.jpg',NULL,'','',''),
	(65,24,'','用真心，守真味。代表着你准备好一种心情，为在乎的人创造难忘的味道。\r\n六月鲜为每一个真心对待家人，认真对待生活的人守护真味。\r\n六月，不只是时间。','news_65.jpg',NULL,'','http://v.youku.com/v_show/id_XMTYxOTg4NDMwNA==.html',''),
	(66,25,'','传统的厨房是女人的空间，新时代的厨房，也是男人表达情感的战场。食物是一种情感传递的媒介，厨房一个用食物讲述情感的空间，看不同style男神们如何用他们独特的味道去讲述属于他们的情感料理。','news_66.jpg',NULL,'','',''),
	(67,25,'','“小鲜肉的双鲜美味”\r\n新鲜食材佐以俊俏容颜，这道双鲜合并的美味，定让她大快朵颐。和我在一起的每一天，都给你新鲜。','news_67.jpg',NULL,'','',''),
	(68,26,'','传统的厨房是女人的空间，新时代的厨房，也是男人表达情感的战场。食物是一种情感传递的媒介，厨房一个用食物讲述情感的空间，看不同style男神们如何用他们独特的味道去讲述属于他们的情感料理。','news_68.jpg',NULL,'','',''),
	(69,26,'','“小鲜肉的双鲜美味”\r\n新鲜食材佐以俊俏容颜，这道双鲜合并的美味，定让她大快朵颐。和我在一起的每一天，都给你新鲜。','news_69.jpg',NULL,'','',''),
	(70,26,'','“贴心暖男的暖心料理”\r\n用温情为食物加温，奉上一份暖心料理，暖到她心窝去。如果你愿意，我愿意就这样一直暖下去。','news_70.jpg',NULL,'','',''),
	(71,26,'','“欧巴大叔的深度料理”\r\n在油盐酱醋的世界展现成熟稳重，跟我一样有深度的味道，一定是她的菜，让我一直守护你。','news_71.jpg',NULL,'','',''),
	(72,26,'','下厨的男人真的很sexy，因为他们用真心烹饪，用美味示爱，守护属于他们内心的真味。\r\n六月鲜，用真心守真味。六月，不只是时间。','news_72.jpg',NULL,'','',''),
	(73,27,'','可口可乐可以做纪念装，为什么酱油不可以做纪念装。因为调味品没有人做过吗？\r\n不，时尚就是为时尚早。六月鲜先天就具备“时尚”的基因。六月鲜是国内第一款用先进的高盐稀态现代工艺发酵的酱油。六个月的足期发酵，听着音乐成长的快乐菌种。六月鲜，开创了酱油行业一个又一个时尚的先驱。为时尚早，才是时尚。\r\n新年欣禧，味聚欣和。2012年的春节，大街小巷，多了一款别具风格的六月鲜酱油-龙年装六月鲜酱油。','news_73.jpg',NULL,'','',''),
	(74,27,'','六月鲜，用为时尚早的精神，用创新时尚元素，为传统的调味品行业带来了一股时尚之风。','news_74.jpg',NULL,'','',''),
	(75,28,'','午餐是支撑城市白领“朝九晚五”的“核心”能量，古语有“早吃好、中吃饱、晚吃少”的说法，如今快节奏的生活，完全打乱了节奏，尤其是身在职场的你，为了一份企划案、一个设计稿、约定的交货期……伏案工作，竟全然忘记午餐时间已经到了，一份盒饭、甚至一桶泡面就打发了自己，你知道吗？午饭是不能“掉链子”的。\r\n可是午餐吃什么？这也成了你头疼的问题，大负荷的工作量让你没有时间来思考午餐吃什么就已到了12点，即便如此，也请你正视自己的午餐。\r\n黄飞红联合百度外卖发起“你知道我在关心你吗？”白领关爱行动，50000包麻辣花生空降京城，让白领告别乏味的生活以及单调午餐，功夫美味，对味更对“胃”。\r\n','news_75.jpg',NULL,'','',''),
	(76,29,'','有个爱你、甘愿陪你在家看电视的人，虽不能说是完美情人，但他一定是无可取代的；吃货的你总是在下班的路上盘算着，晚上的小零食和小亲密，为他下的功夫；这一刻，只有黄飞红的经典才配记得；\r\n两个人窝在沙发里，那些偶尔亲密的动作都记忆犹新，这一刻，你会永远记得；偶尔也会因看球赛、没有爱吃的黄飞红而吵到脸红，但是你始终坚信，你们是彼此无可取代的对方；\r\n是的，无可取代，正如黄飞红。\r\n','news_76.jpg',NULL,'','',''),
	(77,30,'','过去都说读万卷书行万里路，今天应该是行万里路读万卷书;自己去感受……\r\n那旅行的意义何在呢？\r\n有人说：\r\n你可以在旅行中看到很多前所未见的东西\r\n那些曾经只在电视上出现的动物，非洲草原上优雅的长颈鹿，熊孩子式的小狮子\r\n他们很漂亮，拥有远超你想象的活力\r\n仅此而已\r\n谈不上有何意义\r\n但是\r\n这个世界如此的丰富和多元，请你一定要走出去，去发现不同，去感受自己的渺小，去寻找某种只有自己才能捕捉的信号——这是上帝给我们的，相信我，这会受益终生！\r\n一包黄飞红绝不是旅行中不能缺少的\r\n但是它会给你的旅行生活留下不同的色彩\r\n就像生活中每个一闪而过的镜头一样\r\n不是刺激了你的大脑，就是刺激了你的味蕾,\r\n功夫与美味同行，出游吧，就现在！\r\n','news_77.jpg',NULL,'','http://v.youku.com/v_show/id_XMTY3NzU0OTU5Mg==.html',''),
	(78,31,'','醯官醋泡制柠檬，里面藏着的是一罐让人变白的小秘密；醯官醋泡制葡萄，惹人欢喜的不仅是晶莹剔透的葡萄粒，还有抗衰老抗氧化的神奇功效；\r\n醯官醋遇上水果，美丽故事就开始了。\r\n','news_78.jpg',NULL,'','',''),
	(79,31,'','醋泡黑豆，都说是长辈的养生秘方；无添加未过滤的醯官醋遇上黑豆，让滋补更多一分安心。','news_79.jpg',NULL,'','',''),
	(80,31,'','醯官醋泡制玫瑰花，听起来都有爱情的味道，其实每天一杯醯官玫瑰醋不仅可以舒缓压力还有助于睡眠。','news_80.jpg',NULL,'','',''),
	(81,31,'','美丽的人儿啊，跟我们一起吃醋吧。','news_81.jpg',NULL,'','',''),
	(82,32,'','2012年，【醯官】品牌诞生了\r\n醯官，是古代专门负责酿醋的官员\r\n醯官，一生只做一件事情，酿好一瓶醋\r\n最初，我们怀着一颗酿造一瓶好醋的初衷创办了这个品牌\r\n因为在这个行业，有太多不法的商家，只为赚取利润，而泯灭了良知\r\n我们为什么不可以，本本分分，真心真意，去做一瓶最纯粹的好醋呢？\r\n醋为什么不能就是他们原来的样子，只是安静的发酵，静静的沉淀，慢慢的成熟\r\n我们以“醯官”之名，用心酿醋\r\n我们只做一件最简单的事情，做一瓶纯粹的好醋\r\n','news_82.jpg',NULL,'','',''),
	(83,33,'','只有懒女人，没有丑女人。女人爱美的方式有很多种，内外皆养，才是上上策。','news_83.jpg',NULL,'','',''),
	(84,33,'','“醋”是天然的良药，可以很好地平衡身体内的酸碱值。从有关醋的记载开始，醋就不单单只是一款调味品，历代的医书里都有关于“醋疗”的记载。到了现代，醋却一直被单纯的用作厨房调味品，着实浪费。\r\n其实，“吃醋”是一种很好的食疗方法。\r\n“泡醋”，使原本很酸的醋，摇身变成了美味的健康饮品。100%大米酿造的原浆米醋，能很好的萃取水果中天然的营养成分和香气。加上清香顺滑的蜂蜜，还有一份对生活的用心和热爱，一定会让您变得更加的自信和美丽。\r\n','news_84.jpg',NULL,'','http://v.youku.com/v_show/id_XMTY4MTY0NjU0MA==.html',''),
	(85,34,'','火龙果的热情加上柠檬的清新，是这个夏天必备的醯官消暑醋饮。','news_85.jpg',NULL,'','',''),
	(86,34,'','醯官泡制出的青柠和薄荷醋饮，只是说出来就已经感受到丝丝凉意，谁说夏天一定要冰镇？','news_86.jpg',NULL,'','',''),
	(87,34,'','万能的醯官米醋撞上浓郁的蓝色浆果，少了一分清新的颜色，倒是多了几分娓娓道来的故事。\r\n调一杯醯官果醋，我们坐下来好好聊。\r\n','news_87.jpg',NULL,'','',''),
	(88,36,'','静待着一罐山楂醋的成熟，仔细观察你会惊奇的发现最开始的泡制山楂和醋是上下分开的，随着时间的流逝，慢慢的变成粉色，而后浅红色再到醯官醋和山楂融合在一起的大红色。我们用心酿醋，也用最真的米醋感悟秋天的成熟。','news_88.jpg',NULL,'','',''),
	(89,35,'','','news_89.jpg',NULL,'','',''),
	(90,35,'','醯官用发酵的方式，收纳了最好的原产地的原料。云南墨江的紫米，紫红醇厚浓香，静静的发酵成为酒红色的原浆紫米醋。东北黑土地的大米，米香四溢，天然的发酵，原浆的酸，保留了最原始的味道。烟台的苹果，四海扬名，不添加任何香料，就那样的等待，变成酒，再变成醋。醯官，用最简单的发酵方式，保留了最真的味道。用他们来泡制当季的水果、花草，气味的融合，也是智慧的绽放。这种智慧属于美丽的女人。美丽的女人不只是她容颜上的美丽，而是她更懂得如何去美丽的生活。\r\n好物好事要和朋友一起分享，醯官的美丽秘密更要去跟闺蜜分享。\r\n','news_90.jpg',NULL,'','',''),
	(91,35,'','美食，美景，美饮，美丽的秘密，都要与她分享，才更快乐。\r\n醯官醋，与闺蜜分享美丽的秘密。\r\n\r\n','news_91.jpg',NULL,'','',''),
	(92,37,'','『原浆』只与时间合作，重现醋的本来滋味\r\n无添加 无过滤 无勾兑\r\n成就一瓶原浆，靠的不仅是时间，精选优质可靠原料，拒绝任何调和工艺与额外添加，\r\n以简单的步骤工，完成从原料到成品的蜕变，\r\n这是时间与精力的投入，\r\n但我们宁愿这样，必须这样，也会一直坚持这样，\r\n只为每一口，都能感念纯粹的味道。\r\n“泡醋”，使原本很酸的醋，摇身变成了美味的健康饮品。当醯官原浆醋系列，遇上当季的水果、花草，迸发出奇妙的美味灵感，加上清香顺滑的蜂蜜，还有一份用心和热爱，幸福扑面而来。\r\n\r\n','news_92.jpg',NULL,'','',''),
	(93,37,'','用心生活，才是保持一生美丽的奥秘。\r\n当下厨房不再是劳作，而成为享受，当醋不再是简单调味，而是实现创意料理的小秘密，\r\n当静下心，把对生活的爱注入到用醯官精心制作的美味之中，\r\n当美丽不只有清新脱俗，也略微沾染了人间烟火，\r\n生活里那些久违的温馨与美好，就此出现。\r\n\r\n爱无添加，\r\n三月女人节，喝出无添加的美。\r\n','news_93.jpg',NULL,'','',''),
	(94,38,'','夏天，本该人美衣靓，守着WIFI，抱着西瓜，无奈温度节节攀升，叫人昏昏欲睡，不思饮食。如果又担心一杯饮料下去，热量太多？那醯官泡醋绝对是让你最舒服的选择。\r\n当片片的绿色柠檬与醯官米醋融合，释放出的舒爽味道相信会让你展露笑颜。','news_94.jpg',NULL,'','',''),
	(95,38,'','想要更快感受？那醯官醋原浆苹果醋是你不二选择。纯果汁发酵，富含维C，为你补充能量，想你所想，再告诉你一个不会皱眉的调制比例，让你知道醯官与夏天是多么相配。\r\n醯官苹果醋：蜂蜜：水=1：2：16\r\n','news_95.jpg',NULL,'','',''),
	(96,38,'','请相信，果醋+冰块，才是舒爽夏日的标配！\r\n这个夏天，跟朋友一起，泡醋喝吧！\r\n','news_96.jpg',NULL,'','',''),
	(98,33,'','做个美丽女人，从泡醋开始。醯官原浆醋，喝出最美的自己。','news_98.jpg',NULL,'','',''),
	(99,41,'','“禾然有机”创立于2002年，作为中国第一个有机调味品品牌，秉持一份善待自然的信念与责任，践行有机，倡导有爱有心意的品牌主张；\r\n     10余年来，坚持用最好的有机原料让更多东北黑土地免受化学物质的伤害；\r\n     10余年来，坚持用最先进的酿造工艺为更多家庭提供安全营养的美味；\r\n     10余年来。坚持用最真挚的心意亲身实践并推广有机天然的生活方式。 \r\n','news_99.jpg',NULL,'','',''),
	(97,32,'','在做醋的过程中，我们惊奇的发现，醋凝结了太多人类的智慧\r\n但却因为种种的原因，如今，它仅被单纯的当成了一味调味品\r\n醋有太多神奇的功效，不仅是中国历史上的醋，还有世界各地的名醋，都是非常健康的饮品，可以让人变得健康，美丽，自信\r\n醯官，应运而生，为了一辈子的美丽\r\n','news_97.jpg',NULL,'','',''),
	(100,41,'','  历经10余年的发展，“禾然有机”已经成为了中国有机调味品市场的第一品牌，产品涵盖有机酱油、有机糙米醋、有机豆瓣酱、有机淡盐酱油、有机儿童酱油以及有机山茶油、有机橄榄油、蜂蜜等多系列产品。我们始终秉承，以孕育生命的爱意酿造每一滴产品，以描绘艺术品的快乐传播每一个品牌。\r\n    这就是一直在努力的禾然有机——HONA ORGANIC  \r\n\r\n','news_100.jpg',NULL,'','',''),
	(101,42,'','有机，即遵循自然规律，是与自然万物和谐共处的种植方式。有机将土壤、植物、动物和人类重新安置在生物链的本来位置，我们的责任是使土地孕育出比原来更多的生命，而不做破坏，不妄为，这也是我们要对土地的承诺。坚持以人为本，遵循自然，通过科技创新为消费者提供天然、健康、美味的有机食品，并不断传播和倡导全球领先的有机生活理念，这是我们对客户承诺的真心意。\r\n\r\n春始生机勃发\r\n','news_101.jpg',NULL,'','',''),
	(102,42,'','夏盛自然郁郁葱葱','news_102.jpg',NULL,'','',''),
	(103,42,'','秋实大地的馈赠','news_103.jpg',NULL,'','',''),
	(104,42,'','冬蕴万物收敛蛰藏','news_104.jpg',NULL,'','',''),
	(105,43,'','自2011年起，禾然有机联手“中国有机第一人”胡删老师发起的“有机日”，至今已经五年了，现已有千余家企业加入到有机事业中，国内有机产业蓬勃发展。禾然有机一直秉持一份善待自然的信念与责任，践行有机，倡导乐活自然生活。\r\n\r\n过一天有机生活，让我们与地球共同健康（2012年）\r\n','news_105.jpg',NULL,'','',''),
	(106,43,'','过一天有机生活，疼惜地球母亲（2013年）','news_106.jpg',NULL,'','',''),
	(107,43,'','用消费的力量，支持有机农业的发展（2014年）','news_107.jpg',NULL,'','',''),
	(108,43,'','消费有机保护地球—我们在行动（2015）','news_108.jpg',NULL,'','',''),
	(109,44,'','从2013年开始，禾然通过上海纽伦堡国际有机食品展会募集公益基金，发起享心意美食，圆云南哈尼族小朋友艺术梦想的活动！我们汇聚大家的心意，为云南哈尼族的小朋友们添置书桌、板凳、绘本，圆孩子们艺术梦想！','news_109.jpg',NULL,'','',''),
	(110,44,'','2014年我们一起圆了哈尼族小朋友的艺术梦，为他们置办了桌子、板凳和种类丰富的绘本。在整齐干净的桌子上，坐着稳定的板凳，看着美好的绘本，描画着心中的艺术画，你看他们画的多美！','news_110.jpg',NULL,'','',''),
	(111,44,'','2015年禾然有机发起，BIOFACH CHINA提供平台，各大爱心品牌联合赞助心意食诚有机餐厅，我们一起圆了哈尼族小朋友的图书馆梦，与碧溪绘本图书馆联合发起“田间乡里图书馆”系列乡村阅读公益项目，将馆内阅读延伸为户外阅读、乡寨里的阅读乃至田间林下的阅读，让书香溢满乡寨、洒向田间，让读书声回荡在哈尼族小乡！','news_111.jpg',NULL,'','',''),
	(112,44,'','2016年，随着孩子们年龄的增长，已经不止于绘本了，想更多地学习知识，因此，这次我们圆他们的知识梦！','news_112.jpg',NULL,'','',''),
	(113,46,'','自2011年起，禾然有机联手“中国有机第一人”胡删老师发起的“有机日”，至今已经五年了，现已有千余家企业加入到有机事业中，国内有机产业蓬勃发展。禾然有机一直秉持一份善待自然的信念与责任，践行有机，倡导乐活自然生活。\r\n\r\n过一天有机生活，让我们与地球共同健康（2012年）\r\n','news_113.jpg',NULL,'','',''),
	(114,46,'','过一天有机生活，疼惜地球母亲（2013年）','news_114.jpg',NULL,'','',''),
	(115,46,'','用消费的力量，支持有机农业的发展（2014年）','news_115.jpg',NULL,'','',''),
	(116,46,'','消费有机保护地球—我们在行动（2015）','news_116.jpg',NULL,'','',''),
	(117,47,'','从2013年开始，禾然通过上海纽伦堡国际有机食品展会募集公益基金，发起享心意美食，圆云南哈尼族小朋友艺术梦想的活动！我们汇聚大家的心意，为云南哈尼族的小朋友们添置书桌、板凳、绘本，圆孩子们艺术梦想！','news_117.jpg',NULL,'','',''),
	(118,47,'','2014年我们一起圆了哈尼族小朋友的艺术梦，为他们置办了桌子、板凳和种类丰富的绘本。在整齐干净的桌子上，坐着稳定的板凳，看着美好的绘本，描画着心中的艺术画，你看他们画的多美！','news_118.jpg',NULL,'','',''),
	(119,47,'','2015年禾然有机发起，BIOFACH CHINA提供平台，各大爱心品牌联合赞助心意食诚有机餐厅，我们一起圆了哈尼族小朋友的图书馆梦，与碧溪绘本图书馆联合发起“田间乡里图书馆”系列乡村阅读公益项目，将馆内阅读延伸为户外阅读、乡寨里的阅读乃至田间林下的阅读，让书香溢满乡寨、洒向田间，让读书声回荡在哈尼族小乡！','news_119.jpg',NULL,'','',''),
	(120,47,'','2016年，随着孩子们年龄的增长，已经不止于绘本了，想更多地学习知识，因此，这次我们圆他们的知识梦！','news_120.jpg',NULL,'','',''),
	(121,40,'','食物是传递爱的工具\r\n人生很多美妙的事情发生的时候\r\n都会有食物同在\r\n爱与进食是最美妙的链接\r\n亲手制作的养生醋方让食物多了一份私藏的情愫\r\n包含了制作者的用心 甚至情谊\r\n多做一些还可以分赠亲友\r\n当装着满满心意的瓶瓶罐罐从自己家离开\r\n又装满了别人的手作心意回来\r\n感受如此的奇妙和慷慨','news_121.jpg',NULL,'','',''),
	(122,48,'','旅行是一个自我发现的过程。\r\n旅行不仅让我们看到世界\r\n也能让我们审视到自己的心灵\r\n生命本身就是一场旅行，\r\n让我们遵循心灵的归属，\r\n引领我们去往前方。\r\n\r\n','news_122.jpg',NULL,'','',''),
	(123,49,'','“简”不是省略，而是经过思考的设计。\r\n“简烹”是在烹饪过程中不使用非天然、不安全的添加剂，而改用天然食材、调味品制作色、香、味俱全且营养健康的菜肴，在0添加的安全基础上，要求更符合快节奏都市人的便捷性和享受食物带给我们的愉悦感。\r\n遵循自然倡导“简烹”理念，即利用无添加的天然调味品通过简约的烹饪方式，烹制天然食材，以享受食物的本源真味。\r\n我们在快与质的平衡中享受简单真实的生活，烹饪亦如此，新鲜能量食材搭配无添加优质调味品，只用最简单的烹饪方式，即可享受真正食物真实味道。\r\n\r\n','news_123.jpg',NULL,'','',''),
	(124,50,'','这个情人节，我把“我”送你','news_124.jpg',NULL,'','',''),
	(125,50,'','这个引诱我萌照的美味\r\n是我为你的私人订制\r\n','news_125.jpg',NULL,'','',''),
	(126,50,'','独一无二的酱只给独一无二的你\r\n亲爱的，你愿意吃定“我”么？\r\n','news_126.jpg',NULL,'','',''),
	(127,51,'','擦肩而过的姑娘在台上尽情舞蹈\r\n隔壁班帅哥的钢琴曲让人魂牵梦绕\r\n一万人在广场齐声高唱\r\n比我曾经无数次的想象还要躁！\r\n你以为这就是活动的全部？\r\n那你想象的还太少！\r\n整车的美食早已经备好\r\n没想到一辆卡车还可以改装的这么潮！\r\n我分明看到车上的美女在朝我微笑\r\n等等……酱油还能做冰淇淋？\r\n你确定这道菜的名字叫恋爱甜蜜鸡腿堡？ \r\n再也忍不住往朋友圈来上一条：大学，你好！\r\n','news_127.jpg',NULL,'','',''),
	(128,51,'','有所思冠名山东工商学院第十届相声小品脱口秀大赛。用简单的调调吐槽这复杂的社会，让大学生们感受这世界的美妙和新奇。\r\n“说着玩的”，说好玩的！\r\n','news_128.jpg',NULL,'','',''),
	(129,52,'','2月16日早晨，在烟台市政协十二届五次会议正式开幕前，记者采访到了姜军武。 “孩子是未来的希望，他们的食品安全问题不仅关乎到个人健康，也是整个社会未来发展的基础。”姜军武告诉记者，他今年带来了加强学校食堂建设管理问题的提案，学生的一日三餐基本上都在食堂获得，经过几年的调研，他发现学校食堂的建设管理问题确实是一个非常大的问题。\r\n“欣和是一个做食品的企业，经过20多年的发展，在调味品领域也取得了一点点的成绩，所以特别关注食品安全方面的一些课题，我们平时会做一些为贫困学校捐款的公益活动，但更应该从本职的角度出发，如何让孩子们吃的健康，这对我们来说是非常重要的事情。”姜军武表示，现在很多学校食堂食品安全存在较大隐患，食堂相关人员食品安全意识淡薄，大多数食品从业人员缺乏食品安全知识，未按规定配备专职食品安全管理员。另外，为了追求经济利益，食堂的原料采购渠道也存在着很大的隐患。\r\n鉴于上述情况，姜军武认为如何让孩子吃的安心，吃的健康，吃的科学存在着相当大的挑战。随着物质生活水平越来越高，人们可支配的收入也在增加，整个教育系统是非常庞大的平台，要想驱动学校食堂的改变是需要社会各方面共同去努力才能实现的目标。\r\n在姜军武看来，关注孩子的食品安全是全社会下的一盘大棋，并不是仅仅依靠欣和的力量，而是需要社会各方的共同努力。令他感到欣慰的是，目前，他的提案已经得到了市政府以及教育主管部门的积极响应，各方也在非常务实的谈论如何真正的去改善这个问题。\r\n分享：坚持参与食安活动的出发点\r\n“民者，国之根也，诚宜重其食，爱其命。”从古至今，“民以食为天”是我们永恒的话题，食品安全大于天，食品安全重于山。采访中，记者了解到，欣和多年来一直积极参与食品安全的活动，并且在国内食品企业中走在前列。\r\n对此，姜军武表示，中国改革开放的30年来，经济建设飞速发展，老百姓也从“吃不饱”逐渐转变为可以“吃得起”、“吃得好”、“吃得放心”。这就更得让整个食饮行业处于监管中，确保吃上放心食品。\r\n“食品安全事件不仅刺痛着我们脆弱的神经，更拷问着生产企业的道德底线以及监管部门的法治力量。一个优秀的食品企业所追求的终极目标，不应该只是利润，在追求利润的同时，还应该有社会责任感，让大众去信任我们的产品是安心的安全的，这是欣和想成为百年企业的一个基础。”姜军武坦言，实际上食品安全并不是轻易就可以做到的，安全就要有一个全产业链的管理包括对供应商和生产团队的影响。为了实现这个目标，欣和企业构建了专业、科学的食品安全保障体系，不但拥有业内首家通过CNAS认可的实验室，更实现了对“从农场到餐桌”TQM（全面质量管理）的现代食品安全化管理。\r\n据悉，每年的国家食安周活动，欣和是山东省唯一获邀的食品企业，连续三年在山东省食安周活动中，作为标杆企业分享交流经验。在姜军武看来，这不仅是对欣和的一种荣誉和认可，更重要的是一种督促，相信欣和未来在食品安全方面能够给消费者一个很好的产品和承诺。\r\n行动：推动食安中国 欣和在路上\r\n《中华人民共和国食品安全法》已经正式实施，新《食品安全法》明确了监管责任划分并提高了处罚力度，对违法的食品生产者和经营者会通过多渠道的媒体向全社会进行公开的通报，被称为“史上最严”食品安全法。\r\n姜军武说，一些不正规的、违法操作的食品企业将会在新《食品安全法》监管下逐渐倒闭并退出这个行业，但是作为经营正规的、食品质量安全把关严格的食品企业如何能够和消费者一起推动食安向前发展还是一件任重道远的事情。\r\n欣和立志从更广泛的饮食生态入手，改善食物从源头到餐桌过程中的每一个环节，包括食物的来源、生产加工的方式，以及所有与饮食相关的体验。正如姜军武表示，欣和要想成为百姓信赖的品牌，从基础抓起，从一点一滴的做好每件事情，推动食安中国，欣和一直在行动。（来源齐鲁网）\r\n','news_129.jpg',NULL,'','',''),
	(130,54,'','3月26日上午9点，在开发区滨海路城市展示中心广场，随着一声发令枪响，备受各界关注的烟台市第二十届迎春长跑暨第一届“欣和杯” 金沙滩马拉松赛正式拉开帷幕。数千名跑步爱好者及机关企事业单位职工参加了本次活动，伴随着涛声和浪花快乐奔跑，体验来自沙滩运动的速度与激情。大众网、水母网以及烟台体育网均对本次活动进行报道。','news_130.jpg',NULL,'','',''),
	(131,54,'','作为烟台市今年的全民健身开春大戏，“欣和杯”马拉松比赛自然受到了烟台各界的广泛关注，而烟台欣和企业食品有限公司作为冠名单位，欣和将健康的生活理念带到了活动现场，受到市民的广泛好评。','news_131.jpg',NULL,'','',''),
	(132,54,'','在马拉松活动现场，欣和带来一种新的生活态度、健康的生活理念，给比赛增添了别样的色彩。作为调味品行业的佼佼者，欣和用过去的20年、从每个家庭餐桌上的调味品证明了自己的坚持，不仅在改变行业，更是引领着饮食生态系统的改善，成为食品行业中人人尊重的企业。“跑马拉松贵在坚持，通过参加本次马拉松活动，我们就是要把这种跑马拉松的坚持精神带到现场，坚持做自己的事业，将一种新的生活态度，一种乐观、积极、健康的姿态，一种倡导健康生活的理念，传递给烟台市民。”欣和企业相关负责人在马拉松现场介绍说。\r\n“我们家的调味品就一直使用欣和，欣和酿造的调味品一直在进步中，从简简单单的酱油发展到了现在，真是了不起。”参赛选手李女士说，欣和的食品吃起来放心，很健康。\r\n“自己不吃就不要卖给消费者”，秉承着这样的理念，欣和待消费者如家人。2016年1月，欣和企业公布了最新LOGO 及品牌标识系统，作为新的出发，欣和希望改善食物从源头到餐桌过程中的每一个环节，重塑人与食物的关系，给地球多一份责任，给未来留下蓝天和净土，与志同道合的伙伴一起推动可持续的饮食新生态。(来源大众网、水母网、烟台体育网)\r\n','news_132.jpg',NULL,'','',''),
	(133,55,'','2016年春节，六月鲜和上海本土设计师 HELEN LEE 合作，设计了三款“新年围裙”。由此打响了“新年，一起下厨吧”社交营销战役。搜狐网、界面分别对这次跨界营销进行了报道。','news_133.jpg',NULL,'别人把厨房列为孩子的禁地，我陪她把厨房变成挥洒好奇心的天地','',''),
	(134,55,'','','news_134.jpg',NULL,'从前只懂得坐等妈妈的味道，现在想要亲手做出妈妈的味道','',''),
	(135,55,'','','news_135.jpg',NULL,'太多次约会是陪她下馆子，这一次约会是陪她下厨','',''),
	(136,55,'','和设计师品牌合作，这在朴实无华的调料界可不常见。印象中，大多数酱油广告都在强调产品质量、加工工艺，面向的也都是妈妈级人群。 \r\n这个有点“出格”的跨界和六月鲜的市场定位有关。六月鲜是烟台欣和企业旗下的酱油品牌，目标人群以中产阶级为主，定位偏中高端。根据六月鲜提供的消费者调查数据，他们的消费者中 60% 是 25-35 岁的年轻高学历女性。 \r\n目前国内市场上主流酱油的价格在 8 元左右，而六月鲜的产品定价在 12 - 28 元。从市场份额上看，六月鲜还比不上海天这种酱油大户，但它在高端酱油市场的占有率排在第一。 \r\n所以你会看到，六月鲜这次营销没有把重点放在产品本身，而是强调设计感和情感连接，面向的也是年轻女性群体。在“为真心，守真味”的主题下，三款围裙对应的场景分别是：80 后三口之家、母女两代人一起下厨、未婚的年轻白领和爱的人一起下厨。\r\n“厨房已经不再只是传统意义上烹饪食物、妈妈一个人辛苦做家务的地方，而更多是家人、朋友情感交流的空间。而围裙与调味品一样都是下厨房的代表性物品，传统的围裙无论款式与图案都更像工作装，让人一看就联想到油烟、各种辛苦，无法让人联想到”情感交流”的美好愉悦感。”六月鲜公关经理李玮向《好奇心日报》阐述了这次的营销创意。  \r\n实际上从去年春节开始，六月鲜就做过关于围裙的营销，请来美食家欧阳应霁等人设计围裙。当时，在社会化媒体上的总曝光量达到 6.9 亿次，话题阅读量 1.7 亿，互动参与量达 132 万次。不过去年是从女性的角度出发，喊出“下厨也可以美美的”口号，今年主打的是“家”的概念。\r\n除了在几个主要城市的地铁、公交站亭投放了线下广告，六月鲜将传播渠道重点放在了微信、微博、美食 app 等社会化媒体上。在线下卖场，春节也是酱油购买的高峰，六月鲜会在全国 50 个城市近千家超市里给六月鲜酱油瓶穿上围裙装，并组织手机摇一摇得 HELEN LEE 限量款围裙装的活动。 （来源：搜狐、界面）\r\n','news_136.jpg',NULL,'','',''),
	(137,56,'','提案：孩子的食品安全问题是重中之重\r\n2月16日早晨，在烟台市政协十二届五次会议正式开幕前，记者采访到了欣和企业副总经理姜军武。 “孩子是未来的希望，他们的食品安全问题不仅关乎到个人健康，也是整个社会未来发展的基础。”姜军武告诉记者，他今年带来了加强学校食堂建设管理问题的提案，学生的一日三餐基本上都在食堂获取，经过几年的调研，他发现学校食堂的建设管理问题确实是一个非常大的问题。\r\n','news_137.jpg',NULL,'','',''),
	(138,56,'','“欣和是一个做食品的企业，经过20多年的发展，在调味品领域也取得了一点点的成绩，所以特别关注食品安全方面的一些课题，我们平时会做一些为贫困学校捐款的公益活动，但更应该从本职的角度出发，如何让孩子们吃的健康，这对我们来说是非常重要的事情。”姜军武表示，现在很多学校食堂食品安全存在较大隐患，食堂相关人员食品安全意识淡薄，大多数食品从业人员缺乏食品安全知识，未按规定配备专职食品安全管理员。另外，为了追求经济利益，食堂的原料采购渠道也存在着很大的隐患。\r\n鉴于上述情况，姜军武认为如何让孩子吃的安心，吃的健康，吃的科学存在着相当大的挑战。随着物质生活水平越来越高，人们可支配的收入也在增加，整个教育系统是非常庞大的平台，要想驱动学校食堂的改变是需要社会各方面共同去努力才能实现的目标。\r\n在姜军武看来，关注孩子的食品安全是全社会下的一盘大棋，并不是仅仅依靠欣和的力量，而是需要社会各方的共同努力。令他感到欣慰的是，目前，他的提案已经得到了市政府以及教育主管部门的积极响应，各方也在非常务实的谈论如何真正的去改善这个问题。\r\n出发点：坚持参与食安活动\r\n“民者，国之根也，诚宜重其食，爱其命。”从古至今，“民以食为天”是我们永恒的话题，食品安全大于天，食品安全重于山。采访中，记者了解到，欣和多年来一直积极参与食品安全的活动，并且在国内食品企业中走在前列。\r\n对此，姜军武表示，中国改革开放的30年来，经济建设飞速发展，老百姓也从“吃不饱”逐渐转变为可以“吃得起”、“吃得好”、“吃得放心”。这就更得让整个食饮行业处于监管中，确保老百姓吃上放心食品。\r\n“食品安全事件不仅刺痛着我们脆弱的神经，更拷问着生产企业的道德底线以及监管部门的法治力量。一个优秀的食品企业所追求的终极目标，不应该只是利润，还应该有社会责任感，让大众去信任我们的产品是安全的，这是欣和想成为百年企业的一个基础。”姜军武坦言，实际上食品安全并不是轻易就可以做到的，安全就要有一个全产业链的管理包括对供应商和生产团队的影响。为了实现这个目标，欣和企业构建了专业、科学的食品安全保障体系，不但拥有业内首家通过CNAS认可的实验室，更实现了对“从农场到餐桌”TQM（全面质量管理）的现代食品安全化管理。\r\n据悉，每年的国家食品安全周活动，欣和是山东省唯一获邀的食品企业，连续三年在山东省食品安全周活动中，作为标杆企业分享交流经验。在姜军武看来，这不仅是对欣和的一种认可，更重要的是一种督促，相信欣和未来在食品安全方面能够给消费者一个更好的产品和承诺。\r\n行动：推动食安中国 欣和在路上\r\n《中华人民共和国食品安全法》已经正式实施，新《食品安全法》明确了监管责任划分并提高了处罚力度，对违法的食品生产者和经营者会通过多渠道的媒体向全社会进行公开的通报，被称为“史上最严”食品安全法。\r\n姜军武说，一些不正规的、违法操作的食品企业将会在新《食品安全法》监管下逐渐倒闭并退出这个行业，但是作为经营正规的、食品质量安全把关严格的食品企业如何能够和消费者一起推动食安向前发展还是一件任重道远的事情。\r\n欣和立志从更广泛的饮食生态入手，改善食物从源头到餐桌过程中的每一个环节，包括食物的来源、生产加工的方式，以及所有与饮食相关的体验。正如姜军武表示，欣和要想成为百姓信赖的品牌，从基础抓起，一点一滴的做好每件事，推动食安中国，欣和一直在行动。（来源齐鲁网）\r\n','news_138.jpg',NULL,'','',''),
	(139,56,'','','news_139.jpg',NULL,'','',''),
	(142,58,'','2月16日早晨，在烟台市政协十二届五次会议正式开幕前，记者采访到了欣和企业副总经理姜军武。 “孩子是未来的希望，他们的食品安全问题不仅关乎到个人健康，也是整个社会未来发展的基础。”姜军武告诉记者，他今年带来了加强学校食堂建设管理问题的提案，学生的一日三餐基本上都在食堂获取，经过几年的调研，他发现学校食堂的建设管理问题确实是一个非常大的问题。','news_142.jpg',NULL,'','',''),
	(141,57,'','“欣和是一个做食品的企业，经过20多年的发展，在调味品领域也取得了一点点的成绩，所以特别关注食品安全方面的一些课题，我们平时会做一些为贫困学校捐款的公益活动，但更应该从本职的角度出发，如何让孩子们吃的健康，这对我们来说是非常重要的事情。”姜军武表示，现在很多学校食堂食品安全存在较大隐患，食堂相关人员食品安全意识淡薄，大多数食品从业人员缺乏食品安全知识，未按规定配备专职食品安全管理员。另外，为了追求经济利益，食堂的原料采购渠道也存在着很大的隐患。\r\n鉴于上述情况，姜军武认为如何让孩子吃的安心，吃的健康，吃的科学存在着相当大的挑战。随着物质生活水平越来越高，人们可支配的收入也在增加，整个教育系统是非常庞大的平台，要想驱动学校食堂的改变是需要社会各方面共同去努力才能实现的目标。\r\n在姜军武看来，关注孩子的食品安全是全社会下的一盘大棋，并不是仅仅依靠欣和的力量，而是需要社会各方的共同努力。令他感到欣慰的是，目前，他的提案已经得到了市政府以及教育主管部门的积极响应，各方也在非常务实的谈论如何真正的去改善这个问题。\r\n出发点：坚持参与食安活动\r\n“民者，国之根也，诚宜重其食，爱其命。”从古至今，“民以食为天”是我们永恒的话题，食品安全大于天，食品安全重于山。采访中，记者了解到，欣和多年来一直积极参与食品安全的活动，并且在国内食品企业中走在前列。\r\n对此，姜军武表示，中国改革开放的30年来，经济建设飞速发展，老百姓也从“吃不饱”逐渐转变为可以“吃得起”、“吃得好”、“吃得放心”。这就更得让整个食饮行业处于监管中，确保老百姓吃上放心食品。\r\n“食品安全事件不仅刺痛着我们脆弱的神经，更拷问着生产企业的道德底线以及监管部门的法治力量。一个优秀的食品企业所追求的终极目标，不应该只是利润，还应该有社会责任感，让大众去信任我们的产品是安全的，这是欣和想成为百年企业的一个基础。”姜军武坦言，实际上食品安全并不是轻易就可以做到的，安全就要有一个全产业链的管理包括对供应商和生产团队的影响。为了实现这个目标，欣和企业构建了专业、科学的食品安全保障体系，不但拥有业内首家通过CNAS认可的实验室，更实现了对“从农场到餐桌”TQM（全面质量管理）的现代食品安全化管理。\r\n据悉，每年的国家食品安全周活动，欣和是山东省唯一获邀的食品企业，连续三年在山东省食品安全周活动中，作为标杆企业分享交流经验。在姜军武看来，这不仅是对欣和的一种认可，更重要的是一种督促，相信欣和未来在食品安全方面能够给消费者一个更好的产品和承诺。\r\n行动：推动食安中国 欣和在路上\r\n《中华人民共和国食品安全法》已经正式实施，新《食品安全法》明确了监管责任划分并提高了处罚力度，对违法的食品生产者和经营者会通过多渠道的媒体向全社会进行公开的通报，被称为“史上最严”食品安全法。\r\n姜军武说，一些不正规的、违法操作的食品企业将会在新《食品安全法》监管下逐渐倒闭并退出这个行业，但是作为经营正规的、食品质量安全把关严格的食品企业如何能够和消费者一起推动食安向前发展还是一件任重道远的事情。\r\n欣和立志从更广泛的饮食生态入手，改善食物从源头到餐桌过程中的每一个环节，包括食物的来源、生产加工的方式，以及所有与饮食相关的体验。正如姜军武表示，欣和要想成为百姓信赖的品牌，从基础抓起，一点一滴的做好每件事，推动食安中国，欣和一直在行动。（来源齐鲁网）\r\n','news_141.jpg',NULL,'','',''),
	(140,57,'','','news_140.jpg',NULL,'','',''),
	(143,58,'','“欣和是一个做食品的企业，经过20多年的发展，在调味品领域也取得了一点点的成绩，所以特别关注食品安全方面的一些课题，我们平时会做一些为贫困学校捐款的公益活动，但更应该从本职的角度出发，如何让孩子们吃的健康，这对我们来说是非常重要的事情。”姜军武表示，现在很多学校食堂食品安全存在较大隐患，食堂相关人员食品安全意识淡薄，大多数食品从业人员缺乏食品安全知识，未按规定配备专职食品安全管理员。另外，为了追求经济利益，食堂的原料采购渠道也存在着很大的隐患。\r\n鉴于上述情况，姜军武认为如何让孩子吃的安心，吃的健康，吃的科学存在着相当大的挑战。随着物质生活水平越来越高，人们可支配的收入也在增加，整个教育系统是非常庞大的平台，要想驱动学校食堂的改变是需要社会各方面共同去努力才能实现的目标。\r\n在姜军武看来，关注孩子的食品安全是全社会下的一盘大棋，并不是仅仅依靠欣和的力量，而是需要社会各方的共同努力。令他感到欣慰的是，目前，他的提案已经得到了市政府以及教育主管部门的积极响应，各方也在非常务实的谈论如何真正的去改善这个问题。\r\n出发点：坚持参与食安活动\r\n“民者，国之根也，诚宜重其食，爱其命。”从古至今，“民以食为天”是我们永恒的话题，食品安全大于天，食品安全重于山。采访中，记者了解到，欣和多年来一直积极参与食品安全的活动，并且在国内食品企业中走在前列。\r\n对此，姜军武表示，中国改革开放的30年来，经济建设飞速发展，老百姓也从“吃不饱”逐渐转变为可以“吃得起”、“吃得好”、“吃得放心”。这就更得让整个食饮行业处于监管中，确保老百姓吃上放心食品。\r\n“食品安全事件不仅刺痛着我们脆弱的神经，更拷问着生产企业的道德底线以及监管部门的法治力量。一个优秀的食品企业所追求的终极目标，不应该只是利润，还应该有社会责任感，让大众去信任我们的产品是安全的，这是欣和想成为百年企业的一个基础。”姜军武坦言，实际上食品安全并不是轻易就可以做到的，安全就要有一个全产业链的管理包括对供应商和生产团队的影响。为了实现这个目标，欣和企业构建了专业、科学的食品安全保障体系，不但拥有业内首家通过CNAS认可的实验室，更实现了对“从农场到餐桌”TQM（全面质量管理）的现代食品安全化管理。\r\n据悉，每年的国家食品安全周活动，欣和是山东省唯一获邀的食品企业，连续三年在山东省食品安全周活动中，作为标杆企业分享交流经验。在姜军武看来，这不仅是对欣和的一种认可，更重要的是一种督促，相信欣和未来在食品安全方面能够给消费者一个更好的产品和承诺。\r\n行动：推动食安中国 欣和在路上\r\n《中华人民共和国食品安全法》已经正式实施，新《食品安全法》明确了监管责任划分并提高了处罚力度，对违法的食品生产者和经营者会通过多渠道的媒体向全社会进行公开的通报，被称为“史上最严”食品安全法。\r\n姜军武说，一些不正规的、违法操作的食品企业将会在新《食品安全法》监管下逐渐倒闭并退出这个行业，但是作为经营正规的、食品质量安全把关严格的食品企业如何能够和消费者一起推动食安向前发展还是一件任重道远的事情。\r\n欣和立志从更广泛的饮食生态入手，改善食物从源头到餐桌过程中的每一个环节，包括食物的来源、生产加工的方式，以及所有与饮食相关的体验。正如姜军武表示，欣和要想成为百姓信赖的品牌，从基础抓起，一点一滴的做好每件事，推动食安中国，欣和一直在行动。（来源齐鲁网）\r\n','news_143.jpg',NULL,'','',''),
	(144,59,'','2015年12月25日上午，烟台市青年联合会十一届二次常委(扩大)会议召开，表彰了第十三届“烟台十大杰出青年”。烟台欣和企业食品有限公司副总经理姜军武凭借优秀的业务能力和高度的社会责任心，获得了“烟台十大杰出青年”的荣誉称号。广州日报、大众日报均有报道。','news_144.jpg',NULL,'','',''),
	(145,59,'','自1997年加入欣和公司，姜军武从基层员工成长为公司副总经理，同时还担任中国调味品协会常务理事、山东省工商联常委、山东省青年企业家协会副会长、山东省烹饪协会副会长、烟台市政协委员、烟台市工商联总商会副会长等职务。由于具有丰富的领导及业务经验，较强的领导决策能力、组织协调能力和驾驭全局的能力，姜军武以开拓创新的工作思路带动烟台欣和企业有限公司快速发展。','news_145.jpg',NULL,'','',''),
	(146,59,'','能获得这样的荣誉，在姜军武看来，这并不仅是对自己的认可，而是社会对欣和企业品质与信誉的认可。\r\n烟台欣和企业食品有限公司成立于1992年，公司成立的初衷是让所有家庭吃得放心，这也成为欣和前进的动力。食物对于家庭和生活，不仅仅是物质的基础，更是维系情感、提升生活品质的根本。因此欣和立志从更广泛的饮食生态入手，改善食物从源头到餐桌过程中的每一个环节，包括食物的来源、生产加工的方式,以及所有与饮食相关的体验。\r\n“我们希望为欣和事业所触及的人、环境和其他所有食物带来正面影响，让家人和子孙后代能够享用美食，乐活人生。”欣和付出的一切都是为了一个最单纯的信念，用对家人的爱生产每一个产品，欣和待世界如家人。\r\n欣和的每一个产品都严把质量关，要对每一位消费者的健康负责。保障食品的健康安全是一个有良知的食品企业的道德底线，欣和的员工也都是欣和的忠实客户，欣和不生产自己不吃的食品。\r\n二十多年来对品质的坚持，孕育了欣和真诚、进取和充满爱心的企业基因。“我们不仅满足消费者的需求，也在创造消费者的需求。”姜军武说，在根植市场的过程中，我们加大对科研的资金投入及品牌宣传力度，并且大胆利用各种先进的管理软件，在增强规范化管理的同时，节约企业成本。\r\n在人们的日常生活中，欣和常常扮演着“好邻居”的角色。在欣和，有8000多名员工，其中一半都是美食顾问，他们会到深入到商超一线，为消费者介绍欣和产品，了解消费者的饮食需求。\r\n欣和不仅为消费者带去专业的知识和服务，也得到消费者的需求反馈和信任。以此为动力，欣和不断钻研、创新酿造工艺，丰富营养学、食品安全等相关知识，逐渐在中国的调味品行业中成为标准的树立者及调味品的领导品牌。\r\n企业的发展离不开社会各界的支持和帮助，在企业发展壮大的同时，欣和企业积极投身各种社会公益活动，带领公司员工履行社会责任，关爱救助困难群体，为构建和谐社会贡献力量。\r\n “我们为弱势群体做的都是应该的，这是社会赋予我们的圣神义务，成就他人的梦想，也是欣和企业文化的宗旨。”姜军武介绍，作为一家良心企业，欣和不仅积极践行社会责任，也着力提升员工的职业幸福感。“现在员工以80后、90后居多，为了减少他们的生活困扰，欣和设立了洗衣房，把员工的衣服洗熨好后送回宿舍。我们还有周末幼儿园，解决加班妈妈的后顾之忧。”\r\n对于今后的发展，姜军武信心十足，“欣和的努力得到了消费者的认可，我们必将不负众望，以欣和之力，做人们食品安全的卫士。（来源大众日报）\r\n','news_146.jpg',NULL,'','',''),
	(147,60,'','2016年9月8-9日，由中国食品科学技术学会主办的“第十六届中国方便食品大会暨方便食品展”将如期在北京国家会议中心隆重召开。作为多次参与方便食品展会的烟台欣和企业食品有限公司，做为调味品行业的领导企业将再次亮相方便食品展，本次欣和集团展位将出现在主会场的特10号区域。','news_147.jpg',NULL,'2015年方便食品展现场图片','',''),
	(148,60,'','对于方便食品产业而言，2016年是非常关键的一年，本次会议将在继承往届主旨的同时，在内容和形势上力争创新和突破。在内容方面，将从权威的报告、专业的分析出发，更加市场化的对接行业发展需求。在形式上，除专业报告、创新产品评审，更多将以业内交流形式呈现。本次方便食品会汇聚了行业权威专家，给参会企业提供更加广阔的平台，使参会的企业能够对行业的发展进行更深入了解。本次主要展示区域将划分为：方便面、挂面与风味面食、冷冻调理食品、机械设备与包材、东方风味与天然配料、冷链装备等六大展示区域。','news_148.jpg',NULL,'2015年欣和展位图片','',''),
	(149,60,'','2016年对于欣和同样是关键的一年，今年1月，欣和企业公布了新LOGO 及企业品牌标识系统。新的标识，新的征程，欣和将从更广阔的视觉出发，引领改善饮食生态系统，让家人安心享用每一餐，乐活健康每一天。本次展会，欣和企业除了一如既往的展示最新的产品之外，还将全面介绍欣和集团的使命和愿景。推动健康生活新浪潮，树立行业新标杆，赢得全球家庭的信赖，这美好的期望离不开与合作伙伴的携手共进，期待与您一起探讨行业发展的前景，建立值得信赖的中国食品品牌。','news_149.jpg',NULL,'欣和企业新LOGO','',''),
	(150,61,'','FDA是美国食品药品监督管理局（Food and Drug Administration）的简称，它是由美国国会即联邦政府直接授权，专门从事食品与药品管理的最高执法机关。FDA职责是确保美国生产的或者进口的化妆品、药物、生物制剂、医疗设备和放射产品的安全。它是最早以保护消费者为主要职能的联邦机构之一。FDA由于其认证的严苛性，已经成为全球最大的食品和药物的管理机构之一。\r\n本次欣和企业作为FDA审核企业，其旗下三家工厂—神州一、烟台味达美、山东欣和工厂分别在1月26日、8月24日、8月25日接受了FDA审核。三家工厂均顺利通过美国FDA审核，其中山东欣和创造出了2个小时通过FDA审核的奇迹。对比同行业的其它企业接近一天的检测时间，欣和又一次的创造了奇迹。同行的SGS检测中心，烟台商检局，对欣和企业的表现都给予了高度的评价，欣和这次的表现，给整个烟台市的食品企业，乃至为整个食品行业都树立了标杆。\r\n','news_150.jpg',NULL,'','',''),
	(151,61,'','能取得这样成就，与欣和人“诚相待”的价值观是密不可分，我们自己不吃的，就绝对不卖给消费者。这句看起来平实的话语，道出的正是欣和坦诚以待的做事准则，我们用对待家人的心去生产我们的产品。我们生产的产品，是为了让每个家庭可以安心享用每一餐，乐活健康每一天。这就是欣和创业的初衷，也是欣和二十多年来从业的准则。价值观是我们做事的态度和准则，有了态度和准则，还需要的是不断进步的技能，除了先进的生产设备和管理系统，专业的培训和学习也是至关重要的。欣和先后多次组织员工参与FDA法规、HACCP、食品安全防护、中美食品安全等相关培训，全面提高全员的安全意识和日常管理水平，确保生产流程的各个环节合理以及规范。','news_151.jpg',NULL,'','',''),
	(152,61,'','两个小时的检查过程，是欣和人二十四年的坚持取得的成就。欣和从成立之初，就立志要做一个值得尊重，值得信赖的品牌，今天，在全球最严苛的审核体系下，欣和赢得了信赖。推动健康生活新浪潮，树立行业新标杆，赢得全球家庭的信赖，是欣和对于未来的承诺。','news_152.jpg',NULL,'','',''),
	(153,62,'','2016年1月，欣和企业公布了最新LOGO 及品牌标识系统。初看LOGO，在温暖、具有活力的橙色调基础上，采用不同的渐变色 ，传递着喜庆基调的同时，更透着满满的现代感，给人耳目一新的感受，同时这也代表着欣和正迈入一个新的纪元。','news_153.jpg',NULL,'','',''),
	(154,62,'','欣和品牌标识的图标传达的是待世界如家人的理念。而初见新LOGO 的您，不知是否能准确看出其中的内涵？LOGO中的圆圈代表的是全世界，配合内部的交织曲线，共同勾勒出一家人自豪地携手并肩、站成一排的形象。同时，这个图标设计还很贴近植物花苞的形状，体现着植物自然新生的活力，传达出优质食材是任何一个强大、健康家庭的根本，对于致力于通过食物改善家人生活的欣和企业，这个标识真的是再贴切不过了。\r\n\r\n新的出发：待世界如家人。\r\n\r\n欣和新标识下的主题语与标识形成了强烈而清晰的呼应，展现的是欣和的不同员工以同一种诚恳、乐观的姿态，看待心目中的“大家庭”。这个概念所要传递的是欣和已经做好面向世界 、迈向世界的准备。欣和用过去20年，每个家庭餐桌上的调味品证明了自己的坚持，不仅在改变行业，更是引领着饮食健康的发展，成为调味品行业中人人尊重的企业。\r\n从开始，欣和就一直在思考如何能够帮助每个家庭吃得健康，让世界相信中国制造。面对当下复杂的食品安全变化环境，欣和则选择了以更广泛的视觉重新考量食物以及与食物息息相关的每一个环节，凝聚更多的力量去推动中国饮食生态的改变，只为让每个家庭吃得健康、健康地吃。\r\n\r\n通过食物建立一种新的生活态度和方式。\r\n\r\n欣和成立的初衷是让所有家庭吃得放心。欣和的负责人表示“欣和始终坚信食物对于家庭和生活，不仅仅是物质的基础，更是维系情感、提升生活品质的根本。”因此欣和着手于改善食物从源头到餐桌过程中的每一个环节，包括食物的来源、生产加工的方式，以及所有与饮食相关的体验。并以此为欣和事业所触及的人、环境和其他所有食物都带来正面影响，让家人和子孙后代能够安心享用美食，乐活人生。\r\n一直以来，欣和希望可以成为一家对员工、对社区、对合作伙伴有益的企业。不仅要打造值得信赖的饮食体验，从农场到餐桌，致力传递食物以外的知识，重塑人与食物的关系。给地球多一份责任，给未来留下蓝天和净土，与志同道合的伙伴一起推动可持续的饮食新生态。\r\n\r\n 推动健康生活新浪潮、树立行业新标杆。\r\n\r\n谈到对未来的期许，欣和希望通过改善饮食生态，推动健康生活新浪潮。通过让消费者掌握更多关于健康生活的知识，改变他们的行为和生活方式，帮助他们吃得更好,更好地吃。而这种美好的期望需要志同道合者加入，凭借共同的力量携手打造健康生活，为整个中国食品行业建立新的标准，并将可信赖的中国美食带给全世界。\r\n在食品的不断创新中，欣和是较真的。它秉承着“自己不吃就不要卖给消费者”。为了让企业走得更远，欣和企业派最专业的团队远赴日本，学习领先的酱油酿造技术，打破了酱油领域内日本品牌独树一帜的局面。一系列的努力为欣和赢得了诸多美誉。在全国食品安全周上，欣和荣获首批食品科普教育基地称号的殊荣，为食安山东做出了自己的贡献。公司产品代表中国调味品业捧得“全球食品工业奖”、中国食品科学技术学会产品创新奖一等奖，企业获得第十七届世界食品科技大会“主席特别奖”等荣誉。（来源：大众网）\r\n','news_154.jpg',NULL,'','',''),
	(155,63,'','烹饪是让人为之热血沸腾的事业！而果实成熟的颜色——橘红，兼具美观和营养，是最具张力，最富有激情，最让人欲罢不能的颜色！打破传统厨师服单调的黑白，成为后厨中成熟、责任的代表！欣和首款私人订制厨师服已经上线启动！\r\n传承中国工匠精神，精益求精，严谨专注！绣上独一无二的姓名和工匠logo，成为每位厨者都渴求的新战衣！\r\n2016 年3 月9 日，北京、天津、济南、大连、上海、无锡6 城市共16 位厨务专家齐聚欣和名厨菜品交流会，成为全国第一批拥有橘色欣战衣的烹饪者！创新融合现场1+2。全天，16 位厨务专家，现场演示1 道菜，展台同步展示2 道菜，实现1+2的操作模式，涵盖京鲁淮川等多个菜系。','news_155.jpg',NULL,'','',''),
	(156,63,'','从早上8 点到下午5 点，来参观的厨师络绎不绝，几度把会场堵得水泄不通，专家们全天候场，上台认真实操每道菜品，下台更是走进人群互动，对于大家提出的问题耐心解答，涉及到的调料和汁酱现场演示调配，得到现场观众的阵阵掌声和认可！\r\n旭耕展位和黄飞红展位分别展出试吃了有机蔬菜和香脆椒，吸引了大批观众围观驻足，随着越来越多人重视健康饮食，酒店对于有机健康的食材的采购格外上心。\r\n','news_156.jpg',NULL,'','',''),
	(157,63,'','此次活动拉开了2016 年全国厨师交流活动的帷幕，现场直接影响烟台酒店老板、厨师共300 余人，线上传播影响全国餐饮人26279 人次，不仅为当地餐饮人带去了新的烹饪思路和创意，更树立了欣和专业、健康的品牌形象，厨务顾问们身体力行地诠释着待世界如家人的欣和信念，自己不吃的菜就不要卖给消费者，真正从健康出发，专注烹饪事业，不遗余力地为中餐味道美学贡献力量！','news_157.jpg',NULL,'','',''),
	(158,64,'','欣和从创建之初，就与“家”这个主题紧密相连，我们用对待家人的爱，生产每一款爱心产品。我们用爱心的产品，提升每个家庭的生活品质。2015年11月份，欣和发布新的企业标识，新的标识代表新的责任，但仍与“家”密不可分，待世界如家人，让每个家庭健康的吃，吃得健康是欣和永恒不变的初衷。2016年春节，我们用家的方程式作为企业新标识上市后的第一次传播主题推出，希望可以通过欣和的产品家族，激发大家重新思考自己对于家的理解。只有建筑的房子不叫家，每天陪伴家人吃饭和生活的房子才是家。欣和希望可以成为这个让房子变成家的元素。','news_158.jpg',NULL,'','',''),
	(159,64,'','家有大家，也有小家，欣和希望为千千万万的小家提供健康、快乐和便捷。欣和也希望为社会这个大家贡献自己的一份力量。公益红包项目，就是在这样一个想法上诞生的。红包，通常是我们在春节的时候包给家人的爱，但是在社会这个大家庭里，还有很多人需要关爱。因此，欣和从家的方程式出发，希望可以聚集更多的爱，传递给更多需要帮助的人。2016年春节，我们从更多爱等于传递爱的角度，去重新思考这个年年都会有的红包设计，每个红包都设计成了家的形状，扫描红包上的二维码，欣和就会以消费者的名义捐赠2元的爱心基金给贵州毕节的留守儿童打造阳光少年之家。更多更多的爱，就这样一点一点的被传递出去了。','news_159.jpg',NULL,'','',''),
	(160,64,'','整个活动过程，总计有1854名爱心消费者参加公益红包活动，欣和又补足其他的金额，总计20万，用于贵州毕节四所阳光少年之家的建立，阳光少年之家是针对留守儿童的教育问题，而专项打造的公益项目，是为了给留守儿童提供课后教育的活动场地。','news_160.jpg',NULL,'','',''),
	(161,64,'','2016年9月2日，欣和企业的小伙伴们带着浓浓的爱意，和我们的爱心消费者一起踏上前往毕节的旅途，9月5号，将为这四所阳光儿童之家举行挂牌仪式。','news_161.jpg',NULL,'','',''),
	(162,65,'','2014年8月28日，欣和企业基于在食品领域的专业优势和丰富的学生创新竞赛经验，举办了第一届“欣和杯”大学生创新性研究竞赛，30多名来自上海各个高校的师生，相聚于此，共同探讨未来食品业的发展。','news_162.jpg',NULL,'','',''),
	(163,65,'','早在今年4月初，欣和企业与华东理工大学、上海食品学会就举办了第一届“欣和杯”上海大学生创新性研究竞赛，大赛将持续6个月，除华东理工大学，还邀请上海大学、上海海洋大学、上海应用技术学院、上海理工大学、上海师范大学等6所上海地区食品专业强势高校同台竞技。欣和企业副总经理姜军武先生对欣和企业及“欣和杯”创新性研究竞赛进行了介绍，意通过这种创新赛为食品行业引入更多创新思维。\r\n本次竞赛，共有3个学生团队获得三等奖，2个学生团队获得二等奖，上海海洋大学获得最佳组织奖。来自华东理工大学的学生游佳琪和黎穗子团队的参赛作品“地木耳风味酱”一举拿下冠军。在分享此次参赛的感想时，黎穗子说，“之所以有‘地木耳风味酱’这个创意，是因为平时人们食用的大多是重辣、重油的牛肉酱或者鸡肉酱等拌饭酱，而现在更应该倡导一个“健康、绿色、环保”的营养搭配，所以此款拌饭酱便加入了藻类和裙带等富含营养元素的搭配。”\r\n','news_163.jpg',NULL,'','',''),
	(174,64,'','蓝天白云下的毕节，希望我们的爱心可以在这里扎根发芽，希望我们的大家和所有的小家都健康和快乐。\r\n更多爱等于传递爱，欣和，待世界如家人，我们一直在路上。','news_174.jpg',NULL,'','',''),
	(164,65,'','颁奖典礼上，欣和企业副总经理姜军武介绍，“早在3年前，欣和就开始有大学生创新性研究竞赛的想法，通过与上海各个学校的老师学生座谈交流，渐渐地这个活动便成形了。”目前，企业遇到最大的问题便是创新，如何打破常规，让传统食品焕发活力，便想到了借助高校师生的力量，将新生代的创新思维引入产品创新之中。\r\n“未来，创新型人才最重要。颁奖典礼结束之后，我们将与各创意小组成员进行进一步了解沟通，选拔有识之士，为后续的研发技术人员增加新生力量，并同小组成员和组委会进行探讨，将部分创意作品进行合作开发以及创意利用。”姜军武说。\r\n颁奖典礼结束后，华东理工大学赵黎明老师表示，本次活动，欣和企业为上海各大高校师生提供了一个专业的实践与创新平台，让学生们有机会在实践中，与自己所学的理论知识和相关专业结合起来，学以致用，并在实践过程中，将面临到的问题融会贯通，加入创新思维，夯实了学生们的所学知识，也给学生们未来就业提供了一个很好的锻炼机会。\r\n为了让消费者吃上好的酱油、酱等中华经典调味品，欣和构建了专业、科学的食品安全保障体系，不但拥有业内首家通过CNAS认可的实验室，更实现了对“从农场到餐桌”TQM（全面质量管理）的现代食品安全化管理。从原料的采购和储存、中间生产、产品储存及运输、销售终端直到消费者的厨房整个食品链中，建立了以风险评估、风险管理、风险交流为核心的食品安全风险分析体系，全方位确保产品的安全和质量控制，保障消费者加入到菜肴中的每一滴产品都具有统一、高标准的质量保障。\r\n20多年来，欣和人人都恪守着一句简单而深刻的食品安全理念——“自己不吃的东西，就不要卖给消费者，要用良心做产品！”姜军武表示，欣和将以此次活动为契机，为中国传统食品引入新的创新思维。（来源：大众网）\r\n','news_164.jpg',NULL,'','',''),
	(165,66,'','从2012年感恩节起，欣和携手各位厨界泰斗及其弟子、亲朋在全国开展感恩节活动，不断履行品牌“尊重 关爱 感恩厨师”的承诺，并帮助提升厨师职业的社会价值。时值2015年11月26日，欣和味达美再次携手各地大师及其弟子亲朋参与感恩行动，从沈阳、北京到郑州、上海、成都，感恩的脚步踏过千山万水，美学的传递到达大江南北，不曾停歇。中国新闻网、新浪新闻均对欣和感恩节活动进行了报道。\r\n我们始终坚信，感恩存在于生活中的每个细节，我们身体力行地帮助需要帮助的人，以此完整的演绎着中国味道本有的灵魂与内涵，并努力推动中餐中国梦向前一步！\r\n在北京，欣和企业餐饮服务品牌经理张勇先生与亚洲大厨屈浩大师、玉林烤鸭店总经理霍成先生及玉林烤鸭店多位大师，带着满满的爱意如约抵达蒲公英中学。蒲公英中学是北京市第一所专门为农民工子女创办的中学，是目前唯一一所非营利性的民办公益中学，所有学生均为家境贫寒的农民工子女。欣和在了解到校方的需求后，除捐赠一年使用量的调味品外，还为孩子们制作爱心午餐。屈浩大师则从食材搭配、口味调和、制作技法等角度为校厨提供膳食改善建议，帮助学校食堂用最普通的食材也能做出健康美味的菜肴。','news_165.jpg',NULL,'','',''),
	(204,66,'','在沈阳，欣和携手刘敬贤，北京屈浩，郑州吕长海、禹建海、陈进长，上海顾明钟、胡丽妹、姜介福，成都王开发、缪青元等三十多位全国厨界大师及其弟子们，前往当地儿童福利院和敬老院，为特殊儿童和老人捐赠酱油和保暖物资。','news_204.jpg',NULL,'','',''),
	(205,66,'','在郑州，欣和走进了社会福利院。带着保暖衣、围巾、棉马甲、欣和调味料、裕丰源滋补烩面，给孩子和老人送去了温暖和爱心。','news_205.jpg',NULL,'','',''),
	(206,66,'','在上海，我们带着充满爱心的欣和健康调味品、可口美味的饺子，走进了上海长宁区华阳街道敬老院。大厨们和爷爷奶奶现场包饺子互动，更是让活动现场气氛热烈……欣和会持续把关爱社会、继承敬老美德传承下去！','news_206.jpg',NULL,'','',''),
	(166,66,'','在这天，欣和携手有爱的人们，共同把更多爱给社会，传递爱，待世界如家人。（来源：中国新闻网、新浪网）','news_166.jpg',NULL,'','',''),
	(167,66,'','','news_167.jpg',NULL,'','',''),
	(207,77,'','从2012年感恩节起，欣和携手各位厨界泰斗及其弟子、亲朋在全国开展感恩节活动，不断履行品牌“尊重 关爱 感恩厨师”的承诺，并帮助提升厨师职业的社会价值。时值2015年11月26日，欣和味达美再次携手各地大师及其弟子亲朋参与感恩行动，从沈阳、北京到郑州、上海、成都，感恩的脚步踏过千山万水，美学的传递到达大江南北，不曾停歇。中国新闻网、新浪新闻均对欣和感恩节活动进行了报道。\r\n我们始终坚信，感恩存在于生活中的每个细节，我们身体力行地帮助需要帮助的人，以此完整的演绎着中国味道本有的灵魂与内涵，并努力推动中餐中国梦的向前一步！\r\n在北京，欣和企业餐饮服务品牌经理张勇先生与亚洲大厨屈浩大师、玉林烤鸭店总经理霍成先生及玉林烤鸭店多位大师，带着满满的爱意如约抵达蒲公英中学。蒲公英中学是北京市第一所专门为农民工子女创办的中学，是目前唯一一所非营利性的民办公益中学，所有学生均为家境贫寒的农民工子女。欣和在了解到校方的需求后，除捐赠一年使用量的调味品外，还向孩子们制作爱心午餐。屈浩大师则从食材搭配、口味调和、制作技法等角度为校厨提供膳食改善建议，帮助学校食堂用最普通的食材也能做出健康美味的菜肴。','news_207.jpg',NULL,'','',''),
	(169,67,'','知名调味品企业欣和近日携手专注于厨师上门垂直领域的O2O品牌爱大厨，在中秋和国庆期间联合开展了一次大型中秋家宴福利活动。此次活动是爱大厨首度与传统线下零售企业开展的合作，意在通过不同行业的跨界合作寻求更多的合作模式。对于这次合作，网易新闻、飞象网均有报道。\r\n此次活动以“买酱油送家宴”为主题，在中秋节及国庆节期间，欣和集团在全国重点城市的零售渠道，为部分欣和调味品添加爱大厨活动挂签，用户通过扫描挂签上的二维码了解欣和爱大厨的中秋活动，参与赢取中秋家宴免单资格，享用由爱大厨免费提供的中秋上门家宴服务。','news_169.jpg',NULL,'中奖用户在享用爱大厨中秋家宴','',''),
	(168,66,'','','news_168.jpg',NULL,'','',''),
	(170,67,'','在此次跨界合作中，双方不仅在线下推广中相互分享优质资源，在线上也展开紧密合作。合作期间，欣和企业在微信公众号中开展了“聊聊#我家中秋那些事#赢私厨上门中秋家宴”互动活动，让用户参与讨论，为节日的到来及中秋家宴活动进行预热。据统计，欣和企业在全国重点城市的数百家零售门店提供了近20万瓶酱油挂签，微信公众号也在活动期间收到大量的用户互动留言，并从中整理出了不少动人的中秋故事。','news_170.jpg',NULL,'','',''),
	(172,68,'','2014年 8月17-21日，在定期两年一次的世界食品科技大会上，烟台欣和企业凭借卓越的酿造工艺和优越的产品品质荣获“主席特别奖”。据悉，第十七届世界食品科技大会在加拿大蒙特利尔举办，本次会议主题为“共享科研成果，创新创造价值”，意在强调科技创新中科研成果商业化成功动作的重要性，会上对在食品领域中做出杰出贡献的全球企业和代表颁发了奖项。中华财经网、中国新闻网、青年时报、新闻晨报均对欣和本次获的奖项进行报道。\r\n开辟行业新高度\r\n在这样一个世界顶尖食品科技大会上传来了中国代表团的“好声音”——烟台欣和企业单独荣获中国首个含金量仅次于“IUFoST终身成就奖”的“主席特别奖”，以此来表彰欣和在安全和健康食品领域中所做出的创新成就。这不仅彰显了欣和在产品创新及健康性上的综合实力，也为中国的食品企业在世界的舞台上树立了新风。其实，欣和并不是第一次站在这么高的领奖台上，早在2012年第十六届世界食品科技大会上欣和六月香原酿酱就取得了“IUFoST食品工业大奖”的殊荣，摘得行业内的首金。成就并非一夜之间就能取得的，20多年的时间里一直坚持用心酿健康生活的理念，用心为消费者提供健康美味，靠着这样坚定的信念，欣和始终鞭策自己，不断创新，为消费者提供更健康美味的产品。\r\n创造行业新品质\r\n“这样的工艺、这样的产品，欧洲准备用五年的时间去研究，许多科研机构和企业用大量的资金去研究，而欣和却没有向国家要一分钱就默默做到了！”中国食品科技学会孟素荷理事长在遵循自然原酿酱油品鉴会上，感慨地表达了对遵循自然原酿酱油的钟爱之情。据悉以“纯自然发酵，每100mL富含12.5g植物蛋白”为特点的遵循自然原酿酱油一经上市就成为海内外调味品市场关注的焦点，并且在2012年的产品鉴定会上更是得到来自世界各国顶尖学术专家的认可。今年遵循自然也作为酱油的最高品质代表申报了中国食品科技协会科技创新奖，并获得了科技创新奖一等奖的殊荣，在创新道路上开启行业的先锋，成为高端酱油产品营养新标准。而陆续上市的醯官醋和减盐酱油，也为消费者带来更多的高品质产品体验。据悉，国内首款以大米和水纯粮酿造的原浆米醋，不仅可以直接蘸食拌菜，还可以根据自己的喜好搭配水果DIY果醋，健康又好喝。','news_172.jpg',NULL,'','',''),
	(171,67,'','在合作方的选择上，欣和企业作为专注研发酿造高品质调味品的知名企业，其产品贴近老百姓的厨房生活，线下市场的覆盖面广，拥有丰富的线下资源。爱大厨则拥有优秀的厨师团队与优质的上门餐饮服务，两家企业的联手，既可以让更多的用户了解厨师上门这一新的吃饭模式，为爱大厨带来用户的转化，也能通过丰厚的礼品回馈为欣和吸引更多的消费者，达到互惠互利的作用。\r\n中秋，欣和企业与爱大厨共同为用户送上贴心小礼品。（来源：网易新闻、飞象网）','news_171.jpg',NULL,'','',''),
	(173,68,'','扬起民族新希望\r\n针对此次获奖，欣和负责人表示：“对于国际友人来说，欣和的产品有着浓烈的中国特色，是真正原汁原味的中国味道，但欣和味道绝不止于简单的传统味道，为了让消费者吃上世界最好的酱油、酱等中华经典调味品，欣和始终致力于产品、技术创新，希望能用品质赢得世界的尊重，让更多的人品尝到科技护航的中国味道。”记者了解到，为了保障产品品质，欣和不但在行业内率先通过了CNAS国家检测实验室认可，更是建立了“从农场到餐桌”TQM的现代食品安全管理，全方位确保产品的安全和质量控制，保障消费者加入到菜肴中的每一滴产品都具有统一、高标准的安全、质量保障。从建立之初，欣和就一直坚持原酿理念，将传统酿造工艺与现代科技完美结合，采用世界领先的高盐稀态酿造工艺，用心酿造健康产品。在颁奖词中，国际食品科技联盟(IUFoST)主席饶平凡主席这样说到：“为了表彰欣和在科技研发和食品安全领域中所做出卓越的创新成就，特将‘主席特别奖’颁给欣和，欣和获得这个奖是实至名归。”\r\n荣誉的获得，是对欣和的一种认可，也是对中国的一种认可。但是欣和的脚步不会只停留至此，欣和将会继续以荣誉作为激励、以信赖作为动力，不断前行，让世界看到中国的好产品，吃到中国高品质的产品。(来源：中国新闻网)\r\n','news_173.jpg',NULL,'','',''),
	(175,69,'','味达美品牌自诞生之日起，就与厨师这个行业紧紧的关联在一起。厨师是一个非常重要的社会角色。对于现代都市人来说，1/3的外食时间，决定他们吃的好不好、健康不健康最关键的人就是厨师。一位好厨师的标准是什么？他不仅要有烹饪技巧，还要有对于食材、辅料品质的坚持，好的食材决定食客的健康，这是厨师的职业操守，另外对于美的呈现也不能低估，让食客吃到身心愉悦的确是一门功夫。','news_175.jpg',NULL,'','',''),
	(176,69,'','厨师手艺我们称为厨艺，过去我们很少能见到厨师，就更不了解他们的厨艺，现在厨师是时候走到台前，去展示他的厨艺。味达美使能厨师的第一步，就是给厨师提供更多的舞台，让他们走向台前，让更多的食客理解厨师，理解是认可和信任的第一步。\r\n2016年，欣和携手厨师界专业媒体《名厨》，共同发掘寻找有信念的厨师，为他们提供舞台，助力他们成为受人尊敬的星厨。欣和味达美知味之旅第一站选在了历史悠久的安阳。百年传承的安阳，有着独特的味道，从皮渣到粉浆饭，从安阳炒鸡到黄河鲤鱼，安阳，不仅物产丰富，安阳人更是吃的行家。','news_176.jpg',NULL,'','',''),
	(177,69,'','走出后厨的第一个舞台，选择在安阳当地的连锁超市。安阳永辉超市、丹尼斯文峰店及丹尼斯中华店同时拉开帷幕，厨师们专业的技巧，吸引现场的消费者驻足观看，尽管厨师略显紧张，但是很快就已经可以顺畅的消费者进行沟通和交流。主厨们还有了自己的粉丝群。','news_177.jpg',NULL,'','',''),
	(178,69,'','和欣和味达美一起走进社区，组织社区的居民进行厨艺大比拼，在互动中，主厨们用专业的知识告诉大家如何挑选健康食材、如何吃得健康。','news_178.jpg',NULL,'','',''),
	(179,69,'','不仅要看，而且还要实操演练，练就一身好厨艺，真不是一朝一夕的功夫，邀请食客走进餐厅，参加名厨面对面的指导和培训，终于了解，原来平时吃到的美味，是有如此多的讲究。','news_179.jpg',NULL,'','',''),
	(180,69,'','除了和食客进行零距离的沟通，业内的厨师沟通，也是本次活动中的一个亮点，打破之前封闭保守的中餐传统，以开放创新的心态相互交流和沟通，帮助彼此的成长，也是一个行业发展的前提。','news_180.jpg',NULL,'','',''),
	(181,69,'','知味之旅，旨在为有意念的厨师提供更多的舞台，让厨师，这个社会非常重要的角色，可以从幕后走向前台，被越来越多的人所了解，也用他们的理念去影响越来越多的人。只有这样，才会有越来越多的人吃的健康、健康地吃，欣和，才能和有意念的厨师一起，推动健康生活新浪潮，树立行业新标杆，赢得全球家庭的信赖。','news_181.jpg',NULL,'','',''),
	(182,70,'','5月30日-6月1日，在和煦的海风中，中国餐饮业最具影响力的盛会——第24届中国厨师节在烟台顺利举行。24年轮回，重回诞生地并由中国烹饪协会和烟台市人民政府联合打造的本届厨师节，不仅汇聚全国烹饪大师，也吸引了餐饮业精英悉数到场，更以别样的精彩开启了中国餐饮行业的新篇章。其中，作为本届厨师节协办单位的欣和企业，参与了最大规模卷饼吉尼斯世界纪录挑战，在传承中国酱文化的同时，又将这一简单又营养美味的民族饮食推向世界。早在多日前，中国新闻网、中国会展门户等多家媒体对本次盛会进行了报道。','news_182.jpg',NULL,'','',''),
	(183,70,'','本届中国厨师节集国际展览、比赛交流、行业会议、美食嘉年华于一身，是餐饮业一年一度最为重要的交流、研讨、美食、竞赛、采购盛会。业界领先的欣和企业作为东道主，以二十年健康调味品的生产理念，怀揣致力中国餐饮业中国梦的美好愿景，与厨师一起打造味道美学。与会者不仅参与“赏之旅”特展博览会品味健康中国菜的精髓，也通过走进实酿体验区、“美味溯源”等活动让厨师和消费者从每一个细节直击健康与美味的完美融合。','news_183.jpg',NULL,'','',''),
	(184,70,'','同时，欣和携手组委会力邀诸多国内顶级大师，为广大中青年厨师提供与大师面对面交流的机会。观摩学习的同时，一起探讨如何让中国菜、中国餐饮店、中国餐饮从业者能够走向全球，让中华5000年饮食文化及传承在世界上得以弘扬、发扬光大，实现中国餐饮全球形象的华丽转身。','news_184.jpg',NULL,'','',''),
	(185,70,'','欣和携手传统美食冲刺吉尼斯世界纪录\r\n本届厨师节欣和将携手传统美食春饼再次冲刺新的吉尼斯世界纪录——花样最多春饼吉尼斯纪录。此次的春饼申吉选用了葱伴侣六月香原酿酱为核心调料，为500种春饼包裹的美味带去舌尖上的美妙体验。','news_185.jpg',NULL,'','',''),
	(186,70,'','“只有味蕾的传承才是食物最本质的味道”，这是一部火遍全中国的饮食节目所给我们的启示，《舌尖上的中国》总导演陈晓卿曾《舌尖2》开播前这样谈论美食的标准：健康、真实、日常、解馋。这八个字也正是欣和多年来专注于中国饮食和调味品所想传达的美食之道，食物只有经由人手的用心制作烹饪，经由时间的发酵，味蕾的不断感受，才能将饮食文化不断的传承，这是任何文字和图片都无法替代的美食的真谛。\r\n“调味品之所以能引领食物到达更加美味的境界，关键在于凝聚时间精华的“酿”，酿造出美味，酝酿出生活，酝酿传承者中国千年饮食文化的精髓。”欣和企业负责人在提到酿造过程时颇有感慨，“这是一个节奏太快得社会，但是我希望每一位厨师都能在参观工厂的过程中，体味到时间对于食物的意义，感悟中国传统美食“酿”的精髓。在对于烹饪的理解上，不仅是停留在食物表面的味道，更需要对职业的热爱和尊重，技艺之外的健康食材和调味料良心甄选和使用才能长远的益于行业的发展。”','news_186.jpg',NULL,'','',''),
	(187,70,'','第24届中国厨师节由中国烹饪协会和烟台市人民政府联合主办，届时还将举办鲁菜传承展示活动和烟台特色餐饮展，活动期间将形成食物、调味品、半成品、素食、水产品等上百种品类的展示，将会有全国各省市的名厨参与，一场舌尖上的“味•达美”即将开幕。（来源：中国新闻网）','news_187.jpg',NULL,'','',''),
	(188,71,'','5月30日，本年度中国厨师节在烟台开幕，作为本届厨师节协办单位的欣和企业参与了最大规模春饼吉尼斯世界纪录挑战。在此次传统美食春饼挑战新吉尼斯世界纪录过程中，有来自全国各大地方菜系的近百位大师进行馅料烹制及表演超大春饼的制作。现场也迎来了当地市民和大学生将近千人的队伍共同参与，大家共同为传统美食申吉助威。而葱伴侣六月香原酿酱作为大葱蘸酱不可或缺的最佳伴侣，为好吃的春饼增加了一道美味。网易新闻、信息时报、齐鲁晚报等多家媒体对本次春饼吉尼斯纪录挑战进行了报道。','news_188.jpg',NULL,'','',''),
	(191,72,'','2016 年3 月12 日，第38个植树节。烟台大众网发起全民植树公益活动，欣和企业积极参与，在植树节当天，前往牟平龙泉共植绿色生态屏障。早在2015年的植树节，欣和企业食品有限公司就有35名志愿者积极参与到“践行蓝天责任 共建绿色烟台”植树活动中，用实际行动践行绿色公益。 ','news_191.jpg',NULL,'','',''),
	(189,71,'','作为本次春饼申吉活动的参与者之一，欣和企业负责人表示，美食申遗，成为当今的潮流，它不仅仅是一道美食，更是一种民族饮食文化的代表。酱在中国传承了3000余年，大葱蘸酱饮食文化也在山东传承了3000余年，绵延几千年的这么简朴的饮食，被人们喜爱的根源，在于它承载了人与自然和谐生活的印迹，饱含了人类饮食文化的智慧！今天春饼成功列入了世界吉尼斯纪录，是将中国这一简单又营养美味的饮食文化推向世界的桥梁，是我们对珍贵的世界酱文化的历史性记载，更是我们进一步创新发扬酱文化的新起点！春饼申吉也得到了烟台市政府、烟台市商务局的大力支持和指导，这也是欣和响应烟台打造鲁菜之都计划的行动之一。\r\n吉尼斯世界纪录为此次活动指派的认证官Lisa Hoffman女士在采访中说道：“春饼是山东的代表饮食，也是中国的传统美食。每种食物既展示了各地风土人情，也折射出人文价值观。相信中国的美食一定会走向全球，得到更多人的喜欢。”','news_189.jpg',NULL,'','',''),
	(190,71,'','春饼申吉作为第二十四届厨师节中人气环节之一，吸引了全国美食爱好者的关注与参与。现场观众不仅观赏到数百款春饼共同拼造而成的中国春饼全景图盛景，还能免费享用全国各式美味的春饼大餐。（来源：网易新闻）','news_190.jpg',NULL,'','',''),
	(192,72,'','从2012年至今，烟台大众网携手中国农业银行烟台分行连续5年开展公益植树活动，活动先后在鲁东大学、牟平区高岭镇、高陵水库、牟平区龙泉镇等地展开。据不完全统计，过去4年期间，活动累计植树3万多棵。\r\n烟台欣和企业食品有限公司志愿者告诉记者，烟台欣和企业致力于人们生活品质的改善，在提供优质的产品和服务，丰富人们健康快乐的饮食文化生活的同时，公司还积极参与植树造林，用更好的生活环境提升人们生活品质。','news_192.jpg',NULL,'','',''),
	(193,73,'','2016 年3 月12 日，第38个植树节。烟台大众网发起全民植树公益活动，欣和企业积极参与，在植树节当天，前往牟平龙泉共植绿色生态屏障。早在2015年的植树节，欣和企业食品有限公司就有35名志愿者积极参与到“践行蓝天责任 共建绿色烟台”植树活动中，用实际行动践行绿色公益。 \r\n从2012年至今，烟台大众网携手中国农业银行烟台分行连续5年开展公益植树活动，活动先后在鲁东大学、牟平区高岭镇、高陵水库、牟平区龙泉镇等地展开。据不完全统计，过去4年期间，活动累计植树3万多棵。\r\n烟台欣和企业食品有限公司志愿者告诉记者，烟台欣和企业致力于人们生活品质的改善，在提供优质的产品和服务，丰富人们健康快乐的饮食文化生活的同时，公司还积极参与植树造林，用更好的生活环境提升人们生活品质。','news_193.jpg',NULL,'','',''),
	(194,73,'','此外，记者在现场看到，烟台欣和企业还安排了厨演车，为参与植树的网友免费提供食品和饮品。来自烟台欣和企业食品有限公司的志愿者修娟带孩子参与了此次活动，她告诉记者，当知道公司参与大众网烟台频道此次植树活动后，她第一时间报名，并带孩子一同参与植树。教育要从小抓起，她希望通过此次活动，让孩子亲近大自然，懂得保护环境、爱护环境。','news_194.jpg',NULL,'','',''),
	(195,73,'','烟台欣和企业食品有限公司热心公益，成立欣和慈善公益基金，帮扶家庭贫困的大学生；开展关爱残障儿童活动，走进烟台辅读学校，关爱残障儿童；以书架桥，传递爱心，为山区捐献书本以及学习工具，为山区教育事业贡献力量；作为烟台市青企协的企业志愿者之一，每逢佳节，走访失独老人家庭，让他们在本该团聚的节日里，感受社会的温暖；除此之外，欣和每年会举办各种义工、政府捐助、SOS慰问等活动，在员工内部开展“让爱驻我家”、“环保—从我做起”、“安全牵动你我”、“感恩有你”等宣导主题类活动。(来源：烟台大众网)','news_195.jpg',NULL,'','',''),
	(196,74,'','毕节，地处贵州高原屋脊，由于贵州山区经济发展受限，毕节很多孩子的父母都选择外出打工谋生，也就造就了这里有很多的留守儿童。9月5日，带着公益红包筹集的物资，欣和志愿者们颠簸了3个半小时，终于抵达毕节七星关的生机中学。','news_196.jpg',NULL,'','',''),
	(197,74,'','在毕节教育局老师、生机中学校长的陪同下，6位志愿者参观了生机中学，举行了简单的挂牌仪式，生机中学校长、教育局代表以及志愿者代表分别发表演讲，校方特地给欣和颁发奖状，感谢企业对于社会责任的担当。走进生机中学的教室，这里看起来条件还不错，和一般小学没有什么差别，但是当我们的志愿者问到说，同学们，大家好，请父母在外面务工不在身边的同学举一下手，当齐双双的小手高高举起的时候，在这样年纪的孩子里，才是真正不一样的地方。','news_197.jpg',NULL,'','',''),
	(198,74,'','早在出发之前，欣和志愿者就规划了一个小小的互动环节，特地带了两台拍立得相机到毕节，希望可以给孩子们留下属于他们的童年时光，并且一起做一个值得纪念的照片墙。拍照期间，孩子们渐渐和我们的志愿者熟络起来，童真让他们很容易敞开心扉，愿意和大家交流。因为父母长期在外务工，感情上缺乏依靠，内心世界封闭，这些几乎在每个孩子身上都能看得见。因为本次捐赠的物资中有电脑，所以“让我们用最便捷的方式，给爸爸妈妈写封信吧”志愿者提议。打开电脑才发现，这个已经成为现代都市生活必不可少的元素的电脑，在这里，大多数孩子都还不会用，在志愿者的帮助下，小女孩在屏幕上敲下了“爸爸妈妈，你们辛苦了，我想你们了。”简单的几个字，是接下来长久的沉默，让我们看到了孩子内心深处的柔弱和无助。真心希望这些设施，真的能够帮助他们找到那个外面的世界，帮助他们可以和爸爸妈妈常常联系。','news_198.jpg',NULL,'','',''),
	(199,74,'','阳光之家的是一个针对留守儿童的公益项目，是依据留守儿童聚集地所在学校建立的活动室，由社会爱心人士所捐赠，阳关之家配备基础的通讯设备及书籍娱乐设施，旨在帮助这些孩子放学之后，可以有一个娱乐互动的场所，可以有机会和远在外地的父母沟通。这次亲访，志愿者们发现，除了阳光之家以外，孩子们还有很多地方需要大家的帮助，譬如那个他们乐在其中的，用砖头垒起来的乒乓球台。','news_199.jpg',NULL,'','',''),
	(200,74,'','“这样的孩子到底住在什么样子的家庭里？”带着这样的疑问，志愿者跟着一个充满阳光快乐的小男生徒步走了1个半小时，走进了孩子的家。已经对毕节有些认识的我们还是被眼前的场景震惊了，人畜共处一室，油纸糊的窗户，没有台灯要借助自然光才能完成作业，一家六口挤在木板搭起来的房子里。爸爸早年的意外去世，妈妈的改嫁，年迈的奶奶，这些是很多毕节儿童的生活缩影。志愿者凑了1000元的现金，留给了这个叫建华的男孩。因为给我们震惊的不仅是这让人难以想象的贫困，还有这个孩子脸上乐观坚强的微笑。保持联系，是我们希望给他的承诺。','news_200.jpg',NULL,'','http://v.youku.com/v_show/id_XMTcyOTEzOTIzMg==.html?spm=0.0.his-content.5!2~1~3~A.iLt4Td',''),
	(201,75,'','从2015年开始，六月鲜品牌联手欧阳应霁、文昊天和唐彦三位艺术家，共同打造了三款围裙及酱油瓶身围裙。通过一系列动作，六月鲜悄然在社会化媒体中刷出了存在感。\r\n初识：“别怕厨房”一语道破，打醒传统下厨观\r\n当新京报连版刊登这样的大字问句“女人三十一枝花，天天下厨全白瞎？”“婚后做饭少不了，少女一夜变大嫂？”“厨房里面有老虎，女神累成垃圾股？”恐怕有不少年轻人已经举起了双手准备鼓掌：这不就是我们的心声？ \r\n媒体的意义早已不再局限于传统的展示功能，从传统媒体收获的新媒体讨论量，比任何营销账号的效果要大得多。六月鲜利用新京报发布的“别怕厨房”打响“抽脸”第一枪，直戳受众心中的恐惧和厨房在人们心中的刻板印象，夸张喜剧的病毒化海报在被分享到社会化媒体后，迅速引发网友的关注及热议，特别是在年轻群体中。随后“别怕别怕体”从单打独斗发展成了一场品牌大联欢。打油诗式的幽默文案配上经典打脸画面，从相亲到春运，从《武媚娘传奇》到“国民老公”，时下热门话题被调侃个遍，毫不客气地在微博和微信朋友圈中流传开来。','news_201.jpg',NULL,'','',''),
	(202,75,'','“抽脸”海报占领观众眼球，颠覆受众传统印象中的厨房旧观念，但六月鲜的野心不止于此。紧接着，继续围绕六月鲜品牌的欣厨主义下厨观——“下厨也可以美美的”，一场场运用情感营销的“厨房战役”开始赢取更多年轻受众的青睐，倡导革新厨房品质生活的新观念也在不断深入人心。\r\n趁热：H5小游戏为品牌注活力，做真正有产出的互动营销\r\n去年起，各种H5互动页借由微信平台崭露头角，走进更多人的视野。六月鲜在打破厨房旧观念之后马上通过“为厨房正名”的互动页面向网友传达欣厨主义理念。','news_202.jpg',NULL,'','',''),
	(203,75,'','这种方式吸引了许多人的注意，虽然是简单的海报生成，但网友脑洞大开，电影版、明星版、职业版、作家版等千奇百怪的海报层出不穷，大量的UGC内容在网络中传播。品牌不再自说自话，由单向的社会化广告发布，升格为主角大众参与的互动，六月鲜的品牌理念也渐入人心。（来源：搜狐网）','news_203.jpg',NULL,'','',''),
	(208,77,'','在沈阳，欣和携手刘敬贤，北京屈浩，郑州吕长海、禹建海、陈进长，上海顾明钟、胡丽妹、姜介福，成都王开发、缪青元等三十多位全国厨界大师及其弟子们，前往当地儿童福利院和敬老院，为特殊儿童和老人捐赠酱油和保暖物资。','news_208.jpg',NULL,'','',''),
	(209,77,'','在郑州，欣和走进了社会福利院。带着保暖衣、围巾、棉马甲、欣和调味料、裕丰源滋补烩面，给孩子和老人送去了温暖和爱心。','news_209.jpg',NULL,'','',''),
	(210,77,'','在上海，我们带着充满爱心的欣和健康调味品、可口美味的饺子，走进了上海长宁区华阳街道敬老院。大厨们和爷爷奶奶现场包饺子互动，更是让活动现场气氛热烈……欣和会持续把关爱社会、继承敬老美德传承下去！','news_210.jpg',NULL,'','',''),
	(211,77,'','在这天，欣和携手有爱的人们，共同把更多爱给社会，传递爱，待世界如家人。（来源：中国新闻网、新浪网）','news_211.jpg',NULL,'','',''),
	(212,78,'','从2015年开始，六月鲜品牌联手欧阳应霁、文昊天和唐彦三位艺术家，共同打造了三款围裙及酱油瓶身围裙。通过一系列动作，六月鲜悄然在社会化媒体中刷出了存在感。\r\n初识：“别怕厨房”一语道破，打醒传统下厨观\r\n当新京报连版刊登这样的大字问句“女人三十一枝花，天天下厨全白瞎？”“婚后做饭少不了，少女一夜变大嫂？”“厨房里面有老虎，女神累成垃圾股？”恐怕有不少年轻人已经举起了双手准备鼓掌：这不就是我们的心声？ \r\n媒体的意义早已不再局限于传统的展示功能，从传统媒体收获的新媒体讨论量，比任何营销账号的效果要大得多。六月鲜利用新京报发布的“别怕厨房”打响“抽脸”第一枪，直戳受众心中的恐惧和厨房在人们心中的刻板印象，夸张喜剧的病毒化海报在被分享到社会化媒体后，迅速引发网友的关注及热议，特别是在年轻群体中。随后“别怕别怕体”从单打独斗发展成了一场品牌大联欢。打油诗式的幽默文案配上经典打脸画面，从相亲到春运，从《武媚娘传奇》到“国民老公”，时下热门话题被调侃个遍，毫不客气地在微博和微信朋友圈中流传开来。','news_212.jpg',NULL,'','',''),
	(213,78,'','“抽脸”海报占领观众眼球，颠覆受众传统印象中的厨房旧观念，但六月鲜的野心不止于此。紧接着，继续围绕六月鲜品牌的欣厨主义下厨观——“下厨也可以美美的”，一场场运用情感营销的“厨房战役”开始赢取更多年轻受众的青睐，倡导革新厨房品质生活的新观念也在不断深入人心。\r\n趁热：H5小游戏为品牌注活力，做真正有产出的互动营销\r\n去年起，各种H5互动页借由微信平台崭露头角，走进更多人的视野。六月鲜在打破厨房旧观念之后马上通过“为厨房正名”的互动页面向网友传达欣厨主义理念。','news_213.jpg',NULL,'','',''),
	(214,78,'','这种方式吸引了许多人的注意，虽然是简单的海报生成，但网友脑洞大开，电影版、明星版、职业版、作家版等千奇百怪的海报层出不穷，大量的UGC内容在网络中传播。品牌不再自说自话，由单向的社会化广告发布，升格为主角大众参与的互动，六月鲜的品牌理念也渐入人心。（来源：搜狐网）','news_214.jpg',NULL,'','',''),
	(215,79,'','2016年7月21日上午，“欣和爱生活食育体验馆”社会大课堂启动仪式如期举行。“欣和爱生活食育体验馆”是教育局“社会大课堂”项目的重要实践基地，作为77个开放场馆之一，面向全市中小学生免费开放。\r\n从今年6月起，烟台中小学生“社会大课堂”活动进入全年常态化运行的阶段，“社会大课堂”指定场馆的活动参与周期为一年，时间将不再局限于寒、暑假期间，在场馆运营时，自愿参加活动的中小学生可持学生证、校牌或有效的学校证明，到各场馆免费进行参观体验、研究学习等各种实践活动。\r\n在爱生活食育体验馆“社会大课堂”的启动仪式上，烟台职业学院的大学生们倾情助力，为现场师生带来了《燃烧吧，蔬菜》、《贝尔加湖畔》等精彩表演，青春洋溢的舞姿给仪式带来了无尽活力。','news_215.jpg',NULL,'','',''),
	(216,79,'','在仪式中，最给力的要算欣和超炫酷的“移动食育课堂”了。当它开到同学们身边时，现场一阵欢呼，炫酷的外形让同学们好奇“大家伙”将为他们带来怎样的体验。在车门开启后，一个迷你冰激凌加工厂映入眼帘。在炎热的天气，清爽解暑的冰激凌正合孩子们的心意，更何况，这还是世界上独一无二的酱油冰激凌，只有在欣和才能品尝到哦！进入生产车间，探索酱油是如何炼成的。随后，大家在解说员的带领下，来到了酱油的生产车间。平时总听闻“打酱油”，却还不知道酱油是怎么回事的孩子们，在这里大开眼界。同学们被眼前满满一墙的荣誉证书所震撼：“怪不得，妈妈总是买欣和的调味品，原来如此啊！”“是啊，欣和还拿过世界金奖，真是了不起！”……','news_216.jpg',NULL,'','',''),
	(217,79,'','在生产车间的观摩走廊上，同学们好奇地发问：“为什么这里都没多少人工作，难道他们都休息了吗？”“流水线上的叔叔阿姨们正在正常工作呢。因为现在都是机械化生产，强调食品安全，所以我们尽量避免人工直接接触生产过程。”解说员解释道，在从原料的采购和储存，到生产、产品储存及运输，然后到达销售终端，最终呈现在消费者厨房的整个食品链中，所有的生产环节都是被严格进行机械化操作的，这样就避免了人的直接接触，生产出来的产品才更安全。\r\n一上午的时间，很快就在参观、体验、品尝的过程中就过去了。孩子们增长了见识，学习到了食物认知、烹饪食物的相关知识，这所“社会大课堂”所讲述的内容，是他们在学校课堂上永远体会不到的。','news_217.jpg',NULL,'','',''),
	(218,79,'','我们“待世界如家人”，以坦诚的态度、透明化的生产标准和无条件支持“家人”、奉献“家人”的情怀，去努力实现让社会饮食环境更健康、更和谐的理念，使人与人之间的关系变得更融洽。最终，改善食物从“源头到餐桌”的完整、健康的饮食生态系统。\r\n这个饮食生态系统，能够让我们获得对环境友好的农业产品，在正规渠道购买到质量有保障的商品。能够推动企业以高标准和新科技生产更健康的食品，且让这些食品变得随时随地触手可及。同时，使供应商能够在原产地提供当季健康的食物，继而打造好的饮食服务和健康的餐饮环境。最后，对下一代进行全方位的饮食教育，让孩子们能健康快乐的成长，习得健康的饮食观，并将之传承下去。\r\n如今“社会大课堂”启动仪式的举行，标志着“欣和爱生活食育体验馆”以对待家人的心态，正式在暑期面向中小学生免费开放。来源：烟台晚报）','news_218.jpg',NULL,'','',''),
	(221,81,'','提到外交官，脑海中浮现的画像多是：西装革履、处变不惊、日理万机、国与国间的重要纽带。当外交官要回归柴米油盐，做起烹饪会是怎样的景象呢？\r\n12月2日，由欣和企业参与主办的第九届驻华外交官烹饪赛在古色古香的乙十六会所举行。','news_221.jpg',NULL,'','',''),
	(219,80,'','欣和企业食品有限公司副总经理姜军武在近日召开的第七届中国食品安全论坛上，接受中国经济网记者专访时表示，“尚德守法”其实是对一个企业比较好的约束，一个是德，一个是法。众所周知，法律对于一个社会的繁荣和公平的竞争环境是至关重要的，事实上，食品安全领域的法律法规也在不断完善，法治可以说是底线和基石，要求企业和个人依法履行自己的责任。　','news_219.jpg',NULL,'','',''),
	(220,80,'','“另外一方面来说，实际上对一个企业来说，他真正的成功不仅仅是盈利，而是为这个社会做出更多的贡献，为消费者提供更好的有价值的健康的产品和服务，也就是说一个真正好的企业,应该是有益于行业和社会的”，姜军武表示，其实企业应该不仅仅遵守法律，更主要的是主动为消费者提供更有价值的东西，然后承担起社会责任的主体义务，这是道德在基本层面的体现。　\r\n同时，姜军武也表示，当前食品安全环境稳中向好，但也还存在各种各样的风险，不管是发达国家还是发展中国家，也不管是什么时代，都会存在各种各样的风险，即使是再优秀的企业也会有各种风险，我们应该不断认识风险并防范风险。　\r\n他表示，“消费者的需求在不断变化，健康的生活理念正在渗透，这对于企业来说也是一个发展机遇，需要社会各界支持，在保证安全的同时,更加健康与美味”。此外，他认为，食品安全知识的科普工作也是重中之重，只有消费者具备一定知识判断水平，才能让很多谣言问题迎刃而解。（来源：中国新闻网）\r\n','news_220.jpg',NULL,'','',''),
	(223,81,'','今年的主题是一带一路，十八个国家的外交官共聚在此，参与烹饪，分享世界的味道。','news_223.jpg',NULL,'','',''),
	(222,81,'','俄罗斯参赞发言说：每个国家都有自己的饮食文化，我们通过饮食大赛了解彼此，通过食物建立和世界的关系。','news_222.jpg',NULL,'','',''),
	(224,81,'','这与欣和的理念不谋而合，欣和待世界如家人。欣和自今年11月起，启用新的企业标识，标识外面圆圈代表全世界，交织曲线勾勒出自豪的携手并肩的一家人。新标识同时演绎着植物花苞的形状，植物的花苞体现着自然新生的活力，放置于标识中间的位置，传达出优质食材是任何一个强大、健康家庭的根本。(来源：中国新闻网)','news_224.jpg',NULL,'','',''),
	(225,82,'','江南大学是国内食品院系重点院校，拥有国家级的重点实验室，多年来，为中国的食品行业输送大量的食品人才，是名副其实的食品届黄埔军校。欣和，作为以赢得信赖为终极目标的食品企业，致力于引领饮食生态的改善，让家人安心享用每一餐，乐活健康每一天。历年来与江南大学的深度合作，旨在与未来的食品人共勉做食品人应该秉承的信念，共同激荡用创意让食品更加美好，共同来推动中国饮食生态的改善。\r\n2016年5月，欣和企业再次携手江南大学食品学院调味品俱乐部，举办了软罐头美食创意比赛，几路不同的选手，经过精心的准备，严格的筛选，在9月25号晚上登上了决赛的舞台。','news_225.jpg',NULL,'','',''),
	(226,82,'','本次决赛的评委由行业协会代表，企业方代表，江南大学的专业指导老师共同组成。决赛开始前，先由欣和企业董涵中经理率先分享欣和做食品的理念，“‘我们自己不吃的东西，就不会卖给消费者，更不会生产。’不论我们今天做怎样的创新，都不要忘了我们一个食品人最基本的职业道德，我们做的东西，是要被千千万万家庭吃进身体里面的，食品人的责任大于天。”基于多年的从业经验，她还跟大家分享如何思考创新，“创新不是奇思妙想，天马星空，食物的创新，是需要我们用很锐利的眼睛去洞察我们消费者的需求，他们有什么痛点、痒点，又有什么兴奋点，这是我们去创意一款产品思路的来源。好的想法，一定要具备可行性，有没有技术可以支撑，条件是不是允许，有没有安全隐患，这就是产品创新要思考的技术，技术决定哪些想做的事情，是可以做的。另外，产品的创新，通常还要考虑商业的因素，因为好的产品一定要具备可以盈利的能力，只有盈利的好产品，才可以持续不断的发展，不断的完善，这就是商业。一个创新的想法想要落地实现，一定要从人文、技术、商业三个维度去思考，才是完整的。“','news_226.jpg',NULL,'','',''),
	(227,82,'','决赛开始，参赛选手带着他们的参赛作品，依次上台展示，并且通过图文并茂的形式，讲解他们的创意来源，制作的过程，营养价值，产品定价，虽然很多的地方还不是很成熟，但是有趣的想法，创意的呈现，甚至花心思的包装设计，都让人眼前一亮。最终“玫瑰小丸”凭借其独特的创意、令人回味的味觉体验和精美包装造型从众多参赛作品中脱颖而出，摘得一等奖桂冠。','news_227.jpg',NULL,'','',''),
	(228,82,'','从2014年的““美味面酱DIY创新大赛”，到2015年的“ ‘拌壁酱山’ 拌饭酱DIY大赛”，到今年的“软罐头创意大赛”，欣和为未来的食品人提供了无限创意发挥的舞台，同时也希望用欣和做食品的理念，影响更多的食品人，用创意的火花点燃更多的食品人，可以与欣和一起推动饮食生态的改善，为建立可值得信赖的中国食品品牌而一起努力。','news_228.jpg',NULL,'','',''),
	(229,83,'','2015年4月3日，第十九届亚洲食品添加剂和配料展览会在上海国家会展中心成功开幕，作为在食品添加剂和配料领域内公认的规模最大、国际化程度最高、信息量最大的展会，本届展会共吸引了包括国际顶尖食品企业在内的1400余家企业参会，现场氛围异常热烈。多次代表中国食品工业站在国际舞台上的欣和企业作为中国代表，也受邀参展，现场展出了旗下多款明星产品，吸引世界各地经销商前来洽谈。\r\n\r\n金牌品质 成就“特别”欣和\r\n\r\n据悉，去年在有食品界奥斯卡之称的世界食品科技大会上，欣和企业是继2012年荣获“全球食品工业奖”之后，以其近年来对于全球食品行业健康发展的突出贡献，赢得了“主席特别奖”，成为首个连续两次登上国际舞台的调味品企业，为传播中国食品工业正能量贡献了自己的一份力量。而欣和为什么能赢得国际专业领域的如此青睐？据欣和相关负责人介绍： “欣和一直以来都恪守严把质量关的原则，对每一滴产品做到精益求精，可能正是这种用心劲儿，才能酿造出赢得世界尊重的高品质产品。”而欣和旗下的“遵循自然”系列高端产品以其“0添加、纯自然发酵、每百毫升酱油中富含12.5克优质蛋白”等几大项核心优势，更是在去年中国食品科技大会上一举夺得“产品创新一等奖”的荣誉。一位资深业内观察人士表示，“欣和近几年来的创新能力在业内是有目共睹的，不断创新的品牌基因，是促使欣和成为最具活力和发展空间品牌的核心驱动力”。','news_229.jpg',NULL,'','',''),
	(231,83,'','','news_231.jpg',NULL,'','',''),
	(233,84,'','继烟台、洛阳、郑州、天津、大连几大城市后，欣和名厨菜品交流会于2016年8月3日在泉城济南的索菲特银座大酒店隆重拉开帷幕！\r\n此次交流活动，除邀请到行业内德高望重的鲁菜大师王兴兰大师、李培雨大师、崔伯成大师，中国鲁菜文化博物馆馆长赵建民教授、山东社会科学院历史所研究员王赛时教授、齐鲁晚报新闻中心副主编原慧谦女士等多位嘉宾，山东新东方烹饪学校的老师和优秀学生代表、美食达人也应邀前来。\r\n泉城夏日的高温酷暑，抵挡不住厨师朋友的学习热情，共有超过600位餐饮业从业人士到场，济南众多中高档餐饮酒店的老板、行政总厨携各档口厨师参与，还有几十位来自周边城市甚至外省市的厨师也闻讯而来。','news_233.jpg',NULL,'','',''),
	(230,83,'','专业服务 用心品味优质的味道\r\n\r\n试吃台作为各企业在本次活动展示的窗口，无疑是最受欢迎的地点。往来客商不仅能了解产品的使用方法，对滋味的好坏更有直接的体验。欣和试吃台前人群络绎不绝，黄金炸猪排配上味达美上海辣酱油，焦香的鸡翅配上六月鲜特级酱油，获得大家的一致好评。而在现场，记者也看到欣和的专业顾问正在认真回答来自世界各地经销商的问题。据悉，在不断追求卓越品质的道路上，欣和已经建立了一支专业化产品服务团队。旗下拥有精通各地饮食文化的厨务顾问团、产品研发及应用工程师团队，以客户需求为中心，整合内外资源，为客户提供精专、用心的服务，视客户为伙伴，与客户共同成长、共同发展。','news_230.jpg',NULL,'','',''),
	(232,83,'','健康饮食 开创品质生活新时代\r\n\r\n繁忙的工作，快速的生活节凑，使现代人的生活倍感压力。而随着健康问题的加剧，人们也意识到品质生活的重要性。分析人士指出，随着消费者对自然、健康调味品的强烈需求，而以健康理念为主打的高端酱油产品市场的发展潜力是巨大的。欣和六月鲜淡盐酱油、禾然有机酱油、遵循自然原酿酱油的相继推出，正是填补了市场的需求，引领了酱油行业的新风向，提出全民品质生活新时代理念。资深专业人士指出“作为开启中国“新酱油时代”的行业领先者，欣和的成功在于其不但准确敏锐地捕捉到了消费者需求的变化，更能够抢得市场先机。”（来源：中新网生活频道）\r\n','news_232.jpg',NULL,'','',''),
	(234,84,'','经过前期对厨师需求菜品和食材的充分调研，本次活动精选了外地烹饪大师和本地餐饮旺店提供的60道菜品进行展示，菜品选材广泛，食材搭配丰富，烹饪技法创新，适合当地推广。一进入会场，菜品展示区和试吃区就吸引了众多厨师的目光，大家纷纷上前拍照学习，品鉴试吃菜品，并与制作厨师沟通菜品创新做法、食材选取与搭配、菜品营养价值等。而另一边的禾然有机醋饮和黄飞红休闲零食的品鉴区，也吸引了到场的消费者、美食达人品尝，感受欣和让家人“健康的吃，吃的健康”的质朴信念。','news_234.jpg',NULL,'','',''),
	(235,84,'','活动开始后，欣和餐饮品牌经理张勇跟大家分享了欣和从一袋酱开始、用心做产品的故事。秉持着“待世界如家人”的理念，欣和一直坚持“自己不吃的东西就不要卖给消费者”，致力于引领饮食生态系统的改善，推动健康生活新浪潮，树立行业新标杆，赢得全球家庭信赖。\r\n到场的厨师、消费者也纷纷发表了感想，现场厨师在交流时讲到，“用普通的食材也能做出高档的菜肴来，而且用料更健康，今天确实受益匪浅，希望以后能有更多这样的机会跟大师面对面交流，学习新菜。” “第一次参加这样的活动，学习到了很多烹饪方面的知识，尤其是了解到欣和‘自己不吃的东西就不要卖给消费者’的理念，觉得很感动。对于调味品的健康安全多了一份放心，以后我也要尝试在家用欣和的调料给家人做出更多美食。”现场消费者积极反馈。\r\n欣和一直在践行“待世界如家人”的企业信念，并且从更宽广的视角出发，关注食物，以及与食物息息相关的每一个环节，让更多家庭吃到健康的调味品，宣导健康的饮食理念，让家人安心享用每一餐，乐活健康每一天！','news_235.jpg',NULL,'','',''),
	(236,85,'','六月，是六月鲜的品牌月， 2016年六月，在六月鲜品牌诞生的第13个年头，在天津、杭州、深圳、成都、北京、上海、南京、武汉八大城市街头，我们带着本次品牌推出的倡议“把简单的事情用心做好”，上演了一场从原料产地到家庭餐桌的酱油体验之旅。\r\n这次体验设计的出发点是让消费者感受酱油由一颗黄豆发酵开始一直到厨房餐桌的全过程，因此在现场您可以看到，酱油原料产地介绍、酱油实验室展示及家庭厨房三个部分，现场的观众在我们工作人员的带领下，可以从酱油原料-非转基因大豆的产地开始了解，了解酱油发酵的全过程，以及如何判断一瓶酱油的好坏，一直到走进厨房，用健康鲜美的六月鲜烹饪出美味佳肴的全过程。','news_236.jpg',NULL,'','',''),
	(237,85,'','在以美食闻名的成都，我们还特别邀请到了网络上很有影响力的民间大厨-小宝君，请小宝君现场用六月鲜酱油烹制多道创新菜，有美味新奇的咸戚风蛋糕、经典的深夜食堂酱油面、风味独特的土豆培根烤肉和黑蒜牛肉粒等，这一用心的准备吸引到很多行人驻足参观、品尝，让大家品尝美味的同时学习烹饪的小技巧。','news_237.jpg',NULL,'','',''),
	(238,85,'','在临近帝都的现代化城市天津，我们推出了六月鲜的超酷神秘美食—酱油冰淇淋。很多人听到酱油冰淇淋都会不解，酱油也可以做冰淇淋吗？不要惊讶，我们的神秘美食就是酱油冰淇淋。我们自制的酱油冰激凌，吸引了很多年轻朋友前来品尝，尤其受到小朋友们喜爱，从这经过的外国友人也对美味的酱油冰淇淋赞不绝口。  ','news_238.jpg',NULL,'','',''),
	(239,85,'','十三年来，六月鲜专注只做六个月发酵的特级酱油。酱油，这个看起来非常简单的调味品，实则不简单。从原料的选择，到菌种的呵护，全程的监控，食用方法的研究，如何吃，如何吃得健康，六月鲜，用信念和坚持，在践行，把简单的事情用心做好。','news_239.jpg',NULL,'','',''),
	(240,86,'','2016年11月2日，第二十一届中国国际渔业博览会将继续在青岛隆重举办，将有来自96个国家和地区的27934名采购商和供应商聚集到2015中国国际渔业博览会。欣和，作为行业内较早与大型食品加工企业及连锁餐饮企业合作的服务型企业，连续10年参加中国国际渔业博览会，本次博览会欣和集团的展位将出现在S3馆0101-122。\r\n在过去七年里，中国国际渔业博览会的规模逐年扩大，发展成为全球第二大水产贸易展览会，表明全球水产品生产贸易商更加重视中国市场，直接反应出中国作为全球第一大水产品贸易国和最为活跃水产品市场的重要地位，促进了全球水产贸易的发展。2015年的渔博会吸引了全球大型连锁采购商、餐饮服务商、进口商、加工商、分销商、 零售商、航空公司、银行和服务提供商等前来交流、合作。','news_240.jpg',NULL,'','',''),
	(241,86,'','2016年对于欣和有着特别意义，1月份欣和公布了新LOGO及企业品牌标识系统，欣和从更广阔的视角出发，引领饮食系统的改善，从原料的选择，到家庭餐桌的每一个过程，我们始终秉承最初的承诺和愿景，立志让每一个家庭安心享用每一餐，乐活健康每一天。本次中国国际渔博会，欣和将展示食品工业部餐饮服务的新产品，还将全面介绍欣和企业的使命和愿景。在这里，欣和带着诚信和责任去结识更多志同道合的食品行业朋友，共同引领饮食生态系统的改善，推动健康生活新浪潮。','news_241.jpg',NULL,'','',''),
	(242,87,'','“侨梦苑”项目旨在为侨商企业和海归人士打造全链条事业发展和生活综合服务体系，助力广大侨商和专业人士回国投资创业。从2014年底起，国务院侨办会协同部分地方政府，在中国重大发展战略布局中选择精华地带，逐步建立了13个“侨梦苑”。“侨梦苑”是华侨华人回国创业的载体，是侨胞“圆梦”的地方，所建之地，即具备从国家到地方的政策优势，又汇聚侨资侨智资源，充分发挥华侨华人协同创新作用。\r\n2016年10月19日，国务院侨办经科司司长左志强、山东省侨办主任刘方会、烟台市政府副市长张代令、烟台市外事侨务办主任尹国文、烟台开发区管委副主任杨林盛等多位领导参观考察多家烟台侨资企业，欣和集团作为优秀侨资企业代表，接受了考察团考察。','news_242.jpg',NULL,'','',''),
	(243,87,'','2011年8月国务院侨办中国华文教育基金会方文国副秘书长一行就曾来烟考察，参观过欣和企业。此次在欣和集团副总姜军武陪同下，考察团一行参观了欣和集团体验馆，在这里可以看到欣和自1992年创立，经过20余年发展，发展成为旗下拥有11个产品品牌，10家专业化生产基地的国内知名调味品企业；可以看到在7000多名欣和人的坚守与承诺下，确保每瓶产品安全，以统一的质量标准进入千家万户；可以看到欣和凭借品牌美誉和专业实力，荣获的多项荣誉奖项。在了解欣和发展历程后，烟台市政府副市长张代令对欣和企业和孙德善董事长给予高度评价。','news_243.jpg',NULL,'','',''),
	(244,87,'','20多年来，欣和秉承初心，坚持自己不吃的食物，就不卖给消费者，更不会生产产品，赢得越来越多的家庭信赖。欣和在做事业的同时，不忘以村企共建、捐赠弱势群体、资助贫困大学生、赈灾捐款等多种形式的公益活动回馈社会。作为”桥梦苑“优秀企业代表，欣和会继续用对待家人的心去生产我们的产品，让每个家庭可以安心享用每一餐，乐活健康每一天。','news_244.jpg',NULL,'','',''),
	(245,88,'','围裙到底对于六月鲜意味着什么，对于这个问题，我们思考了好久。\r\n追溯围裙最早的概念，是从六月鲜身前的标签衍生而来。六月鲜的瓶子犹如女性优美的曲线，六月鲜像孕育生命一样的酿造每一瓶酱油，身前的这个盾形的标签，就像是一条守护女性的围裙，保护着她微微隆起的腹部，也流露出女性坚韧中的温情。','news_245.jpg',NULL,'','',''),
	(246,88,'','从2003创建六月鲜品牌，六月鲜就专注于只做六个月发酵的特级酱油，13个六个月的轮回，用心孕育着每一瓶六个月发酵的酱油。围裙伴随着六月鲜，犹如她的战袍，记录下她一路的艰辛和挑战，同时也见证着她无数的自豪和喜悦。\r\n专注，不仅需要信念，更需要坚持。只有专注，才造就六月鲜今天独特的味道。“围”有一心，才有这一味。如六月鲜，如每一位专注的你。\r\n生活中的围裙，往往会有留下烹饪时的污渍，它可能是你第一次烹饪时不小心撒上的酱油，也可能是喂宝宝吃饭时溅出的残渣，它也许曾记录过您沉浸于一人食中的专注，也许记载着您第一次为心爱的人下厨时的紧张。围裙上留下了许多的污渍，但是这些污渍也正是我们专注对待生活的佐证。','news_246.jpg',NULL,'','',''),
	(247,88,'','2016/2017年春节，六月鲜穿上了属于她自己的战袍，一个个晕染开的污渍，源自在专注的路上的我们遇到的挑战，但是专注又让我们华丽转身。六月鲜，专注只做六个月发酵的特级酱油，穿上她的围裙，炫彩夺目。','news_247.jpg',NULL,'','',''),
	(248,89,'','2016年11月30日-12月2日，由中国调味品协会主办的“第十二届中国（国际）调味品及食品配料博览会”将如期在上海世博展览馆（上海市国展路1088号）隆重召开。作为调味品行业领导企业的欣和集团曾多次参加此类展会，此次将再次亮相中国（国际）调味品展，本次欣和集团展位将出现在a268号区域，欢迎志同道合的朋友前来参观、洽谈。\r\n中国(国际)调味品展会及食品配料博览会作为国家商务部批准的调味品行业专业展会，始办于2005年，经过10年的磨砺和发展，在北京、上海、广州三大城市分别举办多次，展会规模逐渐扩大。本次展会本着“促进产业资源整合，提升企业品牌形象”的办展宗旨，针对国内调味品展会市场的现状，倾力为企业提供一个宣传品牌、展示新品、投资洽谈、相互交流的平台，本次展会将为调味品生产企业与批发商、零售商建立联系和进行贸易洽谈提供机会。','news_248.jpg',NULL,'','',''),
	(249,89,'','本次调味品展会，欣和将携旗下7个品牌出现在展会现场。在行业内，欣和素以“创新”闻名。不管是在产品设计方面，还是消费者互动，欣和团队在本次展场的设计上，也别有巧思。此次整个展区设计成房子形状，以欣和LOGO色为主色调，配以欣和饮食生态主题插画和生产原料装饰，整体呈现简约、精致、温馨的基调，与欣和集团待世界如家人的企业信念相呼应，也体现欣和从更广泛的饮食生态入手，改善食物从源头到餐桌的每一个环节，这是本次展会欣和集团用心之一。另外在展区欣和为观展者现场泡制酸甜可口的健康醋饮，在您参展的同时，可以品尝不一样的健康美味，这也是欣和的用心之处。','news_249.jpg',NULL,'','',''),
	(250,89,'','欣和作为中国食品行业的先锋，立志成为能代表中国的领先食品企业，希望通过饮食生态系统的改善，推动健康生活新浪潮，树立行业新标杆。从创业之初，欣和集团鼓励可持续的农业种植，打造可靠的饮食供应链，保持创新的产品研发理念，坚持高标准的生产制造，打造更广的覆盖面，从数字平台到实体销售，从大城市到农村，从中国到国外，希望每一个家庭都能接触到欣和的产品，告诉更多的人如何去吃，如何吃得健康。在这里，欣和集团以诚信和责任去结识更多志同道合的食品行业朋友，共同引领饮食生态系统的改善，让家人安心享用每一餐，乐活健康每一天。','news_250.jpg',NULL,'','',''),
	(251,2,'fdsfsdf','2003年，六月鲜品牌诞生，六月鲜命名源于酱油发酵的周期，6个月。从味达美味极鲜酱油到欣和味极鲜，欣和立足于鲜味酱油领域，一直在不断进步。03年基于对市场进行整体规划，将鲜味酱油品牌进行升级，将高品质鲜味酱油市场起点定于上海市场，从此开启六月鲜酱油上海市场的征程。\n','news_1.jpg',NULL,'fffffffff','','fdsf');

/*!40000 ALTER TABLE `xxx_newscontent` ENABLE KEYS */;
UNLOCK TABLES;


# Dump of table xxx_newslist
# ------------------------------------------------------------

DROP TABLE IF EXISTS `xxx_newslist`;

CREATE TABLE `xxx_newslist` (
  `thisid` int(11) NOT NULL AUTO_INCREMENT,
  `thisname` varchar(300) DEFAULT NULL,
  `typeid` int(11) NOT NULL,
  `brandid` int(11) DEFAULT NULL,
  `thispic` varchar(50) DEFAULT NULL,
  `thispicp` varchar(50) DEFAULT NULL,
  `thispicm` varchar(50) DEFAULT NULL,
  `thisdate` date DEFAULT NULL,
  `thisdes` varchar(300) DEFAULT NULL,
  `isopen` tinyint(1) DEFAULT '0',
  `reason` varchar(400) DEFAULT NULL,
  `clicks` int(11) NOT NULL DEFAULT '0',
  `dateadd` timestamp NULL DEFAULT CURRENT_TIMESTAMP,
  PRIMARY KEY (`thisid`)
) ENGINE=MyISAM DEFAULT CHARSET=utf8;

LOCK TABLES `xxx_newslist` WRITE;
/*!40000 ALTER TABLE `xxx_newslist` DISABLE KEYS */;

INSERT INTO `xxx_newslist` (`thisid`, `thisname`, `typeid`, `brandid`, `thispic`, `thispicp`, `thispicm`, `thisdate`, `thisdes`, `isopen`, `reason`, `clicks`, `dateadd`)
VALUES
	(2,'我们像孕育生命一样酿造每一瓶酱油',2,1,'news2s.jpg','news2.jpg','news2m.jpg','2003-06-01','六月鲜是在讲一瓶酱油的故事。',1,'',180,'2016-06-05 02:30:55'),
	(3,'六月鲜的健康私房菜大赛',2,2,'news3s.jpg','news3.jpg','news3m.jpg','2005-06-01','健康私房菜，是欣和六月鲜不同于其他品牌的消费者沟通方式。',1,'',72,'2016-06-05 04:18:30'),
	(4,'在品尝过人生五味之后，你还期待什么味道？',2,NULL,'news4s.jpg','news4.jpg','news4m.jpg','2010-06-01','在品尝过人生五味之后，你还期待什么味道？',1,'',96,'2016-06-05 04:39:50'),
	(5,'六月鲜，让幸福 变简单',2,NULL,'news5s.jpg','news5.jpg','news5m.jpg','2012-06-01','自六月鲜产品上市以来，六月鲜优美的瓶体曲线，',1,'',96,'2016-06-05 05:32:50'),
	(10,'月圆团圆，让幸福变简单',2,NULL,'news10s.jpg','news10.jpg','news10m.jpg','2012-09-01','这个中秋节有两个月，一个看着，圆满；一个吃着，美满；',1,'',83,'2016-06-08 01:46:38'),
	(11,'八月十五，不只是时间',2,NULL,'news11s.jpg','news11.jpg','news11m.jpg','2000-01-01','每年的农历八月十五，对于全球华人来说，不仅仅是一个时间的概念',2,'内容无法重新编辑',12,'2016-06-08 06:15:42'),
	(12,'八月十五，不只是时间',2,NULL,'news12s.jpg','news12.jpg','news12m.jpg','2013-09-01','每年的农历八月十五，对于全球华人来说，不仅仅是一个时间的概念',1,'',71,'2016-06-11 22:49:17'),
	(14,'装满幸福“欣”年味',2,NULL,'news14s.jpg','news14.jpg','news14m.jpg','2013-01-01','春节对中国人来说，是最重要的传统节日，阖家团圆，举杯欢庆。',1,'',58,'2016-06-12 22:15:03'),
	(15,'六月鲜香亲情季，记得回家吃饭',2,NULL,'news15s.jpg','news15.jpg','news15m.jpg','2013-06-01','六月亲情季，记得回家和家人一起吃饭',1,'',56,'2016-06-12 23:30:34'),
	(16,'六月鲜，六月不只是时间',2,NULL,'news16s.jpg','news16.jpg','news16m.jpg','2013-05-01','六月，不只是时间',1,'',54,'2016-06-12 23:59:20'),
	(17,'六月，自然鲜美之声',2,NULL,'news17s.jpg','news17.jpg','news17m.jpg','2014-06-01','六月，不只是是时间，更是六个月用心孕育的鲜美之声',1,'',204,'2016-06-13 00:24:33'),
	(18,'大年三十，不只是时间',2,NULL,'news18s.jpg','news18.jpg','news18m.jpg','2014-01-01','大年三十，不只是时间，更是用心盛满的幸福欣年味',1,'',97,'2016-06-13 04:53:27'),
	(19,'用心锋味，不只是时间',2,NULL,'news19s.jpg','news19.jpg','news19m.jpg','2014-09-01','美食是一个载体，它可以承载亲情，友情，爱情……..',1,'',134,'2016-06-14 02:59:14'),
	(20,'欣年，用心绽出美一面',2,NULL,'news20s.jpg','news20.jpg','news20m.jpg','2015-01-01','新年，换上新的厨装，用心绽出美一面',1,'',112,'2016-06-15 04:47:32'),
	(21,'自然是醇香，岁月慢慢酿',2,NULL,'news21s.jpg','news21.jpg','news21m.jpg','2015-06-01','六月鲜香，在时间的等待之后，是醇香的馈赠',1,'',151,'2016-06-15 05:46:36'),
	(22,'用真心，守真味',2,NULL,'news22s.jpg','news22.jpg','news22m.jpg','2015-05-01','只有执着于内心真实的信念和理想，才能专注认真的做好每件事情',1,'',284,'2016-06-15 07:22:29'),
	(23,'把简单的事情用心做好',2,NULL,'news23s.jpg','news23.jpg','news23m.jpg','2016-06-01','把简单的事情用心做好，一点都不简单',1,'',455,'2016-06-17 03:14:04'),
	(24,'新年，一起下厨吧',2,NULL,'news24s.jpg','news24.jpg','news24m.jpg','2016-01-01','厨房，不再是辛苦劳作的地方，更是家人们情感交流的空间。',1,'',177,'2016-06-25 19:49:03'),
	(27,'时尚六月鲜，开创新春纪念装',2,NULL,'news27s.jpg','news27.jpg','news27m.jpg','2012-01-01','时尚创新，就是为时尚早。六月鲜，要做最时尚的酱油。',1,'',13,'2016-06-26 01:47:01'),
	(26,'下厨的男人很sexy',2,NULL,'news26s.jpg','news26.jpg','news26m.jpg','2015-03-08','女神节，让我用一道美食来表达我的爱。',1,'',117,'2016-06-25 21:28:50'),
	(28,'你知道我在关心你吗？',2,NULL,'news28s.jpg','news28.jpg','news28m.jpg','2015-05-01','黄飞红麻辣花生,告别乏味单调午餐，功夫美味，对味更对“胃”',1,'',35,'2016-08-10 02:17:52'),
	(29,'这一刻，无可取代',2,NULL,'news29s.jpg','news29.jpg','news29m.jpg','2015-10-01','吃货的世界，没有完美，只有经典；不将就的态度，像黄飞红一样',1,'',72,'2016-08-10 05:07:14'),
	(30,'生活不只有眼前的苟且，还有诗和远方',2,NULL,'news30s.jpg','news30.jpg','news30m.jpg','2016-05-01','如果你害怕踏出第一步，将始终担惊受怕，练足功夫，走出第一步！',1,'',138,'2016-08-10 05:17:57'),
	(31,'泡醋，让你爱上吃醋',2,NULL,'news31s.jpg','news31.jpg','news31m.jpg','2013-09-01','当醯官醋遇到果蔬粮食和花草，萃取营养精华，让你爱上吃醋。',1,'',10,'2016-08-12 22:39:31'),
	(32,'醯官醋，可以喝的原浆米醋',2,NULL,'news32s.jpg','news32.jpg','news32m.jpg','2013-03-01','醋不只是简单的调味品，可以让你变得美丽、自信，制作美味饮品。',1,'',10,'2016-08-12 22:53:04'),
	(33,'醯官原浆醋，喝出最美的自己',2,NULL,'news33s.jpg','news33.jpg','news33m.jpg','2014-03-01','醋不只是简单的调味品，可以让你变得美丽、自信，制作美味饮品。',1,'',9,'2016-08-12 23:08:33'),
	(34,'多彩夏日，泡醋喝吧',2,NULL,'news34s.jpg','news34.jpg','news34m.jpg','2015-07-01','醯官和水果撞击出的缤纷果醋，才是夏天的味道',1,'',38,'2016-08-12 23:13:21'),
	(35,'与闺蜜分享美丽秘密',2,NULL,'news35s.jpg','news35.jpg','news35m.jpg','2015-03-01','闺蜜的意义大概就是所有的美好都要和彼此分享',1,'',13,'2016-08-12 23:17:52'),
	(36,'秋，是等待后成熟',2,NULL,'news36s.jpg','news36.jpg','news36m.jpg','2015-09-01','我们用心酿醋，用最真的醯官醋感悟秋天的成熟。',1,'',49,'2016-08-12 23:21:21'),
	(37,'三月女人 喝出无添加的美',2,NULL,'news37s.jpg','news37.jpg','news37m.jpg','2016-03-01','醯官原浆只与时间合作，重现醋的本来滋味。',1,'',83,'2016-08-12 23:26:44'),
	(38,'泡醋喝吧，苦夏变酷夏',2,NULL,'news38s.jpg','news38.jpg','news38m.jpg','2016-07-01','天儿太热，没食欲。NO! 跟着醯官泡醋喝，让你苦夏变酷夏！',1,'',179,'2016-08-12 23:28:00'),
	(40,'醋养盛夏',2,NULL,'news40s.jpg','news40.jpg','news40m.jpg','2016-07-01','用自然的食材，酿制盛夏的芬芳',1,'',97,'2016-08-13 05:08:44'),
	(41,'禾然有机，自然心意',2,NULL,'news41s.jpg','news41.jpg','news41m.jpg','2012-07-01','地球是一个柔和的生命体。无添加，不妄为,这就是有机。',1,'',18,'2016-08-13 05:16:47'),
	(42,'禾然有机四季篇',2,NULL,'news42s.jpg','news42.jpg','news42m.jpg','2013-01-01','春机、夏悦、秋实、冬蕴，四季赋予我们取之不尽的丰饶与滋养',1,'',25,'2016-08-13 05:26:43'),
	(43,'有机让我们与地球共同健康',2,NULL,'news43s.jpg','news43.jpg','news43m.jpg','2015-11-17','禾然有机践行社会责任，不断宣传和倡导全球领先的有机生活理念。',2,'图片需要重新设计',24,'2016-08-13 05:35:21'),
	(44,'有机、有心意',2,NULL,'news44s.jpg','news44.jpg','news44m.jpg','2016-08-01','有机，有心意，助力哈尼族小朋友图书梦',2,'图片需要重新设计',17,'2016-08-13 05:50:11'),
	(46,'有机让我们与地球共同健康',2,NULL,'news46s.jpg','news46.jpg','news46m.jpg','2015-11-17','禾然有机践行社会责任，不断宣传和倡导全球领先的有机生活理念。',1,'',43,'2016-08-16 01:43:40'),
	(47,'有机、有心意',2,NULL,'news47s.jpg','news47.jpg','news47m.jpg','2016-08-01','有机，有心意，助力哈尼族小朋友图书梦',1,'',131,'2016-08-16 01:51:18'),
	(48,'随心而行',2,NULL,'news48s.jpg','news48.jpg','news48m.jpg','2015-04-01','旅行的方向是遵循心灵的归属',1,'',15,'2016-08-20 05:17:10'),
	(49,'简烹生活',2,NULL,'news49s.jpg','news49.jpg','news49m.jpg','2015-04-01','“简烹”，用简约的烹饪方式，享受食物的本源真味。',1,'',13,'2016-08-20 06:03:17'),
	(55,'六月鲜作为一瓶酱油，竟然混进了时尚圈',1,NULL,'news55s.jpg','news55.jpg','news55m.jpg','2016-02-29','酱油穿上围裙，玩转时尚圈。',1,'',79,'2016-08-27 22:03:44'),
	(51,'说着玩的 Just say say',2,NULL,'news51s.jpg','news51.jpg','news51m.jpg','2014-11-01','我喜欢这个世界的美妙，有所思“说着玩的”，说好玩的！',2,NULL,2,'2016-08-23 02:04:12'),
	(54,'“欣和杯”马拉松赛成功举办，欣和用行动传递健康理念',1,NULL,'news54s.jpg','news54.jpg','news54m.jpg','2016-04-04','欣和，像跑马拉松，坚持自己的事业，传递健康的生活理念。',1,'',93,'2016-08-27 21:53:31'),
	(58,'政协委员姜军武：致力于打造欣和“食品安全的捍卫者”',1,NULL,'news58s.jpg','news58.jpg','news58m.jpg','2016-02-19','民以食为天，食以安为先。欣和，从饮食生态入手，推动食安中国。',1,'',109,'2016-08-27 23:01:20'),
	(59,'欣和：改善饮食生态，勇做食品安全卫士',1,NULL,'news59s.jpg','news59.jpg','news59m.jpg','2016-01-01','欣和严把产品质量关，勇做人们食品安全卫士',1,'',61,'2016-08-30 21:41:40'),
	(60,'欣和将亮相“十六届中国方便食品大会暨方便食品展”',4,NULL,'news60s.jpg','news60.jpg','news60m.jpg','2016-08-30','欣和企业以新形象亮相方便食品展，体现待世界如家人的理念',1,'',193,'2016-08-30 23:11:05'),
	(61,'两小时通过美国FDA检查，欣和值得信赖',3,NULL,'news61s.jpg','news61.jpg','news61m.jpg','2016-08-30','欣和旗下三家工厂全面通过FDA检查，审查结果得到专家一致好评',1,'',284,'2016-09-01 02:06:07'),
	(62,'欣和企业启用全新LOGO打造值得信赖的饮食新生态',1,NULL,'news62s.jpg','news62.jpg','news62m.jpg','2016-03-10','欣和公布新LOGO和，传达待世界如家人的理念。',1,'',95,'2016-09-02 07:16:42'),
	(63,'烹饪热血 橘色欣战衣',3,NULL,'news63s.jpg','news63.jpg','news63m.jpg','2016-03-09','欣和订制首款私人订制厨师服，打破传统厨师服单调的黑白',1,'',72,'2016-09-02 07:27:23'),
	(64,'用爱的方程式，搭建阳光少年之家',3,NULL,'news64s.jpg','news64.jpg','news64m.jpg','2016-09-02','更多爱等于传递爱，是爱的方程式',1,'',176,'2016-09-02 23:59:35'),
	(65,'欣和举办第一届大学生创新性研究竞赛',1,NULL,'news65s.jpg','news65.jpg','news65m.jpg','2015-08-28','欣和举办首届大学生创新竞赛，共同探讨未来食品业的发展',1,'',48,'2016-09-05 21:29:29'),
	(66,'更多爱=传递爱 感恩节 欣和携厨界大师传承中国美学',1,NULL,'news66s.jpg','news66.jpg','news66m.jpg','2015-12-02','感恩节，欣和携手各位厨届泰斗，传递爱，待世界如家人。',2,'图片需要替换',23,'2016-09-07 04:26:42'),
	(67,'爱大厨携调味品牌欣和玩跨界营销',1,NULL,'news67s.jpg','news67.jpg','news67m.jpg','2015-10-12','中秋，欣和携手爱大厨，开展大型送家宴福利活动',1,'',26,'2016-09-07 04:50:55'),
	(68,'欣和持续创新，获世界食品科技大会“主席特别奖”',4,NULL,'news68s.jpg','news68.jpg','news68m.jpg','2014-09-15','欣和获IUFoST“主席特别奖”,在创新道路上创造行业新品质',1,'',46,'2016-09-07 05:14:46'),
	(69,'知味安阳，让味，达美',2,NULL,'news69s.jpg','news69.jpg','news69m.jpg','2016-09-08','味达美开启知味之旅，第一站河南安阳',1,'',204,'2016-09-10 02:09:40'),
	(70,'第24届中国厨师节烟台举行 味道美学助力餐饮中国梦',1,NULL,'news70s.jpg','news70.jpg','news70m.jpg','2014-06-01','第24届中国厨师节，欣和致力于中国味达美，启航餐饮中国梦',1,'',24,'2016-09-10 23:17:34'),
	(71,'各色春饼齐聚烟台，挑战全球最大春饼吉尼斯纪录',1,NULL,'news71s.jpg','news71.jpg','news71m.jpg','2014-05-30','欣和葱伴侣原酿酱作为蘸食的最佳伴侣，参与挑战吉尼斯纪录',1,'',24,'2016-09-11 02:15:35'),
	(73,'烟台欣和企业参与植树造林，改善生活品质',1,NULL,'news73s.jpg','news73.jpg','news73m.jpg','2016-03-12','欣和致力于环境保护，用实际行动践行绿色公益',1,'',27,'2016-09-22 06:07:19'),
	(74,'公益红包，让更多的爱，在毕节落地生根',3,NULL,'news74s.jpg','news74.jpg','news74m.jpg','2016-09-21','公益红包落地生根，欣和志愿者见证了爱的传递',1,'',123,'2016-09-23 02:45:55'),
	(78,'一瓶酱油的独白',1,NULL,'news78s.jpg','news78.jpg','news78m.jpg','2015-04-18','酱油穿上围裙，变身美丽厨娘',1,'',9,'2016-09-24 20:43:14'),
	(77,'更多爱=传递爱 欣和携手厨界大师传承中国美学',1,NULL,'news77s.jpg','news77.jpg','news77m.jpg','2015-12-02','感恩节，欣和携手各位厨届泰斗传递爱，体现待世界如家人。',1,'',19,'2016-09-24 04:01:50'),
	(79,'到访“欣和体验馆”，融入“社会大课堂”',1,NULL,'news79s.jpg','news79.jpg','news79m.jpg','2016-07-21','欣和爱生活体验馆，让孩子习得健康的饮食理念，并传承下去',1,'',106,'2016-09-27 06:26:08'),
	(80,'第七届中国食品安全论坛举办 欣和副总姜军武发表演讲',4,NULL,'news80s.jpg','news80.jpg','news80m.jpg','2015-06-19','第七届中国食品安全论坛召开，欣和传播健康生活理念',1,'',32,'2016-09-28 05:02:38'),
	(81,'打动外交官味蕾 欣和开启舌尖上的外交',1,NULL,'news81s.jpg','news81.jpg','news81m.jpg','2015-12-03','十八国外交官共聚烹饪大赛，分享世界的味道',1,'',17,'2016-10-09 02:00:33'),
	(82,'创意美食再现江南，“欣和杯”创意软罐头大赛圆满落幕',3,NULL,'news82s.jpg','news82.jpg','news82m.jpg','2016-09-25','欣和企业与江南大学联手，上演创意与美食的邂逅 ',1,'',205,'2016-10-12 01:45:06'),
	(83,'亚洲食品添加剂展览会在沪召开 欣和食品获赞',4,NULL,'news83s.jpg','news83.jpg','news83m.jpg','2015-04-03','欣和亮相第十九届亚洲食品添加剂展，明星产品吸引各界眼球',1,'',33,'2016-10-14 01:41:46'),
	(84,'群英荟萃泉城，共鉴欣和名厨菜品交流会 ',3,NULL,'news84s.jpg','news84.jpg','news84m.jpg','2016-08-03','名厨菜品交流会隆重召开，欣和传递“健康的吃，吃的健康”的理念',1,'',30,'2016-10-27 22:54:30'),
	(85,'六月鲜，八个城市上演“把简单的事情用心做好”',2,NULL,'news85s.jpg','news85.jpg','news85m.jpg','2016-06-01','六月鲜用心酿造每瓶酱油，在八大城市开启酱油体验之旅',1,'',25,'2016-10-28 05:15:10'),
	(86,'欣和诚邀您参加第二十一届中国国际渔博会',4,NULL,'news86s.jpg','news86.jpg','news86m.jpg','2016-11-02','11月2日，欣和将亮相第二十一届中国国际渔博会',1,'',77,'2016-11-05 22:19:54'),
	(87,'中央侨办考察“烟台侨梦苑”，欣和集团获高度好评',3,NULL,'news87s.jpg','news87.jpg','news87m.jpg','2016-10-19','中央侨办考察烟台“桥梦苑”项目，欣和用行动荣获高度评价',2,NULL,1,'2016-11-10 02:26:39'),
	(88,'“围”有一心，才有这一味',2,NULL,'news88s.jpg','news88.jpg','news88m.jpg','2016-11-11','专注让围裙变成了衣裳，酱油的污渍则是用心的勋章',1,'',103,'2016-11-11 22:38:37'),
	(89,'欣和亮相第十二届中国（国际）调味品及食品配料博览会',4,NULL,'news89s.jpg','news89.jpg','news89m.jpg','2016-11-30','2016年11月30，欣和与您相约第12届中国调味品展',1,'',107,'2016-11-22 05:27:12');

/*!40000 ALTER TABLE `xxx_newslist` ENABLE KEYS */;
UNLOCK TABLES;



/*!40111 SET SQL_NOTES=@OLD_SQL_NOTES */;
/*!40101 SET SQL_MODE=@OLD_SQL_MODE */;
/*!40014 SET FOREIGN_KEY_CHECKS=@OLD_FOREIGN_KEY_CHECKS */;
/*!40101 SET CHARACTER_SET_CLIENT=@OLD_CHARACTER_SET_CLIENT */;
/*!40101 SET CHARACTER_SET_RESULTS=@OLD_CHARACTER_SET_RESULTS */;
/*!40101 SET COLLATION_CONNECTION=@OLD_COLLATION_CONNECTION */;
